id,vehicle_id,maintenance_date,maintenance_type,kind,odometer_km,cost_pkr,downtime_days,notes
1,1,2023-01-19,Oil Change,Preventive,107125,6710.0,0,Oil Change at 107125 km
2,1,2023-02-01,Tire Rotation,Preventive,108276,4990.0,0,Tire Rotation at 108276 km
3,1,2023-03-21,Air Filter,Preventive,117460,4350.0,0,Air Filter at 117460 km
4,1,2023-03-31,Alignment,Preventive,118448,4930.0,0,Alignment at 118448 km
5,1,2023-04-05,Brake Inspection,Preventive,119337,18480.0,0,Brake Inspection at 119337 km
6,1,2023-04-10,Oil Change,Preventive,119980,16460.0,0,Oil Change at 119980 km
7,1,2023-04-26,Tire Rotation,Preventive,123422,1950.0,0,Tire Rotation at 123422 km
8,1,2023-04-30,Coolant Flush,Preventive,124075,7520.0,0,Coolant Flush at 124075 km
9,1,2023-05-05,Engine Tune-Up,Preventive,125483,24640.0,0,Engine Tune-Up at 125483 km
10,1,2023-06-10,Transmission Service,Preventive,131316,50210.0,0,Transmission Service at 131316 km
11,1,2023-06-21,Oil Change,Preventive,133371,17230.0,0,Oil Change at 133371 km
12,1,2023-07-05,Tire Rotation,Preventive,136142,3680.0,0,Tire Rotation at 136142 km
13,1,2023-07-08,Air Filter,Preventive,136511,4960.0,0,Air Filter at 136511 km
14,1,2023-07-13,Wiper Replacement,Preventive,137326,5530.0,0,Wiper Replacement at 137326 km
15,1,2023-09-05,Oil Change,Preventive,147099,14330.0,0,Oil Change at 147099 km
16,1,2023-09-07,Brake Inspection,Preventive,147333,26820.0,0,Brake Inspection at 147333 km
17,1,2023-09-08,Alignment,Preventive,147333,5380.0,0,Alignment at 147333 km
18,1,2023-09-20,Tire Rotation,Preventive,148929,3930.0,0,Tire Rotation at 148929 km
19,1,2023-10-29,Air Filter,Preventive,157145,4150.0,0,Air Filter at 157145 km
20,1,2023-11-15,Oil Change,Preventive,160298,13990.0,0,Oil Change at 160298 km
21,1,2023-11-29,Tire Rotation,Preventive,163155,4240.0,0,Tire Rotation at 163155 km
22,1,2023-12-04,Engine Tune-Up,Preventive,163722,36320.0,0,Engine Tune-Up at 163722 km
23,1,2024-01-31,Oil Change,Preventive,173546,13450.0,0,Oil Change at 173546 km
24,1,2024-02-01,Brake Inspection,Preventive,173546,21300.0,0,Brake Inspection at 173546 km
25,1,2024-02-18,Alignment,Preventive,175080,5190.0,0,Alignment at 175080 km
26,1,2024-03-01,Tire Rotation,Preventive,177464,3460.0,0,Tire Rotation at 177464 km
27,1,2024-03-03,Air Filter,Preventive,177702,4070.0,0,Air Filter at 177702 km
28,1,2024-03-07,Coolant Flush,Preventive,178223,8530.0,0,Coolant Flush at 178223 km
29,1,2024-03-09,Battery Replacement,Preventive,178717,70680.0,0,Battery Replacement at 178717 km
30,1,2024-04-26,Oil Change,Preventive,187593,11700.0,0,Oil Change at 187593 km
31,1,2024-05-10,Tire Rotation,Preventive,190261,2280.0,0,Tire Rotation at 190261 km
32,1,2024-06-16,Air Filter,Preventive,196820,8090.0,0,Air Filter at 196820 km
33,1,2024-06-30,Oil Change,Preventive,200371,12210.0,0,Oil Change at 200371 km
34,1,2024-07-03,Brake Inspection,Preventive,200696,15000.0,0,Brake Inspection at 200696 km
35,1,2024-07-06,Alignment,Preventive,201169,5680.0,0,Alignment at 201169 km
36,1,2024-07-10,Engine Tune-Up,Preventive,201746,25880.0,0,Engine Tune-Up at 201746 km
37,1,2024-07-21,Tire Rotation,Preventive,203697,2860.0,0,Tire Rotation at 203697 km
38,1,2024-08-10,Transmission Service,Preventive,207355,87120.0,0,Transmission Service at 207355 km
39,1,2024-08-31,Wiper Replacement,Preventive,212362,3380.0,0,Wiper Replacement at 212362 km
40,1,2024-09-05,Oil Change,Preventive,213639,12540.0,0,Oil Change at 213639 km
41,1,2024-09-20,Air Filter,Preventive,215983,8100.0,0,Air Filter at 215983 km
42,1,2024-09-24,Tire Rotation,Preventive,216428,5230.0,0,Tire Rotation at 216428 km
43,1,2024-11-08,Engine Failure,Breakdown,225988,216080.0,3,Engine Failure at 225988 km
44,1,2024-12-01,Oil Change,Preventive,230260,11080.0,0,Oil Change at 230260 km
45,1,2024-12-06,Tire Rotation,Preventive,231232,5000.0,0,Tire Rotation at 231232 km
46,1,2024-12-08,Brake Inspection,Preventive,231232,23540.0,0,Brake Inspection at 231232 km
47,1,2024-12-10,Alignment,Preventive,231365,6470.0,0,Alignment at 231365 km
48,1,2024-12-16,Coolant Flush,Preventive,232264,8960.0,0,Coolant Flush at 232264 km
49,1,2025-01-02,Air Filter,Preventive,235167,6670.0,0,Air Filter at 235167 km
50,1,2025-02-12,Oil Change,Preventive,243083,13590.0,0,Oil Change at 243083 km
51,1,2025-02-23,Tire Rotation,Preventive,244823,3800.0,0,Tire Rotation at 244823 km
52,1,2025-03-15,Transmission Failure,Breakdown,249292,359190.0,3,Transmission Failure at 249292 km
53,1,2025-04-12,Transmission Failure,Breakdown,253796,411810.0,6,Transmission Failure at 253796 km
54,1,2025-04-22,Air Filter,Preventive,254649,9450.0,0,Air Filter at 254649 km
55,1,2025-04-30,Oil Change,Preventive,255851,26280.0,0,Oil Change at 255851 km
56,1,2025-05-04,Brake Inspection,Preventive,256624,23640.0,0,Brake Inspection at 256624 km
57,1,2025-05-06,Alignment,Preventive,257154,4540.0,0,Alignment at 257154 km
58,1,2025-05-21,Tire Rotation,Preventive,259008,4760.0,0,Tire Rotation at 259008 km
59,1,2025-06-12,Engine Tune-Up,Preventive,264604,25480.0,0,Engine Tune-Up at 264604 km
60,1,2025-07-09,Oil Change,Preventive,270289,18340.0,0,Oil Change at 270289 km
61,1,2025-07-20,Tire Rotation,Preventive,272108,2860.0,0,Tire Rotation at 272108 km
62,1,2025-08-08,Air Filter,Preventive,275041,9340.0,0,Air Filter at 275041 km
63,1,2025-08-21,Brake Failure,Breakdown,277373,77630.0,8,Brake Failure at 277373 km
64,1,2025-09-22,Oil Change,Preventive,282980,20800.0,0,Oil Change at 282980 km
65,1,2025-09-25,Alignment,Preventive,282980,4510.0,0,Alignment at 282980 km
66,1,2025-09-30,Coolant Flush,Preventive,283230,10480.0,0,Coolant Flush at 283230 km
67,1,2025-10-08,Tire Rotation,Preventive,284882,5370.0,0,Tire Rotation at 284882 km
68,1,2025-10-26,Wiper Replacement,Preventive,288021,2600.0,0,Wiper Replacement at 288021 km
69,1,2025-11-22,Air Filter,Preventive,294413,6650.0,0,Air Filter at 294413 km
70,1,2025-12-01,Oil Change,Preventive,296354,22330.0,0,Oil Change at 296354 km
71,1,2025-12-10,Tire Rotation,Preventive,298036,3580.0,0,Tire Rotation at 298036 km
72,1,2025-12-31,Brake Inspection,Preventive,302762,25340.0,0,Brake Inspection at 302762 km
73,2,2023-01-17,Tire Rotation,Preventive,116129,4700.0,0,Tire Rotation at 116129 km
74,2,2023-02-04,Brake Inspection,Preventive,118930,31410.0,0,Brake Inspection at 118930 km
75,2,2023-03-12,Oil Change,Preventive,124927,14370.0,0,Oil Change at 124927 km
76,2,2023-03-26,Air Filter,Preventive,127781,3920.0,0,Air Filter at 127781 km
77,2,2023-03-28,Tire Rotation,Preventive,127979,3020.0,0,Tire Rotation at 127979 km
78,2,2023-03-29,Engine Tune-Up,Preventive,127979,47660.0,0,Engine Tune-Up at 127979 km
79,2,2023-04-10,Wiper Replacement,Preventive,129857,2200.0,0,Wiper Replacement at 129857 km
80,2,2023-04-16,Battery Replacement,Preventive,130691,39670.0,0,Battery Replacement at 130691 km
81,2,2023-04-19,Alignment,Preventive,131326,4870.0,0,Alignment at 131326 km
82,2,2023-05-17,Oil Change,Preventive,136849,18240.0,0,Oil Change at 136849 km
83,2,2023-06-04,Tire Rotation,Preventive,139954,3540.0,0,Tire Rotation at 139954 km
84,2,2023-06-17,Brake Inspection,Preventive,142827,14040.0,0,Brake Inspection at 142827 km
85,2,2023-07-03,Air Filter,Preventive,145563,4880.0,0,Air Filter at 145563 km
86,2,2023-07-18,Oil Change,Preventive,149659,12230.0,0,Oil Change at 149659 km
87,2,2023-08-04,Tire Rotation,Preventive,152432,3140.0,0,Tire Rotation at 152432 km
88,2,2023-08-08,Coolant Flush,Preventive,153008,5400.0,0,Coolant Flush at 153008 km
89,2,2023-08-15,Alignment,Preventive,155065,4770.0,0,Alignment at 155065 km
90,2,2023-09-26,Oil Change,Preventive,162943,16480.0,0,Oil Change at 162943 km
91,2,2023-10-14,Tire Rotation,Preventive,166670,2300.0,0,Tire Rotation at 166670 km
92,2,2023-10-27,Brake Inspection,Preventive,169584,11720.0,0,Brake Inspection at 169584 km
93,2,2023-11-01,Air Filter,Preventive,170216,6500.0,0,Air Filter at 170216 km
94,2,2023-11-03,Engine Tune-Up,Preventive,170436,38150.0,0,Engine Tune-Up at 170436 km
95,2,2023-11-04,Transmission Service,Preventive,170436,72500.0,0,Transmission Service at 170436 km
96,2,2023-11-28,Oil Change,Preventive,174920,17140.0,0,Oil Change at 174920 km
97,2,2023-12-17,Tire Rotation,Preventive,178681,2800.0,0,Tire Rotation at 178681 km
98,2,2023-12-18,Alignment,Preventive,178681,5420.0,0,Alignment at 178681 km
99,2,2024-02-06,Oil Change,Preventive,186751,18040.0,0,Oil Change at 186751 km
100,2,2024-02-17,Air Filter,Preventive,188772,3540.0,0,Air Filter at 188772 km
101,2,2024-02-28,Tire Rotation,Preventive,190710,2670.0,0,Tire Rotation at 190710 km
102,2,2024-03-22,Brake Inspection,Preventive,195927,27950.0,0,Brake Inspection at 195927 km
103,2,2024-04-09,Oil Change,Preventive,200139,16150.0,0,Oil Change at 200139 km
104,2,2024-04-11,Coolant Flush,Preventive,200393,8220.0,0,Coolant Flush at 200393 km
105,2,2024-04-26,Tire Rotation,Preventive,202803,2580.0,0,Tire Rotation at 202803 km
106,2,2024-04-30,Alignment,Preventive,203419,6760.0,0,Alignment at 203419 km
107,2,2024-05-12,Wiper Replacement,Preventive,205532,2800.0,0,Wiper Replacement at 205532 km
108,2,2024-05-16,Engine Tune-Up,Preventive,205930,33160.0,0,Engine Tune-Up at 205930 km
109,2,2024-06-03,Air Filter,Preventive,210618,4330.0,0,Air Filter at 210618 km
110,2,2024-06-14,Oil Change,Preventive,212000,22350.0,0,Oil Change at 212000 km
111,2,2024-07-01,Tire Rotation,Preventive,214778,3790.0,0,Tire Rotation at 214778 km
112,2,2024-07-27,Brake Inspection,Preventive,219670,17820.0,0,Brake Inspection at 219670 km
113,2,2024-08-22,Oil Change,Preventive,224128,16610.0,0,Oil Change at 224128 km
114,2,2024-09-14,Tire Rotation,Preventive,229036,3340.0,0,Tire Rotation at 229036 km
115,2,2024-09-18,Air Filter,Preventive,229142,7190.0,0,Air Filter at 229142 km
116,2,2024-09-20,Alignment,Preventive,229286,5520.0,0,Alignment at 229286 km
117,2,2024-10-26,Oil Change,Preventive,236657,15720.0,0,Oil Change at 236657 km
118,2,2024-11-14,Brake Failure,Breakdown,239424,75750.0,1,Brake Failure at 239424 km
119,2,2024-11-23,Tire Rotation,Preventive,241483,3110.0,0,Tire Rotation at 241483 km
120,2,2024-12-05,Engine Tune-Up,Preventive,243506,32750.0,0,Engine Tune-Up at 243506 km
121,2,2024-12-06,Transmission Service,Preventive,243506,63670.0,0,Transmission Service at 243506 km
122,2,2025-01-01,Oil Change,Preventive,249625,17850.0,0,Oil Change at 249625 km
123,2,2025-01-05,Air Filter,Preventive,250397,4980.0,0,Air Filter at 250397 km
124,2,2025-01-08,Coolant Flush,Preventive,250985,11340.0,0,Coolant Flush at 250985 km
125,2,2025-01-20,Tire Rotation,Preventive,253577,3130.0,0,Tire Rotation at 253577 km
126,2,2025-01-22,Alignment,Preventive,254249,5960.0,0,Alignment at 254249 km
127,2,2025-02-27,Oil Change,Preventive,261486,20550.0,0,Oil Change at 261486 km
128,2,2025-03-14,Brake Inspection,Preventive,263805,18950.0,0,Brake Inspection at 263805 km
129,2,2025-03-22,Tire Rotation,Preventive,265568,3650.0,0,Tire Rotation at 265568 km
130,2,2025-03-28,Battery Replacement,Preventive,266582,60000.0,0,Battery Replacement at 266582 km
131,2,2025-04-11,Engine Failure,Breakdown,268842,114670.0,4,Engine Failure at 268842 km
132,2,2025-04-20,Air Filter,Preventive,269632,5990.0,0,Air Filter at 269632 km
133,2,2025-04-21,Engine Failure,Breakdown,269942,488050.0,1,Engine Failure at 269942 km
134,2,2025-05-13,Oil Change,Preventive,273424,16930.0,0,Oil Change at 273424 km
135,2,2025-05-29,Tire Rotation,Preventive,277489,4510.0,0,Tire Rotation at 277489 km
136,2,2025-06-03,Alignment,Preventive,278342,9620.0,0,Alignment at 278342 km
137,2,2025-06-16,Wiper Replacement,Preventive,281160,3510.0,0,Wiper Replacement at 281160 km
138,2,2025-07-10,Overheating,Breakdown,285730,64340.0,12,Overheating at 285730 km
139,2,2025-07-23,Oil Change,Preventive,285730,15340.0,0,Oil Change at 285730 km
140,2,2025-08-09,Brake Inspection,Preventive,288358,26290.0,0,Brake Inspection at 288358 km
141,2,2025-08-26,Tire Rotation,Preventive,291738,5340.0,0,Tire Rotation at 291738 km
142,2,2025-08-30,Air Filter,Preventive,292374,8630.0,0,Air Filter at 292374 km
143,2,2025-09-30,Oil Change,Preventive,297759,22570.0,0,Oil Change at 297759 km
144,2,2025-10-23,Alignment,Preventive,302117,5990.0,0,Alignment at 302117 km
145,2,2025-11-06,Tire Rotation,Preventive,304429,3180.0,0,Tire Rotation at 304429 km
146,2,2025-11-18,Engine Tune-Up,Preventive,307408,27490.0,0,Engine Tune-Up at 307408 km
147,2,2025-12-01,Oil Change,Preventive,309850,17100.0,0,Oil Change at 309850 km
148,2,2025-12-04,Air Filter,Preventive,310537,9620.0,0,Air Filter at 310537 km
149,2,2025-12-17,Brake Inspection,Preventive,312415,20570.0,0,Brake Inspection at 312415 km
150,2,2025-12-27,Transmission Service,Preventive,314345,62930.0,0,Transmission Service at 314345 km
151,3,2023-02-16,Lubrication Failure,Breakdown,35887,108430.0,3,Lubrication Failure at 35887 km
152,3,2023-03-17,Tire Rotation,Preventive,42032,2770.0,0,Tire Rotation at 42032 km
153,3,2023-03-20,Air Filter,Preventive,42929,6600.0,0,Air Filter at 42929 km
154,3,2023-04-11,Alignment,Preventive,47907,6590.0,0,Alignment at 47907 km
155,3,2023-04-26,Brake Failure,Breakdown,50647,38770.0,8,Brake Failure at 50647 km
156,3,2023-05-19,Brake Failure,Breakdown,53460,96710.0,5,Brake Failure at 53460 km
157,3,2023-06-03,Oil Change,Preventive,55732,17670.0,0,Oil Change at 55732 km
158,3,2023-06-29,Tire Rotation,Preventive,62101,3490.0,0,Tire Rotation at 62101 km
159,3,2023-07-29,Overheating,Breakdown,68015,47250.0,3,Overheating at 68015 km
160,3,2023-08-04,Engine Tune-Up,Preventive,68340,33590.0,0,Engine Tune-Up at 68340 km
161,3,2023-08-23,Air Filter,Preventive,72086,5810.0,0,Air Filter at 72086 km
162,3,2023-09-12,Oil Change,Preventive,76119,13380.0,0,Oil Change at 76119 km
163,3,2023-10-16,Tire Rotation,Preventive,83202,3440.0,0,Tire Rotation at 83202 km
164,3,2023-10-28,Alignment,Preventive,85265,5690.0,0,Alignment at 85265 km
165,3,2023-11-02,Brake Failure,Breakdown,86405,91940.0,2,Brake Failure at 86405 km
166,3,2023-12-01,Lubrication Failure,Breakdown,92566,30720.0,2,Lubrication Failure at 92566 km
167,3,2024-01-18,Tire Rotation,Preventive,101966,2550.0,0,Tire Rotation at 101966 km
168,3,2024-01-26,Air Filter,Preventive,102785,5280.0,0,Air Filter at 102785 km
169,3,2024-02-20,Wiper Replacement,Preventive,108737,3200.0,0,Wiper Replacement at 108737 km
170,3,2024-02-26,Transmission Failure,Breakdown,110174,360630.0,2,Transmission Failure at 110174 km
171,3,2024-03-04,Oil Change,Preventive,111243,16690.0,0,Oil Change at 111243 km
172,3,2024-03-19,Overheating,Breakdown,114420,72740.0,3,Overheating at 114420 km
173,3,2024-03-25,Engine Failure,Breakdown,114995,249630.0,6,Engine Failure at 114995 km
174,3,2024-04-27,Tire Rotation,Preventive,120378,5130.0,0,Tire Rotation at 120378 km
175,3,2024-05-06,Alignment,Preventive,122240,5240.0,0,Alignment at 122240 km
176,3,2024-05-11,Brake Inspection,Preventive,123293,24610.0,0,Brake Inspection at 123293 km
177,3,2024-06-16,Oil Change,Preventive,130076,20290.0,0,Oil Change at 130076 km
178,3,2024-06-25,Air Filter,Preventive,131144,5690.0,0,Air Filter at 131144 km
179,3,2024-08-07,Tire Rotation,Preventive,138955,3430.0,0,Tire Rotation at 138955 km
180,3,2024-09-28,Lubrication Failure,Breakdown,149898,74380.0,3,Lubrication Failure at 149898 km
181,3,2024-11-01,Overheating,Breakdown,156226,162550.0,4,Overheating at 156226 km
182,3,2024-11-18,Tire Rotation,Preventive,157473,3440.0,0,Tire Rotation at 157473 km
183,3,2024-12-03,Brake Inspection,Preventive,160157,26260.0,0,Brake Inspection at 160157 km
184,3,2024-12-08,Air Filter,Preventive,161202,8750.0,0,Air Filter at 161202 km
185,3,2024-12-12,Alignment,Preventive,162170,5510.0,0,Alignment at 162170 km
186,3,2024-12-24,Engine Failure,Breakdown,165199,258800.0,2,Engine Failure at 165199 km
187,3,2025-01-14,Oil Change,Preventive,168564,19950.0,0,Oil Change at 168564 km
188,3,2025-02-19,Tire Rotation,Preventive,176157,4170.0,0,Tire Rotation at 176157 km
189,3,2025-04-14,Oil Change,Preventive,187608,25240.0,0,Oil Change at 187608 km
190,3,2025-04-19,Air Filter,Preventive,188793,3900.0,0,Air Filter at 188793 km
191,3,2025-05-19,Transmission Failure,Breakdown,194306,154310.0,2,Transmission Failure at 194306 km
192,3,2025-05-23,Tire Rotation,Preventive,194798,2480.0,0,Tire Rotation at 194798 km
193,3,2025-05-28,Brake Failure,Breakdown,195817,186960.0,3,Brake Failure at 195817 km
194,3,2025-06-02,Battery Replacement,Preventive,195817,35280.0,0,Battery Replacement at 195817 km
195,3,2025-06-21,Alignment,Preventive,199451,6340.0,0,Alignment at 199451 km
196,3,2025-07-18,Oil Change,Preventive,206033,13560.0,0,Oil Change at 206033 km
197,3,2025-07-23,Wiper Replacement,Preventive,206334,2620.0,0,Wiper Replacement at 206334 km
198,3,2025-08-27,Tire Rotation,Preventive,213293,3460.0,0,Tire Rotation at 213293 km
199,3,2025-09-16,Overheating,Breakdown,216623,125000.0,2,Overheating at 216623 km
200,3,2025-09-19,Air Filter,Preventive,216623,5380.0,0,Air Filter at 216623 km
201,3,2025-09-20,Brake Failure,Breakdown,216957,113740.0,2,Brake Failure at 216957 km
202,3,2025-10-07,Engine Tune-Up,Preventive,220694,32260.0,0,Engine Tune-Up at 220694 km
203,3,2025-11-02,Oil Change,Preventive,225167,19950.0,0,Oil Change at 225167 km
204,3,2025-12-10,Tire Rotation,Preventive,233483,2730.0,0,Tire Rotation at 233483 km
205,4,2023-02-02,Oil Change,Preventive,108720,11970.0,0,Oil Change at 108720 km
206,4,2023-02-03,Tire Rotation,Preventive,108720,4120.0,0,Tire Rotation at 108720 km
207,4,2023-03-05,Brake Inspection,Preventive,117182,20550.0,0,Brake Inspection at 117182 km
208,4,2023-03-09,Air Filter,Preventive,117758,5650.0,0,Air Filter at 117758 km
209,4,2023-04-24,Oil Change,Preventive,126620,16110.0,0,Oil Change at 126620 km
210,4,2023-05-05,Tire Rotation,Preventive,128676,3100.0,0,Tire Rotation at 128676 km
211,4,2023-06-07,Alignment,Preventive,133740,7960.0,0,Alignment at 133740 km
212,4,2023-06-13,Engine Tune-Up,Preventive,134727,32120.0,0,Engine Tune-Up at 134727 km
213,4,2023-08-01,Oil Change,Preventive,143591,12010.0,0,Oil Change at 143591 km
214,4,2023-08-07,Tire Rotation,Preventive,144895,3600.0,0,Tire Rotation at 144895 km
215,4,2023-08-10,Air Filter,Preventive,145475,6000.0,0,Air Filter at 145475 km
216,4,2023-08-28,Brake Inspection,Preventive,149342,30740.0,0,Brake Inspection at 149342 km
217,4,2023-09-21,Coolant Flush,Preventive,154293,7830.0,0,Coolant Flush at 154293 km
218,4,2023-10-17,Oil Change,Preventive,159552,19580.0,0,Oil Change at 159552 km
219,4,2023-10-25,Tire Rotation,Preventive,160816,3870.0,0,Tire Rotation at 160816 km
220,4,2023-11-20,Alignment,Preventive,165824,4010.0,0,Alignment at 165824 km
221,4,2023-12-05,Air Filter,Preventive,169573,4500.0,0,Air Filter at 169573 km
222,4,2023-12-19,Wiper Replacement,Preventive,173022,2590.0,0,Wiper Replacement at 173022 km
223,4,2023-12-22,Engine Failure,Breakdown,173628,202050.0,4,Engine Failure at 173628 km
224,4,2024-01-06,Oil Change,Preventive,175530,15370.0,0,Oil Change at 175530 km
225,4,2024-01-20,Tire Rotation,Preventive,176752,3010.0,0,Tire Rotation at 176752 km
226,4,2024-02-13,Brake Inspection,Preventive,181367,21450.0,0,Brake Inspection at 181367 km
227,4,2024-04-12,Oil Change,Preventive,191612,14140.0,0,Oil Change at 191612 km
228,4,2024-04-26,Tire Rotation,Preventive,192650,3240.0,0,Tire Rotation at 192650 km
229,4,2024-05-04,Air Filter,Preventive,193640,5570.0,0,Air Filter at 193640 km
230,4,2024-05-08,Transmission Service,Preventive,194078,54640.0,0,Transmission Service at 194078 km
231,4,2024-05-31,Alignment,Preventive,198093,5300.0,0,Alignment at 198093 km
232,4,2024-07-06,Oil Change,Preventive,207658,17590.0,0,Oil Change at 207658 km
233,4,2024-07-12,Tire Rotation,Preventive,208771,2900.0,0,Tire Rotation at 208771 km
234,4,2024-07-15,Engine Failure,Breakdown,209808,261010.0,4,Engine Failure at 209808 km
235,4,2024-08-09,Brake Inspection,Preventive,213234,19790.0,0,Brake Inspection at 213234 km
236,4,2024-09-10,Air Filter,Preventive,218786,7970.0,0,Air Filter at 218786 km
237,4,2024-09-20,Coolant Flush,Preventive,220805,14360.0,0,Coolant Flush at 220805 km
238,4,2024-10-05,Oil Change,Preventive,223457,24780.0,0,Oil Change at 223457 km
239,4,2024-10-15,Tire Rotation,Preventive,225126,3910.0,0,Tire Rotation at 225126 km
240,4,2024-11-10,Alignment,Preventive,229609,6560.0,0,Alignment at 229609 km
241,4,2024-12-26,Oil Change,Preventive,239427,18290.0,0,Oil Change at 239427 km
242,4,2025-01-10,Tire Rotation,Preventive,242936,4190.0,0,Tire Rotation at 242936 km
243,4,2025-01-12,Air Filter,Preventive,243130,6330.0,0,Air Filter at 243130 km
244,4,2025-01-25,Brake Inspection,Preventive,245710,35920.0,0,Brake Inspection at 245710 km
245,4,2025-03-20,Oil Change,Preventive,255591,18700.0,0,Oil Change at 255591 km
246,4,2025-03-24,Battery Replacement,Preventive,255871,45180.0,0,Battery Replacement at 255871 km
247,4,2025-04-02,Wiper Replacement,Preventive,256415,6570.0,0,Wiper Replacement at 256415 km
248,4,2025-04-17,Engine Tune-Up,Preventive,258559,43290.0,0,Engine Tune-Up at 258559 km
249,4,2025-04-28,Tire Rotation,Preventive,261378,3960.0,0,Tire Rotation at 261378 km
250,4,2025-05-03,Alignment,Preventive,262230,5580.0,0,Alignment at 262230 km
251,4,2025-05-30,Air Filter,Preventive,266721,4950.0,0,Air Filter at 266721 km
252,4,2025-06-24,Overheating,Breakdown,270717,48230.0,2,Overheating at 270717 km
253,4,2025-07-10,Oil Change,Preventive,272223,17560.0,0,Oil Change at 272223 km
254,4,2025-08-08,Transmission Failure,Breakdown,280187,90520.0,3,Transmission Failure at 280187 km
255,4,2025-08-15,Tire Rotation,Preventive,281269,4710.0,0,Tire Rotation at 281269 km
256,4,2025-08-16,Brake Inspection,Preventive,281269,16440.0,0,Brake Inspection at 281269 km
257,4,2025-09-19,Oil Change,Preventive,288292,14690.0,0,Oil Change at 288292 km
258,4,2025-10-04,Air Filter,Preventive,290578,10010.0,0,Air Filter at 290578 km
259,4,2025-10-26,Alignment,Preventive,294328,7940.0,0,Alignment at 294328 km
260,4,2025-11-09,Tire Rotation,Preventive,297442,3010.0,0,Tire Rotation at 297442 km
261,4,2025-12-29,Oil Change,Preventive,305677,18510.0,0,Oil Change at 305677 km
262,5,2023-03-29,Oil Change,Preventive,49099,16230.0,0,Oil Change at 49099 km
263,5,2023-03-31,Tire Rotation,Preventive,49099,2880.0,0,Tire Rotation at 49099 km
264,5,2023-05-02,Air Filter,Preventive,54445,6320.0,0,Air Filter at 54445 km
265,5,2023-05-04,Alignment,Preventive,54730,6810.0,0,Alignment at 54730 km
266,5,2023-06-23,Engine Failure,Breakdown,63170,211040.0,3,Engine Failure at 63170 km
267,5,2023-06-28,Overheating,Breakdown,63995,52820.0,6,Overheating at 63995 km
268,5,2023-07-27,Brake Failure,Breakdown,69574,112930.0,3,Brake Failure at 69574 km
269,5,2023-08-02,Oil Change,Preventive,70119,20000.0,0,Oil Change at 70119 km
270,5,2023-08-07,Tire Rotation,Preventive,70810,3850.0,0,Tire Rotation at 70810 km
271,5,2023-10-06,Air Filter,Preventive,83062,4980.0,0,Air Filter at 83062 km
272,5,2023-11-14,Oil Change,Preventive,90148,19750.0,0,Oil Change at 90148 km
273,5,2023-11-15,Tire Rotation,Preventive,90148,2120.0,0,Tire Rotation at 90148 km
274,5,2023-11-16,Wiper Replacement,Preventive,90148,4430.0,0,Wiper Replacement at 90148 km
275,5,2023-11-28,Alignment,Preventive,93148,6280.0,0,Alignment at 93148 km
276,5,2024-01-20,Engine Failure,Breakdown,103938,310170.0,3,Engine Failure at 103938 km
277,5,2024-02-01,Lubrication Failure,Breakdown,106087,113040.0,5,Lubrication Failure at 106087 km
278,5,2024-02-14,Transmission Failure,Breakdown,108307,79710.0,2,Transmission Failure at 108307 km
279,5,2024-02-18,Brake Inspection,Preventive,108307,17500.0,0,Brake Inspection at 108307 km
280,5,2024-03-04,Tire Rotation,Preventive,110952,5090.0,0,Tire Rotation at 110952 km
281,5,2024-03-15,Air Filter,Preventive,112824,4550.0,0,Air Filter at 112824 km
282,5,2024-04-16,Overheating,Breakdown,119218,58260.0,1,Overheating at 119218 km
283,5,2024-05-25,Oil Change,Preventive,125837,19140.0,0,Oil Change at 125837 km
284,5,2024-06-21,Tire Rotation,Preventive,131919,3030.0,0,Tire Rotation at 131919 km
285,5,2024-06-23,Alignment,Preventive,132165,6320.0,0,Alignment at 132165 km
286,5,2024-08-03,Engine Failure,Breakdown,139426,205000.0,2,Engine Failure at 139426 km
287,5,2024-08-19,Air Filter,Preventive,141834,6670.0,0,Air Filter at 141834 km
288,5,2024-09-08,Oil Change,Preventive,145235,14980.0,0,Oil Change at 145235 km
289,5,2024-09-15,Brake Inspection,Preventive,146352,27650.0,0,Brake Inspection at 146352 km
290,5,2024-09-18,Overheating,Breakdown,146811,52090.0,5,Overheating at 146811 km
291,5,2024-10-28,Tire Rotation,Preventive,153168,2660.0,0,Tire Rotation at 153168 km
292,5,2024-12-27,Oil Change,Preventive,165618,13900.0,0,Oil Change at 165618 km
293,5,2025-01-30,Air Filter,Preventive,171351,6450.0,0,Air Filter at 171351 km
294,5,2025-02-14,Tire Rotation,Preventive,175076,7820.0,0,Tire Rotation at 175076 km
295,5,2025-02-22,Alignment,Preventive,176679,6080.0,0,Alignment at 176679 km
296,5,2025-03-04,Lubrication Failure,Breakdown,178260,161640.0,3,Lubrication Failure at 178260 km
297,5,2025-03-12,Lubrication Failure,Breakdown,179148,120950.0,4,Lubrication Failure at 179148 km
298,5,2025-03-25,Brake Failure,Breakdown,180897,67790.0,2,Brake Failure at 180897 km
299,5,2025-04-28,Wiper Replacement,Preventive,186584,5480.0,0,Wiper Replacement at 186584 km
300,5,2025-06-24,Tire Rotation,Preventive,194463,2800.0,0,Tire Rotation at 194463 km
301,5,2025-06-28,Transmission Failure,Breakdown,195589,263080.0,7,Transmission Failure at 195589 km
302,5,2025-07-15,Engine Tune-Up,Preventive,196766,31390.0,0,Engine Tune-Up at 196766 km
303,5,2025-07-21,Battery Replacement,Preventive,197435,59320.0,0,Battery Replacement at 197435 km
304,5,2025-07-24,Overheating,Breakdown,198082,78160.0,5,Overheating at 198082 km
305,5,2025-08-01,Oil Change,Preventive,198727,33230.0,0,Oil Change at 198727 km
306,5,2025-08-14,Air Filter,Preventive,200731,4640.0,0,Air Filter at 200731 km
307,5,2025-08-29,Engine Failure,Breakdown,203531,60030.0,6,Engine Failure at 203531 km
308,5,2025-10-29,Tire Rotation,Preventive,213933,4960.0,0,Tire Rotation at 213933 km
309,5,2025-11-07,Alignment,Preventive,215483,4950.0,0,Alignment at 215483 km
310,5,2025-11-10,Brake Failure,Breakdown,216334,99620.0,5,Brake Failure at 216334 km
311,5,2025-11-26,Oil Change,Preventive,217724,20130.0,0,Oil Change at 217724 km
312,6,2023-02-20,Brake Failure,Breakdown,67494,33780.0,4,Brake Failure at 67494 km
313,6,2023-03-06,Oil Change,Preventive,69565,10910.0,0,Oil Change at 69565 km
314,6,2023-03-27,Tire Rotation,Preventive,73290,3250.0,0,Tire Rotation at 73290 km
315,6,2023-04-09,Air Filter,Preventive,76104,3350.0,0,Air Filter at 76104 km
316,6,2023-04-16,Alignment,Preventive,77885,6760.0,0,Alignment at 77885 km
317,6,2023-05-26,Oil Change,Preventive,85609,17000.0,0,Oil Change at 85609 km
318,6,2023-06-14,Tire Rotation,Preventive,89319,2050.0,0,Tire Rotation at 89319 km
319,6,2023-07-03,Engine Tune-Up,Preventive,92760,29340.0,0,Engine Tune-Up at 92760 km
320,6,2023-07-28,Brake Failure,Breakdown,98706,110560.0,7,Brake Failure at 98706 km
321,6,2023-08-22,Air Filter,Preventive,100910,5870.0,0,Air Filter at 100910 km
322,6,2023-09-04,Oil Change,Preventive,102557,15380.0,0,Oil Change at 102557 km
323,6,2023-10-05,Tire Rotation,Preventive,108203,2380.0,0,Tire Rotation at 108203 km
324,6,2023-10-08,Coolant Flush,Preventive,108203,10400.0,0,Coolant Flush at 108203 km
325,6,2023-10-19,Alignment,Preventive,110122,5380.0,0,Alignment at 110122 km
326,6,2023-11-24,Transmission Service,Preventive,116008,51510.0,0,Transmission Service at 116008 km
327,6,2023-12-06,Oil Change,Preventive,118675,15580.0,0,Oil Change at 118675 km
328,6,2024-01-05,Tire Rotation,Preventive,125003,1820.0,0,Tire Rotation at 125003 km
329,6,2024-01-15,Lubrication Failure,Breakdown,126444,50330.0,7,Lubrication Failure at 126444 km
330,6,2024-02-02,Air Filter,Preventive,128857,4920.0,0,Air Filter at 128857 km
331,6,2024-02-24,Brake Inspection,Preventive,132392,16650.0,0,Brake Inspection at 132392 km
332,6,2024-02-29,Wiper Replacement,Preventive,132926,3030.0,0,Wiper Replacement at 132926 km
333,6,2024-04-05,Brake Failure,Breakdown,140092,33090.0,4,Brake Failure at 140092 km
334,6,2024-04-17,Tire Rotation,Preventive,141190,3730.0,0,Tire Rotation at 141190 km
335,6,2024-04-28,Oil Change,Preventive,142936,13090.0,0,Oil Change at 142936 km
336,6,2024-04-30,Alignment,Preventive,142936,6280.0,0,Alignment at 142936 km
337,6,2024-05-01,Engine Tune-Up,Preventive,142936,31350.0,0,Engine Tune-Up at 142936 km
338,6,2024-05-05,Battery Replacement,Preventive,143916,46640.0,0,Battery Replacement at 143916 km
339,6,2024-06-25,Air Filter,Preventive,154165,4340.0,0,Air Filter at 154165 km
340,6,2024-07-23,Tire Rotation,Preventive,157941,3640.0,0,Tire Rotation at 157941 km
341,6,2024-08-01,Oil Change,Preventive,159730,21210.0,0,Oil Change at 159730 km
342,6,2024-10-10,Overheating,Breakdown,174706,44020.0,4,Overheating at 174706 km
343,6,2024-10-17,Tire Rotation,Preventive,175074,2810.0,0,Tire Rotation at 175074 km
344,6,2024-10-21,Brake Inspection,Preventive,175547,21020.0,0,Brake Inspection at 175547 km
345,6,2024-10-23,Alignment,Preventive,175700,8220.0,0,Alignment at 175700 km
346,6,2024-10-29,Oil Change,Preventive,176970,16870.0,0,Oil Change at 176970 km
347,6,2024-11-05,Air Filter,Preventive,178548,6500.0,0,Air Filter at 178548 km
348,6,2025-01-21,Tire Rotation,Preventive,191477,4590.0,0,Tire Rotation at 191477 km
349,6,2025-01-31,Oil Change,Preventive,193880,15180.0,0,Oil Change at 193880 km
350,6,2025-02-05,Engine Tune-Up,Preventive,194148,35430.0,0,Engine Tune-Up at 194148 km
351,6,2025-03-08,Transmission Failure,Breakdown,200290,319790.0,2,Transmission Failure at 200290 km
352,6,2025-03-29,Air Filter,Preventive,203924,7140.0,0,Air Filter at 203924 km
353,6,2025-04-19,Tire Rotation,Preventive,208188,3990.0,0,Tire Rotation at 208188 km
354,6,2025-04-21,Brake Inspection,Preventive,208188,35190.0,0,Brake Inspection at 208188 km
355,6,2025-04-23,Alignment,Preventive,208464,7150.0,0,Alignment at 208464 km
356,6,2025-05-03,Oil Change,Preventive,210495,23730.0,0,Oil Change at 210495 km
357,6,2025-06-19,Wiper Replacement,Preventive,221294,4690.0,0,Wiper Replacement at 221294 km
358,6,2025-07-15,Tire Rotation,Preventive,224467,5760.0,0,Tire Rotation at 224467 km
359,6,2025-08-01,Oil Change,Preventive,227093,15070.0,0,Oil Change at 227093 km
360,6,2025-08-17,Air Filter,Preventive,229935,5730.0,0,Air Filter at 229935 km
361,6,2025-09-18,Lubrication Failure,Breakdown,238183,46470.0,6,Lubrication Failure at 238183 km
362,6,2025-09-25,Overheating,Breakdown,238469,76550.0,4,Overheating at 238469 km
363,6,2025-10-07,Engine Failure,Breakdown,239937,492430.0,4,Engine Failure at 239937 km
364,6,2025-10-17,Tire Rotation,Preventive,240526,3110.0,0,Tire Rotation at 240526 km
365,6,2025-10-18,Brake Inspection,Preventive,240526,22410.0,0,Brake Inspection at 240526 km
366,6,2025-10-19,Alignment,Preventive,240526,9790.0,0,Alignment at 240526 km
367,7,2023-01-31,Overheating,Breakdown,96135,84600.0,3,Overheating at 96135 km
368,7,2023-02-12,Oil Change,Preventive,97948,9740.0,0,Oil Change at 97948 km
369,7,2023-02-15,Brake Inspection,Preventive,97948,16080.0,0,Brake Inspection at 97948 km
370,7,2023-02-24,Tire Rotation,Preventive,98849,3060.0,0,Tire Rotation at 98849 km
371,7,2023-03-30,Alignment,Preventive,105305,4100.0,0,Alignment at 105305 km
372,7,2023-04-03,Air Filter,Preventive,105544,4610.0,0,Air Filter at 105544 km
373,7,2023-04-04,Wiper Replacement,Preventive,105544,2780.0,0,Wiper Replacement at 105544 km
374,7,2023-05-04,Oil Change,Preventive,111711,14080.0,0,Oil Change at 111711 km
375,7,2023-05-09,Tire Rotation,Preventive,111873,3080.0,0,Tire Rotation at 111873 km
376,7,2023-05-29,Engine Tune-Up,Preventive,116937,27420.0,0,Engine Tune-Up at 116937 km
377,7,2023-07-03,Brake Inspection,Preventive,124178,16140.0,0,Brake Inspection at 124178 km
378,7,2023-07-12,Oil Change,Preventive,124861,24240.0,0,Oil Change at 124861 km
379,7,2023-07-16,Tire Rotation,Preventive,125363,4230.0,0,Tire Rotation at 125363 km
380,7,2023-07-18,Air Filter,Preventive,125696,3910.0,0,Air Filter at 125696 km
381,7,2023-08-13,Alignment,Preventive,131828,5460.0,0,Alignment at 131828 km
382,7,2023-09-14,Oil Change,Preventive,138024,12940.0,0,Oil Change at 138024 km
383,7,2023-09-26,Tire Rotation,Preventive,140321,3780.0,0,Tire Rotation at 140321 km
384,7,2023-10-23,Air Filter,Preventive,146054,4300.0,0,Air Filter at 146054 km
385,7,2023-11-10,Coolant Flush,Preventive,149663,11960.0,0,Coolant Flush at 149663 km
386,7,2023-11-21,Oil Change,Preventive,151035,22040.0,0,Oil Change at 151035 km
387,7,2023-11-22,Brake Inspection,Preventive,151035,26050.0,0,Brake Inspection at 151035 km
388,7,2023-12-03,Tire Rotation,Preventive,153766,3010.0,0,Tire Rotation at 153766 km
389,7,2023-12-14,Engine Tune-Up,Preventive,156163,23970.0,0,Engine Tune-Up at 156163 km
390,7,2023-12-15,Transmission Service,Preventive,156163,68810.0,0,Transmission Service at 156163 km
391,7,2024-01-04,Alignment,Preventive,160296,7620.0,0,Alignment at 160296 km
392,7,2024-02-02,Oil Change,Preventive,164250,26190.0,0,Oil Change at 164250 km
393,7,2024-02-09,Air Filter,Preventive,165742,4950.0,0,Air Filter at 165742 km
394,7,2024-02-22,Tire Rotation,Preventive,167793,3130.0,0,Tire Rotation at 167793 km
395,7,2024-04-02,Oil Change,Preventive,177389,17240.0,0,Oil Change at 177389 km
396,7,2024-04-13,Brake Inspection,Preventive,180125,25010.0,0,Brake Inspection at 180125 km
397,7,2024-04-19,Tire Rotation,Preventive,180806,3860.0,0,Tire Rotation at 180806 km
398,7,2024-05-07,Air Filter,Preventive,185290,7150.0,0,Air Filter at 185290 km
399,7,2024-05-27,Alignment,Preventive,189678,7420.0,0,Alignment at 189678 km
400,7,2024-05-28,Wiper Replacement,Preventive,189678,3060.0,0,Wiper Replacement at 189678 km
401,7,2024-06-05,Oil Change,Preventive,190869,16160.0,0,Oil Change at 190869 km
402,7,2024-06-20,Tire Rotation,Preventive,194221,5960.0,0,Tire Rotation at 194221 km
403,7,2024-06-27,Engine Tune-Up,Preventive,195534,38740.0,0,Engine Tune-Up at 195534 km
404,7,2024-08-06,Coolant Flush,Preventive,202586,11980.0,0,Coolant Flush at 202586 km
405,7,2024-08-18,Oil Change,Preventive,204968,15770.0,0,Oil Change at 204968 km
406,7,2024-08-26,Air Filter,Preventive,205876,7470.0,0,Air Filter at 205876 km
407,7,2024-08-30,Brake Inspection,Preventive,206958,21340.0,0,Brake Inspection at 206958 km
408,7,2024-09-02,Tire Rotation,Preventive,207542,1930.0,0,Tire Rotation at 207542 km
409,7,2024-10-29,Alignment,Preventive,216897,5790.0,0,Alignment at 216897 km
410,7,2024-11-11,Oil Change,Preventive,218025,19180.0,0,Oil Change at 218025 km
411,7,2024-11-22,Battery Replacement,Preventive,220055,62800.0,0,Battery Replacement at 220055 km
412,7,2024-11-26,Tire Rotation,Preventive,220792,4100.0,0,Tire Rotation at 220792 km
413,7,2024-12-22,Air Filter,Preventive,225624,6980.0,0,Air Filter at 225624 km
414,7,2025-01-10,Transmission Failure,Breakdown,230241,399350.0,2,Transmission Failure at 230241 km
415,7,2025-01-18,Oil Change,Preventive,231572,23080.0,0,Oil Change at 231572 km
416,7,2025-02-04,Tire Rotation,Preventive,233961,2630.0,0,Tire Rotation at 233961 km
417,7,2025-02-08,Brake Inspection,Preventive,234956,21440.0,0,Brake Inspection at 234956 km
418,7,2025-02-12,Engine Tune-Up,Preventive,235503,29080.0,0,Engine Tune-Up at 235503 km
419,7,2025-03-25,Alignment,Preventive,243727,6220.0,0,Alignment at 243727 km
420,7,2025-04-02,Oil Change,Preventive,245263,19820.0,0,Oil Change at 245263 km
421,7,2025-04-08,Air Filter,Preventive,246115,3760.0,0,Air Filter at 246115 km
422,7,2025-04-15,Tire Rotation,Preventive,247024,4680.0,0,Tire Rotation at 247024 km
423,7,2025-05-28,Coolant Flush,Preventive,254802,8150.0,0,Coolant Flush at 254802 km
424,7,2025-06-17,Oil Change,Preventive,258868,10400.0,0,Oil Change at 258868 km
425,7,2025-06-25,Tire Rotation,Preventive,260913,4800.0,0,Tire Rotation at 260913 km
426,7,2025-06-28,Brake Inspection,Preventive,261528,23140.0,0,Brake Inspection at 261528 km
427,7,2025-07-25,Air Filter,Preventive,266438,6530.0,0,Air Filter at 266438 km
428,7,2025-07-29,Wiper Replacement,Preventive,267009,3550.0,0,Wiper Replacement at 267009 km
429,7,2025-08-19,Alignment,Preventive,270996,4970.0,0,Alignment at 270996 km
430,7,2025-08-25,Oil Change,Preventive,272402,15670.0,0,Oil Change at 272402 km
431,7,2025-09-04,Tire Rotation,Preventive,273917,4020.0,0,Tire Rotation at 273917 km
432,7,2025-09-12,Engine Tune-Up,Preventive,275231,41460.0,0,Engine Tune-Up at 275231 km
433,7,2025-11-10,Brake Failure,Breakdown,286280,139140.0,3,Brake Failure at 286280 km
434,7,2025-11-15,Oil Change,Preventive,286737,18610.0,0,Oil Change at 286737 km
435,7,2025-11-17,Tire Rotation,Preventive,287220,4490.0,0,Tire Rotation at 287220 km
436,7,2025-11-22,Air Filter,Preventive,287676,5720.0,0,Air Filter at 287676 km
437,8,2023-01-23,Oil Change,Preventive,70100,15540.0,0,Oil Change at 70100 km
438,8,2023-02-10,Alignment,Preventive,73427,2930.0,0,Alignment at 73427 km
439,8,2023-02-14,Brake Inspection,Preventive,73714,21720.0,0,Brake Inspection at 73714 km
440,8,2023-03-03,Tire Rotation,Preventive,76894,2540.0,0,Tire Rotation at 76894 km
441,8,2023-03-16,Air Filter,Preventive,79681,3330.0,0,Air Filter at 79681 km
442,8,2023-03-24,Oil Change,Preventive,80850,12530.0,0,Oil Change at 80850 km
443,8,2023-04-30,Transmission Service,Preventive,86706,46100.0,0,Transmission Service at 86706 km
444,8,2023-05-14,Tire Rotation,Preventive,89489,3620.0,0,Tire Rotation at 89489 km
445,8,2023-05-17,Engine Tune-Up,Preventive,89813,31800.0,0,Engine Tune-Up at 89813 km
446,8,2023-05-26,Oil Change,Preventive,91970,10550.0,0,Oil Change at 91970 km
447,8,2023-06-12,Brake Inspection,Preventive,95046,23170.0,0,Brake Inspection at 95046 km
448,8,2023-06-13,Alignment,Preventive,95046,5510.0,0,Alignment at 95046 km
449,8,2023-06-23,Air Filter,Preventive,95953,4710.0,0,Air Filter at 95953 km
450,8,2023-07-30,Oil Change,Preventive,102477,14980.0,0,Oil Change at 102477 km
451,8,2023-08-02,Tire Rotation,Preventive,102862,3420.0,0,Tire Rotation at 102862 km
452,8,2023-08-16,Coolant Flush,Preventive,105259,8910.0,0,Coolant Flush at 105259 km
453,8,2023-09-19,Air Filter,Preventive,111902,5390.0,0,Air Filter at 111902 km
454,8,2023-09-25,Battery Replacement,Preventive,112605,43340.0,0,Battery Replacement at 112605 km
455,8,2023-09-29,Wiper Replacement,Preventive,112958,2660.0,0,Wiper Replacement at 112958 km
456,8,2023-10-03,Oil Change,Preventive,113779,11840.0,0,Oil Change at 113779 km
457,8,2023-10-08,Tire Rotation,Preventive,114414,3330.0,0,Tire Rotation at 114414 km
458,8,2023-10-20,Brake Inspection,Preventive,116785,22860.0,0,Brake Inspection at 116785 km
459,8,2023-10-26,Alignment,Preventive,117434,5600.0,0,Alignment at 117434 km
460,8,2023-11-23,Engine Tune-Up,Preventive,122034,25450.0,0,Engine Tune-Up at 122034 km
461,8,2023-12-07,Oil Change,Preventive,124605,15900.0,0,Oil Change at 124605 km
462,8,2023-12-22,Tire Rotation,Preventive,127701,2710.0,0,Tire Rotation at 127701 km
463,8,2023-12-24,Air Filter,Preventive,127701,5860.0,0,Air Filter at 127701 km
464,8,2024-02-01,Oil Change,Preventive,136167,13990.0,0,Oil Change at 136167 km
465,8,2024-02-14,Brake Inspection,Preventive,137830,22920.0,0,Brake Inspection at 137830 km
466,8,2024-02-20,Tire Rotation,Preventive,138580,4220.0,0,Tire Rotation at 138580 km
467,8,2024-02-23,Alignment,Preventive,139461,7280.0,0,Alignment at 139461 km
468,8,2024-03-19,Air Filter,Preventive,143485,4790.0,0,Air Filter at 143485 km
469,8,2024-04-11,Oil Change,Preventive,148590,20890.0,0,Oil Change at 148590 km
470,8,2024-04-12,Coolant Flush,Preventive,148590,8960.0,0,Coolant Flush at 148590 km
471,8,2024-04-15,Tire Rotation,Preventive,149245,3520.0,0,Tire Rotation at 149245 km
472,8,2024-04-19,Transmission Service,Preventive,150094,82240.0,0,Transmission Service at 150094 km
473,8,2024-05-05,Engine Tune-Up,Preventive,153731,18220.0,0,Engine Tune-Up at 153731 km
474,8,2024-05-28,Oil Change,Preventive,159305,13130.0,0,Oil Change at 159305 km
475,8,2024-06-05,Tire Rotation,Preventive,159844,3170.0,0,Tire Rotation at 159844 km
476,8,2024-06-08,Brake Inspection,Preventive,160353,21950.0,0,Brake Inspection at 160353 km
477,8,2024-06-13,Air Filter,Preventive,161226,6040.0,0,Air Filter at 161226 km
478,8,2024-06-16,Alignment,Preventive,161832,6940.0,0,Alignment at 161832 km
479,8,2024-07-31,Oil Change,Preventive,170364,16220.0,0,Oil Change at 170364 km
480,8,2024-08-02,Tire Rotation,Preventive,170616,2620.0,0,Tire Rotation at 170616 km
481,8,2024-09-06,Air Filter,Preventive,177242,4270.0,0,Air Filter at 177242 km
482,8,2024-10-01,Oil Change,Preventive,181523,15430.0,0,Oil Change at 181523 km
483,8,2024-10-04,Tire Rotation,Preventive,182063,2600.0,0,Tire Rotation at 182063 km
484,8,2024-10-05,Brake Inspection,Preventive,182063,27210.0,0,Brake Inspection at 182063 km
485,8,2024-10-12,Alignment,Preventive,184050,7630.0,0,Alignment at 184050 km
486,8,2024-10-14,Wiper Replacement,Preventive,184348,4210.0,0,Wiper Replacement at 184348 km
487,8,2024-10-22,Engine Tune-Up,Preventive,185997,22770.0,0,Engine Tune-Up at 185997 km
488,8,2024-11-17,Coolant Flush,Preventive,191063,10800.0,0,Coolant Flush at 191063 km
489,8,2024-11-24,Oil Change,Preventive,192358,18920.0,0,Oil Change at 192358 km
490,8,2024-11-29,Tire Rotation,Preventive,193006,4450.0,0,Tire Rotation at 193006 km
491,8,2024-12-03,Air Filter,Preventive,194098,8690.0,0,Air Filter at 194098 km
492,8,2025-01-25,Oil Change,Preventive,203835,25480.0,0,Oil Change at 203835 km
493,8,2025-02-04,Tire Rotation,Preventive,205848,1840.0,0,Tire Rotation at 205848 km
494,8,2025-02-05,Brake Inspection,Preventive,205848,22460.0,0,Brake Inspection at 205848 km
495,8,2025-02-09,Alignment,Preventive,206960,8460.0,0,Alignment at 206960 km
496,8,2025-02-28,Air Filter,Preventive,210058,5160.0,0,Air Filter at 210058 km
497,8,2025-04-03,Oil Change,Preventive,216903,17000.0,0,Oil Change at 216903 km
498,8,2025-04-11,Tire Rotation,Preventive,217637,5380.0,0,Tire Rotation at 217637 km
499,8,2025-04-14,Engine Tune-Up,Preventive,218284,38730.0,0,Engine Tune-Up at 218284 km
500,8,2025-04-17,Transmission Service,Preventive,219038,75860.0,0,Transmission Service at 219038 km
501,8,2025-05-20,Air Filter,Preventive,226507,6020.0,0,Air Filter at 226507 km
502,8,2025-05-28,Oil Change,Preventive,227488,15540.0,0,Oil Change at 227488 km
503,8,2025-06-06,Tire Rotation,Preventive,228725,4160.0,0,Tire Rotation at 228725 km
504,8,2025-06-14,Brake Inspection,Preventive,230454,22280.0,0,Brake Inspection at 230454 km
505,8,2025-06-15,Alignment,Preventive,230454,5610.0,0,Alignment at 230454 km
506,8,2025-07-04,Coolant Flush,Preventive,233711,16440.0,0,Coolant Flush at 233711 km
507,8,2025-08-07,Oil Change,Preventive,238566,16310.0,0,Oil Change at 238566 km
508,8,2025-08-08,Battery Replacement,Preventive,238566,77180.0,0,Battery Replacement at 238566 km
509,8,2025-08-15,Tire Rotation,Preventive,239562,3080.0,0,Tire Rotation at 239562 km
510,8,2025-09-06,Air Filter,Preventive,242586,4630.0,0,Air Filter at 242586 km
511,8,2025-10-07,Oil Change,Preventive,249142,18240.0,0,Oil Change at 249142 km
512,8,2025-10-15,Tire Rotation,Preventive,250168,4280.0,0,Tire Rotation at 250168 km
513,8,2025-10-21,Engine Tune-Up,Preventive,250853,29210.0,0,Engine Tune-Up at 250853 km
514,8,2025-10-27,Brake Inspection,Preventive,251851,22790.0,0,Brake Inspection at 251851 km
515,8,2025-10-30,Alignment,Preventive,252378,4690.0,0,Alignment at 252378 km
516,8,2025-11-02,Wiper Replacement,Preventive,252835,3450.0,0,Wiper Replacement at 252835 km
517,8,2025-12-05,Air Filter,Preventive,259014,3880.0,0,Air Filter at 259014 km
518,8,2025-12-12,Oil Change,Preventive,259856,25020.0,0,Oil Change at 259856 km
519,8,2025-12-21,Tire Rotation,Preventive,261359,3430.0,0,Tire Rotation at 261359 km
520,9,2023-02-01,Oil Change,Preventive,84942,16110.0,0,Oil Change at 84942 km
521,9,2023-02-02,Tire Rotation,Preventive,84942,4350.0,0,Tire Rotation at 84942 km
522,9,2023-03-02,Engine Failure,Breakdown,90734,100110.0,5,Engine Failure at 90734 km
523,9,2023-03-10,Air Filter,Preventive,91312,9530.0,0,Air Filter at 91312 km
524,9,2023-03-27,Brake Inspection,Preventive,93380,37200.0,0,Brake Inspection at 93380 km
525,9,2023-04-20,Lubrication Failure,Breakdown,97998,147370.0,3,Lubrication Failure at 97998 km
526,9,2023-05-11,Tire Rotation,Preventive,100971,5320.0,0,Tire Rotation at 100971 km
527,9,2023-06-20,Alignment,Preventive,108532,5980.0,0,Alignment at 108532 km
528,9,2023-07-10,Coolant Flush,Preventive,111692,16320.0,0,Coolant Flush at 111692 km
529,9,2023-07-21,Oil Change,Preventive,114038,19470.0,0,Oil Change at 114038 km
530,9,2023-07-27,Air Filter,Preventive,115382,8070.0,0,Air Filter at 115382 km
531,9,2023-08-13,Tire Rotation,Preventive,118672,4350.0,0,Tire Rotation at 118672 km
532,9,2023-09-12,Brake Inspection,Preventive,125098,29940.0,0,Brake Inspection at 125098 km
533,9,2023-10-06,Brake Failure,Breakdown,130191,82270.0,4,Brake Failure at 130191 km
534,9,2023-10-17,Oil Change,Preventive,131364,24740.0,0,Oil Change at 131364 km
535,9,2023-11-09,Tire Rotation,Preventive,135769,5830.0,0,Tire Rotation at 135769 km
536,9,2023-11-11,Wiper Replacement,Preventive,135769,6180.0,0,Wiper Replacement at 135769 km
537,9,2023-11-19,Engine Tune-Up,Preventive,137679,48420.0,0,Engine Tune-Up at 137679 km
538,9,2023-11-21,Battery Replacement,Preventive,137828,64840.0,0,Battery Replacement at 137828 km
539,9,2023-12-13,Air Filter,Preventive,141905,8020.0,0,Air Filter at 141905 km
540,9,2023-12-14,Alignment,Preventive,141905,10830.0,0,Alignment at 141905 km
541,9,2024-01-04,Oil Change,Preventive,147030,20530.0,0,Oil Change at 147030 km
542,9,2024-01-21,Transmission Service,Preventive,149793,104670.0,0,Transmission Service at 149793 km
543,9,2024-02-07,Tire Rotation,Preventive,152640,6340.0,0,Tire Rotation at 152640 km
544,9,2024-03-11,Brake Failure,Breakdown,158081,81250.0,8,Brake Failure at 158081 km
545,9,2024-04-10,Oil Change,Preventive,162898,29800.0,0,Oil Change at 162898 km
546,9,2024-04-23,Air Filter,Preventive,165257,12230.0,0,Air Filter at 165257 km
547,9,2024-05-08,Tire Rotation,Preventive,168791,5730.0,0,Tire Rotation at 168791 km
548,9,2024-05-21,Engine Failure,Breakdown,172176,942070.0,6,Engine Failure at 172176 km
549,9,2024-06-02,Alignment,Preventive,173156,11240.0,0,Alignment at 173156 km
550,9,2024-06-08,Coolant Flush,Preventive,174153,16010.0,0,Coolant Flush at 174153 km
551,9,2024-07-02,Oil Change,Preventive,178883,30960.0,0,Oil Change at 178883 km
552,9,2024-07-29,Brake Failure,Breakdown,183367,85830.0,2,Brake Failure at 183367 km
553,9,2024-08-08,Tire Rotation,Preventive,184776,4360.0,0,Tire Rotation at 184776 km
554,9,2024-08-27,Air Filter,Preventive,188758,10710.0,0,Air Filter at 188758 km
555,9,2024-09-27,Oil Change,Preventive,194909,31750.0,0,Oil Change at 194909 km
556,9,2024-10-27,Tire Rotation,Preventive,201042,4010.0,0,Tire Rotation at 201042 km
557,9,2024-11-13,Alignment,Preventive,205862,7690.0,0,Alignment at 205862 km
558,9,2024-12-04,Oil Change,Preventive,210540,44610.0,0,Oil Change at 210540 km
559,9,2024-12-14,Air Filter,Preventive,212416,9260.0,0,Air Filter at 212416 km
560,9,2024-12-21,Brake Failure,Breakdown,214300,188000.0,7,Brake Failure at 214300 km
561,9,2025-01-16,Tire Rotation,Preventive,217326,8080.0,0,Tire Rotation at 217326 km
562,9,2025-01-25,Engine Tune-Up,Preventive,219127,45060.0,0,Engine Tune-Up at 219127 km
563,9,2025-02-20,Wiper Replacement,Preventive,224948,4990.0,0,Wiper Replacement at 224948 km
564,9,2025-03-08,Transmission Failure,Breakdown,226610,619600.0,4,Transmission Failure at 226610 km
565,9,2025-03-16,Oil Change,Preventive,227122,34530.0,0,Oil Change at 227122 km
566,9,2025-04-19,Tire Rotation,Preventive,234712,5280.0,0,Tire Rotation at 234712 km
567,9,2025-04-28,Air Filter,Preventive,236261,7740.0,0,Air Filter at 236261 km
568,9,2025-04-30,Coolant Flush,Preventive,236606,26090.0,0,Coolant Flush at 236606 km
569,9,2025-05-03,Alignment,Preventive,237533,12480.0,0,Alignment at 237533 km
570,9,2025-06-01,Oil Change,Preventive,243942,35140.0,0,Oil Change at 243942 km
571,9,2025-06-21,Brake Inspection,Preventive,247094,34080.0,0,Brake Inspection at 247094 km
572,9,2025-07-13,Tire Rotation,Preventive,251380,4740.0,0,Tire Rotation at 251380 km
573,9,2025-07-22,Lubrication Failure,Breakdown,253394,552770.0,5,Lubrication Failure at 253394 km
574,9,2025-08-29,Air Filter,Preventive,259607,8180.0,0,Air Filter at 259607 km
575,9,2025-09-22,Engine Failure,Breakdown,264414,487090.0,2,Engine Failure at 264414 km
576,9,2025-10-11,Tire Rotation,Preventive,267577,5720.0,0,Tire Rotation at 267577 km
577,9,2025-10-23,Oil Change,Preventive,269591,42740.0,0,Oil Change at 269591 km
578,9,2025-10-24,Alignment,Preventive,269591,8000.0,0,Alignment at 269591 km
579,9,2025-11-23,Engine Failure,Breakdown,276313,388150.0,2,Engine Failure at 276313 km
580,9,2025-12-04,Brake Inspection,Preventive,278413,45010.0,0,Brake Inspection at 278413 km
581,9,2025-12-24,Tire Rotation,Preventive,283447,5670.0,0,Tire Rotation at 283447 km
582,9,2025-12-26,Air Filter,Preventive,284126,10970.0,0,Air Filter at 284126 km
583,10,2023-01-23,Tire Rotation,Preventive,113751,6680.0,0,Tire Rotation at 113751 km
584,10,2023-01-31,Oil Change,Preventive,115206,23690.0,0,Oil Change at 115206 km
585,10,2023-02-03,Air Filter,Preventive,115206,6850.0,0,Air Filter at 115206 km
586,10,2023-02-21,Alignment,Preventive,118075,9020.0,0,Alignment at 118075 km
587,10,2023-03-31,Engine Tune-Up,Preventive,124081,52700.0,0,Engine Tune-Up at 124081 km
588,10,2023-04-06,Tire Rotation,Preventive,125068,6470.0,0,Tire Rotation at 125068 km
589,10,2023-04-23,Oil Change,Preventive,126608,30920.0,0,Oil Change at 126608 km
590,10,2023-04-30,Brake Inspection,Preventive,128445,29000.0,0,Brake Inspection at 128445 km
591,10,2023-05-01,Brake Failure,Breakdown,128723,99580.0,1,Brake Failure at 128723 km
592,10,2023-05-27,Air Filter,Preventive,132700,5790.0,0,Air Filter at 132700 km
593,10,2023-06-15,Tire Rotation,Preventive,135889,3770.0,0,Tire Rotation at 135889 km
594,10,2023-06-24,Oil Change,Preventive,137821,34090.0,0,Oil Change at 137821 km
595,10,2023-07-02,Alignment,Preventive,139876,13790.0,0,Alignment at 139876 km
596,10,2023-07-30,Tire Rotation,Preventive,146605,4650.0,0,Tire Rotation at 146605 km
597,10,2023-08-09,Oil Change,Preventive,148605,27530.0,0,Oil Change at 148605 km
598,10,2023-08-12,Air Filter,Preventive,149376,10530.0,0,Air Filter at 149376 km
599,10,2023-08-18,Brake Inspection,Preventive,150311,22720.0,0,Brake Inspection at 150311 km
600,10,2023-08-27,Coolant Flush,Preventive,151767,15680.0,0,Coolant Flush at 151767 km
601,10,2023-09-26,Tire Rotation,Preventive,157794,6360.0,0,Tire Rotation at 157794 km
602,10,2023-10-01,Engine Tune-Up,Preventive,158281,50250.0,0,Engine Tune-Up at 158281 km
603,10,2023-10-08,Oil Change,Preventive,160213,18140.0,0,Oil Change at 160213 km
604,10,2023-10-10,Transmission Service,Preventive,160692,82560.0,0,Transmission Service at 160692 km
605,10,2023-10-13,Alignment,Preventive,161352,6380.0,0,Alignment at 161352 km
606,10,2023-10-21,Battery Replacement,Preventive,162729,60950.0,0,Battery Replacement at 162729 km
607,10,2023-11-16,Air Filter,Preventive,166785,8580.0,0,Air Filter at 166785 km
608,10,2023-11-28,Tire Rotation,Preventive,168869,6100.0,0,Tire Rotation at 168869 km
609,10,2023-12-13,Oil Change,Preventive,171354,23420.0,0,Oil Change at 171354 km
610,10,2023-12-16,Brake Inspection,Preventive,171772,44520.0,0,Brake Inspection at 171772 km
611,10,2024-01-03,Wiper Replacement,Preventive,174721,4330.0,0,Wiper Replacement at 174721 km
612,10,2024-01-26,Tire Rotation,Preventive,179654,4520.0,0,Tire Rotation at 179654 km
613,10,2024-02-14,Oil Change,Preventive,182959,27870.0,0,Oil Change at 182959 km
614,10,2024-02-18,Air Filter,Preventive,183630,7030.0,0,Air Filter at 183630 km
615,10,2024-02-21,Alignment,Preventive,184234,9300.0,0,Alignment at 184234 km
616,10,2024-03-27,Tire Rotation,Preventive,190430,4850.0,0,Tire Rotation at 190430 km
617,10,2024-03-28,Engine Tune-Up,Preventive,190430,79140.0,0,Engine Tune-Up at 190430 km
618,10,2024-04-21,Oil Change,Preventive,194047,28320.0,0,Oil Change at 194047 km
619,10,2024-04-22,Brake Inspection,Preventive,194047,28220.0,0,Brake Inspection at 194047 km
620,10,2024-04-28,Coolant Flush,Preventive,195309,14580.0,0,Coolant Flush at 195309 km
621,10,2024-05-27,Air Filter,Preventive,200358,7520.0,0,Air Filter at 200358 km
622,10,2024-06-04,Tire Rotation,Preventive,201190,6350.0,0,Tire Rotation at 201190 km
623,10,2024-06-23,Oil Change,Preventive,205532,28120.0,0,Oil Change at 205532 km
624,10,2024-07-06,Alignment,Preventive,206707,9240.0,0,Alignment at 206707 km
625,10,2024-08-01,Overheating,Breakdown,211033,177440.0,2,Overheating at 211033 km
626,10,2024-08-11,Tire Rotation,Preventive,212210,5220.0,0,Tire Rotation at 212210 km
627,10,2024-09-10,Oil Change,Preventive,217449,15410.0,0,Oil Change at 217449 km
628,10,2024-09-15,Brake Inspection,Preventive,218395,50590.0,0,Brake Inspection at 218395 km
629,10,2024-09-25,Air Filter,Preventive,219630,8150.0,0,Air Filter at 219630 km
630,10,2024-10-08,Engine Tune-Up,Preventive,222564,45130.0,0,Engine Tune-Up at 222564 km
631,10,2024-10-15,Tire Rotation,Preventive,224186,4710.0,0,Tire Rotation at 224186 km
632,10,2024-10-20,Transmission Service,Preventive,224937,84550.0,0,Transmission Service at 224937 km
633,10,2024-11-08,Oil Change,Preventive,228900,21750.0,0,Oil Change at 228900 km
634,10,2024-11-09,Alignment,Preventive,228900,10600.0,0,Alignment at 228900 km
635,10,2024-12-12,Tire Rotation,Preventive,235593,5920.0,0,Tire Rotation at 235593 km
636,10,2024-12-19,Air Filter,Preventive,236863,7000.0,0,Air Filter at 236863 km
637,10,2025-01-02,Oil Change,Preventive,240172,23830.0,0,Oil Change at 240172 km
638,10,2025-01-05,Brake Inspection,Preventive,240370,37440.0,0,Brake Inspection at 240370 km
639,10,2025-01-17,Wiper Replacement,Preventive,242628,4410.0,0,Wiper Replacement at 242628 km
640,10,2025-02-05,Tire Rotation,Preventive,246458,6000.0,0,Tire Rotation at 246458 km
641,10,2025-02-28,Alignment,Preventive,250574,13510.0,0,Alignment at 250574 km
642,10,2025-03-04,Oil Change,Preventive,251092,37870.0,0,Oil Change at 251092 km
643,10,2025-03-16,Air Filter,Preventive,253523,6440.0,0,Air Filter at 253523 km
644,10,2025-03-19,Coolant Flush,Preventive,254279,18190.0,0,Coolant Flush at 254279 km
645,10,2025-03-23,Engine Tune-Up,Preventive,254810,44400.0,0,Engine Tune-Up at 254810 km
646,10,2025-04-22,Tire Rotation,Preventive,259965,5710.0,0,Tire Rotation at 259965 km
647,10,2025-05-07,Oil Change,Preventive,262316,27200.0,0,Oil Change at 262316 km
648,10,2025-05-15,Brake Inspection,Preventive,263556,30450.0,0,Brake Inspection at 263556 km
649,10,2025-06-24,Air Filter,Preventive,270207,9400.0,0,Air Filter at 270207 km
650,10,2025-07-08,Tire Rotation,Preventive,272891,6470.0,0,Tire Rotation at 272891 km
651,10,2025-07-11,Oil Change,Preventive,273168,34550.0,0,Oil Change at 273168 km
652,10,2025-07-14,Alignment,Preventive,273296,9420.0,0,Alignment at 273296 km
653,10,2025-08-23,Battery Replacement,Preventive,281677,78770.0,0,Battery Replacement at 281677 km
654,10,2025-09-04,Oil Change,Preventive,283922,25780.0,0,Oil Change at 283922 km
655,10,2025-09-09,Tire Rotation,Preventive,284584,4970.0,0,Tire Rotation at 284584 km
656,10,2025-09-12,Brake Inspection,Preventive,285058,29020.0,0,Brake Inspection at 285058 km
657,10,2025-09-25,Air Filter,Preventive,287825,12730.0,0,Air Filter at 287825 km
658,10,2025-10-03,Engine Tune-Up,Preventive,290330,43860.0,0,Engine Tune-Up at 290330 km
659,10,2025-10-13,Transmission Service,Preventive,291732,112250.0,0,Transmission Service at 291732 km
660,10,2025-10-31,Oil Change,Preventive,295477,34260.0,0,Oil Change at 295477 km
661,10,2025-11-07,Tire Rotation,Preventive,296968,7550.0,0,Tire Rotation at 296968 km
662,10,2025-11-10,Alignment,Preventive,297238,14250.0,0,Alignment at 297238 km
663,10,2025-11-12,Coolant Flush,Preventive,297583,18270.0,0,Coolant Flush at 297583 km
664,10,2025-12-11,Air Filter,Preventive,304211,7650.0,0,Air Filter at 304211 km
665,10,2025-12-21,Oil Change,Preventive,306288,21410.0,0,Oil Change at 306288 km
666,10,2025-12-24,Brake Inspection,Preventive,306486,41960.0,0,Brake Inspection at 306486 km
667,11,2023-03-01,Tire Rotation,Preventive,111125,4830.0,0,Tire Rotation at 111125 km
668,11,2023-03-07,Oil Change,Preventive,112284,18450.0,0,Oil Change at 112284 km
669,11,2023-03-08,Air Filter,Preventive,112284,6710.0,0,Air Filter at 112284 km
670,11,2023-03-23,Alignment,Preventive,115354,8220.0,0,Alignment at 115354 km
671,11,2023-04-05,Brake Inspection,Preventive,118233,35180.0,0,Brake Inspection at 118233 km
672,11,2023-04-14,Engine Failure,Breakdown,120331,119080.0,3,Engine Failure at 120331 km
673,11,2023-05-12,Tire Rotation,Preventive,125539,3900.0,0,Tire Rotation at 125539 km
674,11,2023-05-14,Wiper Replacement,Preventive,125745,4740.0,0,Wiper Replacement at 125745 km
675,11,2023-05-23,Oil Change,Preventive,127734,18470.0,0,Oil Change at 127734 km
676,11,2023-06-27,Air Filter,Preventive,134556,9510.0,0,Air Filter at 134556 km
677,11,2023-07-22,Tire Rotation,Preventive,140219,4990.0,0,Tire Rotation at 140219 km
678,11,2023-08-05,Oil Change,Preventive,142211,14000.0,0,Oil Change at 142211 km
679,11,2023-08-16,Alignment,Preventive,144516,7540.0,0,Alignment at 144516 km
680,11,2023-08-25,Coolant Flush,Preventive,146442,18200.0,0,Coolant Flush at 146442 km
681,11,2023-09-02,Brake Inspection,Preventive,147452,22390.0,0,Brake Inspection at 147452 km
682,11,2023-10-21,Tire Rotation,Preventive,155613,4170.0,0,Tire Rotation at 155613 km
683,11,2023-10-28,Oil Change,Preventive,156654,29490.0,0,Oil Change at 156654 km
684,11,2023-10-30,Air Filter,Preventive,156654,13470.0,0,Air Filter at 156654 km
685,11,2023-11-25,Transmission Service,Preventive,162886,102120.0,0,Transmission Service at 162886 km
686,11,2023-12-08,Engine Tune-Up,Preventive,165493,28620.0,0,Engine Tune-Up at 165493 km
687,11,2024-01-02,Oil Change,Preventive,171404,24980.0,0,Oil Change at 171404 km
688,11,2024-01-07,Tire Rotation,Preventive,172495,5910.0,0,Tire Rotation at 172495 km
689,11,2024-01-12,Alignment,Preventive,173623,6630.0,0,Alignment at 173623 km
690,11,2024-01-30,Brake Inspection,Preventive,176316,40110.0,0,Brake Inspection at 176316 km
691,11,2024-02-12,Air Filter,Preventive,178617,13660.0,0,Air Filter at 178617 km
692,11,2024-03-18,Oil Change,Preventive,185966,20420.0,0,Oil Change at 185966 km
693,11,2024-03-24,Tire Rotation,Preventive,188022,5240.0,0,Tire Rotation at 188022 km
694,11,2024-05-31,Engine Failure,Breakdown,201828,347620.0,5,Engine Failure at 201828 km
695,11,2024-06-13,Oil Change,Preventive,202856,28910.0,0,Oil Change at 202856 km
696,11,2024-06-15,Tire Rotation,Preventive,203338,5160.0,0,Tire Rotation at 203338 km
697,11,2024-06-24,Air Filter,Preventive,204170,9350.0,0,Air Filter at 204170 km
698,11,2024-06-27,Alignment,Preventive,204803,9070.0,0,Alignment at 204803 km
699,11,2024-07-03,Brake Inspection,Preventive,205978,35650.0,0,Brake Inspection at 205978 km
700,11,2024-07-07,Coolant Flush,Preventive,206618,14290.0,0,Coolant Flush at 206618 km
701,11,2024-08-07,Wiper Replacement,Preventive,213531,2880.0,0,Wiper Replacement at 213531 km
702,11,2024-08-28,Oil Change,Preventive,217456,22080.0,0,Oil Change at 217456 km
703,11,2024-08-31,Tire Rotation,Preventive,217773,4480.0,0,Tire Rotation at 217773 km
704,11,2024-10-20,Air Filter,Preventive,226066,8850.0,0,Air Filter at 226066 km
705,11,2024-11-16,Brake Failure,Breakdown,231697,313750.0,2,Brake Failure at 231697 km
706,11,2024-11-22,Oil Change,Preventive,232242,23150.0,0,Oil Change at 232242 km
707,11,2024-11-29,Tire Rotation,Preventive,233309,5070.0,0,Tire Rotation at 233309 km
708,11,2024-12-03,Alignment,Preventive,233682,10750.0,0,Alignment at 233682 km
709,11,2025-01-19,Battery Replacement,Preventive,241924,55410.0,0,Battery Replacement at 241924 km
710,11,2025-02-11,Engine Tune-Up,Preventive,245573,61620.0,0,Engine Tune-Up at 245573 km
711,11,2025-03-05,Oil Change,Preventive,248801,20460.0,0,Oil Change at 248801 km
712,11,2025-03-06,Tire Rotation,Preventive,248801,7150.0,0,Tire Rotation at 248801 km
713,11,2025-03-08,Air Filter,Preventive,248993,9410.0,0,Air Filter at 248993 km
714,11,2025-03-15,Transmission Service,Preventive,250408,89630.0,0,Transmission Service at 250408 km
715,11,2025-05-06,Brake Inspection,Preventive,260741,51640.0,0,Brake Inspection at 260741 km
716,11,2025-05-14,Overheating,Breakdown,263100,101990.0,3,Overheating at 263100 km
717,11,2025-05-25,Oil Change,Preventive,264971,34010.0,0,Oil Change at 264971 km
718,11,2025-06-01,Tire Rotation,Preventive,265458,4450.0,0,Tire Rotation at 265458 km
719,11,2025-06-04,Alignment,Preventive,265681,11960.0,0,Alignment at 265681 km
720,11,2025-07-02,Air Filter,Preventive,270617,6640.0,0,Air Filter at 270617 km
721,11,2025-08-18,Oil Change,Preventive,279544,32520.0,0,Oil Change at 279544 km
722,11,2025-08-24,Tire Rotation,Preventive,281046,5750.0,0,Tire Rotation at 281046 km
723,11,2025-08-26,Lubrication Failure,Breakdown,281303,107140.0,4,Lubrication Failure at 281303 km
724,11,2025-10-10,Engine Tune-Up,Preventive,289422,49270.0,0,Engine Tune-Up at 289422 km
725,11,2025-10-12,Brake Inspection,Preventive,289597,42360.0,0,Brake Inspection at 289597 km
726,11,2025-10-30,Wiper Replacement,Preventive,291598,8760.0,0,Wiper Replacement at 291598 km
727,11,2025-11-03,Air Filter,Preventive,292302,5820.0,0,Air Filter at 292302 km
728,11,2025-11-14,Alignment,Preventive,294805,14420.0,0,Alignment at 294805 km
729,11,2025-11-28,Oil Change,Preventive,297712,34900.0,0,Oil Change at 297712 km
730,11,2025-12-04,Tire Rotation,Preventive,298245,7380.0,0,Tire Rotation at 298245 km
731,12,2023-01-23,Tire Rotation,Preventive,130388,6920.0,0,Tire Rotation at 130388 km
732,12,2023-01-27,Brake Inspection,Preventive,131422,36510.0,0,Brake Inspection at 131422 km
733,12,2023-02-01,Oil Change,Preventive,132136,27260.0,0,Oil Change at 132136 km
734,12,2023-02-24,Transmission Service,Preventive,137245,109340.0,0,Transmission Service at 137245 km
735,12,2023-03-17,Tire Rotation,Preventive,141270,4050.0,0,Tire Rotation at 141270 km
736,12,2023-03-18,Air Filter,Preventive,141270,6980.0,0,Air Filter at 141270 km
737,12,2023-03-25,Oil Change,Preventive,143033,38710.0,0,Oil Change at 143033 km
738,12,2023-04-02,Alignment,Preventive,144609,8570.0,0,Alignment at 144609 km
739,12,2023-04-12,Engine Tune-Up,Preventive,147078,26010.0,0,Engine Tune-Up at 147078 km
740,12,2023-05-18,Oil Change,Preventive,154207,20990.0,0,Oil Change at 154207 km
741,12,2023-05-21,Tire Rotation,Preventive,154538,4430.0,0,Tire Rotation at 154538 km
742,12,2023-05-22,Brake Inspection,Preventive,154538,32380.0,0,Brake Inspection at 154538 km
743,12,2023-05-30,Coolant Flush,Preventive,155486,14680.0,0,Coolant Flush at 155486 km
744,12,2023-06-16,Air Filter,Preventive,157753,7500.0,0,Air Filter at 157753 km
745,12,2023-06-26,Battery Replacement,Preventive,160124,65460.0,0,Battery Replacement at 160124 km
746,12,2023-07-19,Oil Change,Preventive,164972,41640.0,0,Oil Change at 164972 km
747,12,2023-07-22,Tire Rotation,Preventive,165415,5460.0,0,Tire Rotation at 165415 km
748,12,2023-07-27,Alignment,Preventive,166149,8420.0,0,Alignment at 166149 km
749,12,2023-08-26,Wiper Replacement,Preventive,171077,4720.0,0,Wiper Replacement at 171077 km
750,12,2023-09-13,Air Filter,Preventive,173850,13220.0,0,Air Filter at 173850 km
751,12,2023-09-22,Oil Change,Preventive,175832,18780.0,0,Oil Change at 175832 km
752,12,2023-09-24,Brake Inspection,Preventive,175832,25080.0,0,Brake Inspection at 175832 km
753,12,2023-09-26,Tire Rotation,Preventive,176121,3660.0,0,Tire Rotation at 176121 km
754,12,2023-10-15,Engine Tune-Up,Preventive,179733,43990.0,0,Engine Tune-Up at 179733 km
755,12,2023-11-26,Oil Change,Preventive,187132,24490.0,0,Oil Change at 187132 km
756,12,2023-11-27,Tire Rotation,Preventive,187132,2940.0,0,Tire Rotation at 187132 km
757,12,2023-12-03,Alignment,Preventive,187839,5630.0,0,Alignment at 187839 km
758,12,2023-12-15,Air Filter,Preventive,190089,9360.0,0,Air Filter at 190089 km
759,12,2024-01-21,Brake Inspection,Preventive,197247,27290.0,0,Brake Inspection at 197247 km
760,12,2024-01-26,Oil Change,Preventive,197783,35590.0,0,Oil Change at 197783 km
761,12,2024-01-28,Tire Rotation,Preventive,197783,6220.0,0,Tire Rotation at 197783 km
762,12,2024-02-01,Coolant Flush,Preventive,198566,13040.0,0,Coolant Flush at 198566 km
763,12,2024-02-25,Transmission Service,Preventive,201250,101980.0,0,Transmission Service at 201250 km
764,12,2024-03-18,Air Filter,Preventive,206273,8840.0,0,Air Filter at 206273 km
765,12,2024-04-01,Oil Change,Preventive,208556,21650.0,0,Oil Change at 208556 km
766,12,2024-04-03,Tire Rotation,Preventive,209066,6820.0,0,Tire Rotation at 209066 km
767,12,2024-04-16,Alignment,Preventive,210896,5770.0,0,Alignment at 210896 km
768,12,2024-04-20,Engine Tune-Up,Preventive,211588,56110.0,0,Engine Tune-Up at 211588 km
769,12,2024-06-02,Brake Inspection,Preventive,218771,32000.0,0,Brake Inspection at 218771 km
770,12,2024-06-08,Oil Change,Preventive,219824,26920.0,0,Oil Change at 219824 km
771,12,2024-06-11,Tire Rotation,Preventive,220066,2880.0,0,Tire Rotation at 220066 km
772,12,2024-06-23,Air Filter,Preventive,222421,7850.0,0,Air Filter at 222421 km
773,12,2024-08-04,Oil Change,Preventive,230480,26210.0,0,Oil Change at 230480 km
774,12,2024-08-07,Tire Rotation,Preventive,231502,6070.0,0,Tire Rotation at 231502 km
775,12,2024-08-11,Alignment,Preventive,232481,12270.0,0,Alignment at 232481 km
776,12,2024-09-07,Wiper Replacement,Preventive,237182,3810.0,0,Wiper Replacement at 237182 km
777,12,2024-09-26,Brake Inspection,Preventive,240524,27340.0,0,Brake Inspection at 240524 km
778,12,2024-09-27,Air Filter,Preventive,240524,6990.0,0,Air Filter at 240524 km
779,12,2024-09-30,Coolant Flush,Preventive,241016,20630.0,0,Coolant Flush at 241016 km
780,12,2024-10-02,Oil Change,Preventive,241483,21390.0,0,Oil Change at 241483 km
781,12,2024-10-11,Tire Rotation,Preventive,243062,6040.0,0,Tire Rotation at 243062 km
782,12,2024-10-14,Engine Tune-Up,Preventive,243393,95070.0,0,Engine Tune-Up at 243393 km
783,12,2024-11-28,Oil Change,Preventive,252233,33440.0,0,Oil Change at 252233 km
784,12,2024-12-06,Tire Rotation,Preventive,253707,5950.0,0,Tire Rotation at 253707 km
785,12,2024-12-07,Alignment,Preventive,253707,13870.0,0,Alignment at 253707 km
786,12,2025-01-06,Air Filter,Preventive,258807,10290.0,0,Air Filter at 258807 km
787,12,2025-01-26,Brake Inspection,Preventive,262340,25480.0,0,Brake Inspection at 262340 km
788,12,2025-01-31,Oil Change,Preventive,263062,24340.0,0,Oil Change at 263062 km
789,12,2025-02-13,Tire Rotation,Preventive,265894,8040.0,0,Tire Rotation at 265894 km
790,12,2025-02-16,Transmission Service,Preventive,266105,173120.0,0,Transmission Service at 266105 km
791,12,2025-03-31,Oil Change,Preventive,274294,24240.0,0,Oil Change at 274294 km
792,12,2025-04-06,Air Filter,Preventive,275351,8140.0,0,Air Filter at 275351 km
793,12,2025-04-10,Alignment,Preventive,275806,9770.0,0,Alignment at 275806 km
794,12,2025-04-11,Engine Tune-Up,Preventive,275806,52770.0,0,Engine Tune-Up at 275806 km
795,12,2025-04-19,Tire Rotation,Preventive,278049,8520.0,0,Tire Rotation at 278049 km
796,12,2025-04-27,Battery Replacement,Preventive,280702,75240.0,0,Battery Replacement at 280702 km
797,12,2025-05-20,Coolant Flush,Preventive,283416,28630.0,0,Coolant Flush at 283416 km
798,12,2025-05-26,Brake Inspection,Preventive,284106,25350.0,0,Brake Inspection at 284106 km
799,12,2025-05-29,Oil Change,Preventive,284961,31160.0,0,Oil Change at 284961 km
800,12,2025-06-22,Tire Rotation,Preventive,290612,5230.0,0,Tire Rotation at 290612 km
801,12,2025-06-29,Air Filter,Preventive,292339,9540.0,0,Air Filter at 292339 km
802,12,2025-07-14,Oil Change,Preventive,295639,25700.0,0,Oil Change at 295639 km
803,12,2025-08-01,Alignment,Preventive,297974,12560.0,0,Alignment at 297974 km
804,12,2025-09-06,Overheating,Breakdown,303813,121100.0,1,Overheating at 303813 km
805,12,2025-09-12,Tire Rotation,Preventive,304503,10580.0,0,Tire Rotation at 304503 km
806,12,2025-09-20,Brake Inspection,Preventive,305821,42420.0,0,Brake Inspection at 305821 km
807,12,2025-09-22,Wiper Replacement,Preventive,305821,4900.0,0,Wiper Replacement at 305821 km
808,12,2025-09-26,Oil Change,Preventive,307344,26500.0,0,Oil Change at 307344 km
809,12,2025-10-05,Air Filter,Preventive,309007,8940.0,0,Air Filter at 309007 km
810,12,2025-10-07,Engine Tune-Up,Preventive,309259,43490.0,0,Engine Tune-Up at 309259 km
811,12,2025-10-12,Engine Failure,Breakdown,310527,426650.0,4,Engine Failure at 310527 km
812,12,2025-11-10,Tire Rotation,Preventive,315337,10730.0,0,Tire Rotation at 315337 km
813,12,2025-12-02,Oil Change,Preventive,318746,24820.0,0,Oil Change at 318746 km
814,12,2025-12-10,Alignment,Preventive,319975,7970.0,0,Alignment at 319975 km
815,13,2023-02-24,Alignment,Preventive,113596,6960.0,0,Alignment at 113596 km
816,13,2023-03-02,Brake Inspection,Preventive,114190,25610.0,0,Brake Inspection at 114190 km
817,13,2023-03-11,Tire Rotation,Preventive,115484,3660.0,0,Tire Rotation at 115484 km
818,13,2023-03-27,Oil Change,Preventive,118306,17550.0,0,Oil Change at 118306 km
819,13,2023-03-29,Air Filter,Preventive,118306,5350.0,0,Air Filter at 118306 km
820,13,2023-06-13,Tire Rotation,Preventive,132054,5640.0,0,Tire Rotation at 132054 km
821,13,2023-06-15,Transmission Service,Preventive,132453,124280.0,0,Transmission Service at 132453 km
822,13,2023-06-19,Oil Change,Preventive,132684,23890.0,0,Oil Change at 132684 km
823,13,2023-06-29,Engine Tune-Up,Preventive,134588,40430.0,0,Engine Tune-Up at 134588 km
824,13,2023-07-24,Air Filter,Preventive,139951,7050.0,0,Air Filter at 139951 km
825,13,2023-08-07,Alignment,Preventive,142558,6850.0,0,Alignment at 142558 km
826,13,2023-08-09,Brake Inspection,Preventive,142758,34840.0,0,Brake Inspection at 142758 km
827,13,2023-09-03,Oil Change,Preventive,146995,37960.0,0,Oil Change at 146995 km
828,13,2023-09-05,Tire Rotation,Preventive,147245,4840.0,0,Tire Rotation at 147245 km
829,13,2023-11-19,Coolant Flush,Preventive,160892,10260.0,0,Coolant Flush at 160892 km
830,13,2023-11-25,Oil Change,Preventive,162196,27890.0,0,Oil Change at 162196 km
831,13,2023-11-28,Tire Rotation,Preventive,162422,5820.0,0,Tire Rotation at 162422 km
832,13,2023-12-04,Air Filter,Preventive,163580,9730.0,0,Air Filter at 163580 km
833,13,2023-12-13,Wiper Replacement,Preventive,165575,3460.0,0,Wiper Replacement at 165575 km
834,13,2024-01-16,Brake Inspection,Preventive,171317,35340.0,0,Brake Inspection at 171317 km
835,13,2024-01-24,Alignment,Preventive,173052,9850.0,0,Alignment at 173052 km
836,13,2024-02-13,Oil Change,Preventive,176494,27380.0,0,Oil Change at 176494 km
837,13,2024-02-16,Tire Rotation,Preventive,177029,6810.0,0,Tire Rotation at 177029 km
838,13,2024-02-20,Engine Tune-Up,Preventive,177566,43870.0,0,Engine Tune-Up at 177566 km
839,13,2024-04-06,Air Filter,Preventive,186052,9150.0,0,Air Filter at 186052 km
840,13,2024-04-29,Oil Change,Preventive,190882,20780.0,0,Oil Change at 190882 km
841,13,2024-05-03,Tire Rotation,Preventive,191539,7690.0,0,Tire Rotation at 191539 km
842,13,2024-06-12,Brake Inspection,Preventive,200029,24740.0,0,Brake Inspection at 200029 km
843,13,2024-06-23,Alignment,Preventive,202194,12430.0,0,Alignment at 202194 km
844,13,2024-07-26,Oil Change,Preventive,207886,31570.0,0,Oil Change at 207886 km
845,13,2024-08-03,Tire Rotation,Preventive,209249,5090.0,0,Tire Rotation at 209249 km
846,13,2024-08-05,Air Filter,Preventive,209249,9240.0,0,Air Filter at 209249 km
847,13,2024-09-23,Coolant Flush,Preventive,217861,22680.0,0,Coolant Flush at 217861 km
848,13,2024-09-24,Transmission Service,Preventive,217861,101720.0,0,Transmission Service at 217861 km
849,13,2024-10-13,Engine Tune-Up,Preventive,220967,44310.0,0,Engine Tune-Up at 220967 km
850,13,2024-10-23,Oil Change,Preventive,222925,19480.0,0,Oil Change at 222925 km
851,13,2024-11-05,Tire Rotation,Preventive,224928,4940.0,0,Tire Rotation at 224928 km
852,13,2024-11-28,Brake Inspection,Preventive,229465,42310.0,0,Brake Inspection at 229465 km
853,13,2024-12-08,Air Filter,Preventive,231419,6350.0,0,Air Filter at 231419 km
854,13,2024-12-10,Alignment,Preventive,231419,9600.0,0,Alignment at 231419 km
855,13,2024-12-13,Battery Replacement,Preventive,232300,91870.0,0,Battery Replacement at 232300 km
856,13,2025-01-05,Oil Change,Preventive,237760,26280.0,0,Oil Change at 237760 km
857,13,2025-01-17,Tire Rotation,Preventive,239898,5570.0,0,Tire Rotation at 239898 km
858,13,2025-03-01,Wiper Replacement,Preventive,249090,7700.0,0,Wiper Replacement at 249090 km
859,13,2025-03-16,Oil Change,Preventive,252371,28770.0,0,Oil Change at 252371 km
860,13,2025-03-21,Air Filter,Preventive,252934,15470.0,0,Air Filter at 252934 km
861,13,2025-03-31,Tire Rotation,Preventive,254187,7990.0,0,Tire Rotation at 254187 km
862,13,2025-04-25,Brake Inspection,Preventive,258352,40930.0,0,Brake Inspection at 258352 km
863,13,2025-05-10,Alignment,Preventive,260235,6080.0,0,Alignment at 260235 km
864,13,2025-05-30,Engine Tune-Up,Preventive,264615,39860.0,0,Engine Tune-Up at 264615 km
865,13,2025-06-15,Oil Change,Preventive,268401,29990.0,0,Oil Change at 268401 km
866,13,2025-06-24,Tire Rotation,Preventive,269736,4510.0,0,Tire Rotation at 269736 km
867,13,2025-07-22,Air Filter,Preventive,274699,10530.0,0,Air Filter at 274699 km
868,13,2025-07-30,Coolant Flush,Preventive,275636,12090.0,0,Coolant Flush at 275636 km
869,13,2025-09-02,Oil Change,Preventive,283465,54040.0,0,Oil Change at 283465 km
870,13,2025-09-07,Tire Rotation,Preventive,284517,6790.0,0,Tire Rotation at 284517 km
871,13,2025-09-29,Brake Inspection,Preventive,287658,25070.0,0,Brake Inspection at 287658 km
872,13,2025-10-09,Alignment,Preventive,290052,16190.0,0,Alignment at 290052 km
873,13,2025-11-14,Air Filter,Preventive,296277,8150.0,0,Air Filter at 296277 km
874,13,2025-11-28,Oil Change,Preventive,299010,37220.0,0,Oil Change at 299010 km
875,13,2025-11-30,Tire Rotation,Preventive,299287,7380.0,0,Tire Rotation at 299287 km
876,13,2025-12-25,Transmission Service,Preventive,303387,116180.0,0,Transmission Service at 303387 km
877,14,2023-02-09,Oil Change,Preventive,76377,24240.0,0,Oil Change at 76377 km
878,14,2023-02-20,Tire Rotation,Preventive,77777,6020.0,0,Tire Rotation at 77777 km
879,14,2023-03-08,Air Filter,Preventive,79688,6700.0,0,Air Filter at 79688 km
880,14,2023-04-22,Engine Failure,Breakdown,89073,340970.0,2,Engine Failure at 89073 km
881,14,2023-04-25,Oil Change,Preventive,89073,14120.0,0,Oil Change at 89073 km
882,14,2023-04-29,Tire Rotation,Preventive,90095,3740.0,0,Tire Rotation at 90095 km
883,14,2023-04-30,Alignment,Preventive,90095,11040.0,0,Alignment at 90095 km
884,14,2023-05-10,Brake Inspection,Preventive,92212,29130.0,0,Brake Inspection at 92212 km
885,14,2023-05-30,Coolant Flush,Preventive,95956,22090.0,0,Coolant Flush at 95956 km
886,14,2023-06-19,Air Filter,Preventive,98874,8220.0,0,Air Filter at 98874 km
887,14,2023-07-10,Oil Change,Preventive,103653,40390.0,0,Oil Change at 103653 km
888,14,2023-07-14,Tire Rotation,Preventive,104253,4630.0,0,Tire Rotation at 104253 km
889,14,2023-09-02,Alignment,Preventive,114579,7490.0,0,Alignment at 114579 km
890,14,2023-09-04,Battery Replacement,Preventive,114579,82030.0,0,Battery Replacement at 114579 km
891,14,2023-09-14,Oil Change,Preventive,115967,24830.0,0,Oil Change at 115967 km
892,14,2023-09-22,Tire Rotation,Preventive,117592,4620.0,0,Tire Rotation at 117592 km
893,14,2023-09-23,Brake Inspection,Preventive,117592,44540.0,0,Brake Inspection at 117592 km
894,14,2023-09-25,Air Filter,Preventive,117592,9590.0,0,Air Filter at 117592 km
895,14,2023-11-08,Engine Tune-Up,Preventive,127024,42770.0,0,Engine Tune-Up at 127024 km
896,14,2023-11-22,Oil Change,Preventive,129098,26080.0,0,Oil Change at 129098 km
897,14,2023-11-25,Tire Rotation,Preventive,130077,6510.0,0,Tire Rotation at 130077 km
898,14,2023-12-30,Air Filter,Preventive,136143,9590.0,0,Air Filter at 136143 km
899,14,2023-12-31,Wiper Replacement,Preventive,136143,5370.0,0,Wiper Replacement at 136143 km
900,14,2024-01-02,Transmission Service,Preventive,136428,109550.0,0,Transmission Service at 136428 km
901,14,2024-01-14,Alignment,Preventive,139208,7400.0,0,Alignment at 139208 km
902,14,2024-01-29,Oil Change,Preventive,141981,30950.0,0,Oil Change at 141981 km
903,14,2024-02-02,Brake Inspection,Preventive,142256,36850.0,0,Brake Inspection at 142256 km
904,14,2024-02-05,Tire Rotation,Preventive,142503,6740.0,0,Tire Rotation at 142503 km
905,14,2024-02-22,Coolant Flush,Preventive,146032,20160.0,0,Coolant Flush at 146032 km
906,14,2024-04-12,Oil Change,Preventive,155923,32580.0,0,Oil Change at 155923 km
907,14,2024-04-16,Tire Rotation,Preventive,156218,2780.0,0,Tire Rotation at 156218 km
908,14,2024-04-23,Air Filter,Preventive,156882,11550.0,0,Air Filter at 156882 km
909,14,2024-05-26,Alignment,Preventive,163941,9930.0,0,Alignment at 163941 km
910,14,2024-05-31,Engine Tune-Up,Preventive,164874,29630.0,0,Engine Tune-Up at 164874 km
911,14,2024-06-12,Brake Inspection,Preventive,167292,24820.0,0,Brake Inspection at 167292 km
912,14,2024-06-19,Oil Change,Preventive,168646,25700.0,0,Oil Change at 168646 km
913,14,2024-06-21,Tire Rotation,Preventive,168646,6360.0,0,Tire Rotation at 168646 km
914,14,2024-08-02,Air Filter,Preventive,176441,7840.0,0,Air Filter at 176441 km
915,14,2024-08-30,Oil Change,Preventive,180911,33580.0,0,Oil Change at 180911 km
916,14,2024-09-05,Tire Rotation,Preventive,182098,9520.0,0,Tire Rotation at 182098 km
917,14,2024-10-08,Alignment,Preventive,188816,8630.0,0,Alignment at 188816 km
918,14,2024-10-29,Brake Inspection,Preventive,192889,43480.0,0,Brake Inspection at 192889 km
919,14,2024-10-31,Oil Change,Preventive,193163,32390.0,0,Oil Change at 193163 km
920,14,2024-11-06,Tire Rotation,Preventive,194444,6810.0,0,Tire Rotation at 194444 km
921,14,2024-11-14,Air Filter,Preventive,195978,11380.0,0,Air Filter at 195978 km
922,14,2024-11-15,Coolant Flush,Preventive,195978,25460.0,0,Coolant Flush at 195978 km
923,14,2024-12-12,Engine Tune-Up,Preventive,202039,47730.0,0,Engine Tune-Up at 202039 km
924,14,2024-12-30,Oil Change,Preventive,205484,18850.0,0,Oil Change at 205484 km
925,14,2025-01-11,Tire Rotation,Preventive,207678,3470.0,0,Tire Rotation at 207678 km
926,14,2025-01-27,Lubrication Failure,Breakdown,210534,67960.0,2,Lubrication Failure at 210534 km
927,14,2025-01-30,Transmission Service,Preventive,210534,101690.0,0,Transmission Service at 210534 km
928,14,2025-02-03,Engine Failure,Breakdown,210905,419470.0,2,Engine Failure at 210905 km
929,14,2025-02-12,Lubrication Failure,Breakdown,212204,232200.0,4,Lubrication Failure at 212204 km
930,14,2025-02-17,Wiper Replacement,Preventive,212204,5750.0,0,Wiper Replacement at 212204 km
931,14,2025-03-02,Air Filter,Preventive,215299,11270.0,0,Air Filter at 215299 km
932,14,2025-03-06,Alignment,Preventive,215653,9380.0,0,Alignment at 215653 km
933,14,2025-03-24,Brake Inspection,Preventive,218170,36900.0,0,Brake Inspection at 218170 km
934,14,2025-04-02,Tire Rotation,Preventive,220049,7080.0,0,Tire Rotation at 220049 km
935,14,2025-04-30,Oil Change,Preventive,224986,34330.0,0,Oil Change at 224986 km
936,14,2025-06-19,Tire Rotation,Preventive,232655,9690.0,0,Tire Rotation at 232655 km
937,14,2025-06-27,Air Filter,Preventive,233813,9830.0,0,Air Filter at 233813 km
938,14,2025-07-25,Oil Change,Preventive,239026,24750.0,0,Oil Change at 239026 km
939,14,2025-08-06,Transmission Failure,Breakdown,240639,210700.0,4,Transmission Failure at 240639 km
940,14,2025-08-14,Alignment,Preventive,241114,9570.0,0,Alignment at 241114 km
941,14,2025-08-25,Brake Inspection,Preventive,242641,38100.0,0,Brake Inspection at 242641 km
942,14,2025-09-09,Tire Rotation,Preventive,245542,8300.0,0,Tire Rotation at 245542 km
943,14,2025-09-11,Coolant Flush,Preventive,245832,15610.0,0,Coolant Flush at 245832 km
944,14,2025-09-14,Battery Replacement,Preventive,246391,60360.0,0,Battery Replacement at 246391 km
945,14,2025-09-21,Engine Tune-Up,Preventive,247894,44910.0,0,Engine Tune-Up at 247894 km
946,14,2025-10-10,Oil Change,Preventive,252436,33710.0,0,Oil Change at 252436 km
947,14,2025-10-11,Air Filter,Preventive,252436,7300.0,0,Air Filter at 252436 km
948,14,2025-11-10,Tire Rotation,Preventive,258128,4700.0,0,Tire Rotation at 258128 km
949,14,2025-12-25,Oil Change,Preventive,265260,28240.0,0,Oil Change at 265260 km
950,14,2025-12-30,Alignment,Preventive,265580,13780.0,0,Alignment at 265580 km
951,15,2023-02-06,Tire Rotation,Preventive,39329,5390.0,0,Tire Rotation at 39329 km
952,15,2023-02-14,Oil Change,Preventive,40794,18660.0,0,Oil Change at 40794 km
953,15,2023-03-08,Engine Tune-Up,Preventive,46203,48250.0,0,Engine Tune-Up at 46203 km
954,15,2023-03-24,Air Filter,Preventive,49934,6340.0,0,Air Filter at 49934 km
955,15,2023-04-06,Brake Inspection,Preventive,51188,22480.0,0,Brake Inspection at 51188 km
956,15,2023-04-10,Tire Rotation,Preventive,52107,5340.0,0,Tire Rotation at 52107 km
957,15,2023-04-18,Oil Change,Preventive,53557,24660.0,0,Oil Change at 53557 km
958,15,2023-04-23,Alignment,Preventive,54531,7670.0,0,Alignment at 54531 km
959,15,2023-04-29,Coolant Flush,Preventive,55622,18490.0,0,Coolant Flush at 55622 km
960,15,2023-06-04,Tire Rotation,Preventive,64478,6580.0,0,Tire Rotation at 64478 km
961,15,2023-06-14,Oil Change,Preventive,66246,24890.0,0,Oil Change at 66246 km
962,15,2023-06-27,Air Filter,Preventive,68956,8260.0,0,Air Filter at 68956 km
963,15,2023-07-17,Wiper Replacement,Preventive,72210,6120.0,0,Wiper Replacement at 72210 km
964,15,2023-08-09,Brake Inspection,Preventive,76359,34330.0,0,Brake Inspection at 76359 km
965,15,2023-08-14,Tire Rotation,Preventive,77249,4830.0,0,Tire Rotation at 77249 km
966,15,2023-08-30,Oil Change,Preventive,79688,25790.0,0,Oil Change at 79688 km
967,15,2023-09-02,Alignment,Preventive,79965,12620.0,0,Alignment at 79965 km
968,15,2023-09-19,Engine Tune-Up,Preventive,83332,55020.0,0,Engine Tune-Up at 83332 km
969,15,2023-10-21,Air Filter,Preventive,88999,11290.0,0,Air Filter at 88999 km
970,15,2023-10-30,Tire Rotation,Preventive,91021,7260.0,0,Tire Rotation at 91021 km
971,15,2023-11-16,Oil Change,Preventive,94367,28820.0,0,Oil Change at 94367 km
972,15,2023-11-29,Transmission Failure,Breakdown,97264,374080.0,5,Transmission Failure at 97264 km
973,15,2023-12-26,Brake Inspection,Preventive,101302,27170.0,0,Brake Inspection at 101302 km
974,15,2024-01-16,Tire Rotation,Preventive,105537,5710.0,0,Tire Rotation at 105537 km
975,15,2024-01-17,Alignment,Preventive,105537,10730.0,0,Alignment at 105537 km
976,15,2024-01-18,Coolant Flush,Preventive,105537,14290.0,0,Coolant Flush at 105537 km
977,15,2024-01-28,Oil Change,Preventive,107529,18200.0,0,Oil Change at 107529 km
978,15,2024-01-30,Air Filter,Preventive,107529,11670.0,0,Air Filter at 107529 km
979,15,2024-04-18,Oil Change,Preventive,120993,28540.0,0,Oil Change at 120993 km
980,15,2024-04-20,Tire Rotation,Preventive,121521,6750.0,0,Tire Rotation at 121521 km
981,15,2024-04-21,Engine Tune-Up,Preventive,121521,49630.0,0,Engine Tune-Up at 121521 km
982,15,2024-05-21,Brake Inspection,Preventive,126615,29160.0,0,Brake Inspection at 126615 km
983,15,2024-05-28,Air Filter,Preventive,127197,7490.0,0,Air Filter at 127197 km
984,15,2024-06-16,Alignment,Preventive,130295,8500.0,0,Alignment at 130295 km
985,15,2024-07-01,Oil Change,Preventive,133896,33670.0,0,Oil Change at 133896 km
986,15,2024-07-02,Tire Rotation,Preventive,133896,5460.0,0,Tire Rotation at 133896 km
987,15,2024-09-03,Oil Change,Preventive,146217,36800.0,0,Oil Change at 146217 km
988,15,2024-09-12,Tire Rotation,Preventive,147354,4650.0,0,Tire Rotation at 147354 km
989,15,2024-09-26,Air Filter,Preventive,149597,7830.0,0,Air Filter at 149597 km
990,15,2024-09-27,Wiper Replacement,Preventive,149597,6260.0,0,Wiper Replacement at 149597 km
991,15,2024-10-10,Brake Inspection,Preventive,152140,26830.0,0,Brake Inspection at 152140 km
992,15,2024-10-28,Alignment,Preventive,155326,15060.0,0,Alignment at 155326 km
993,15,2024-10-30,Coolant Flush,Preventive,155326,21330.0,0,Coolant Flush at 155326 km
994,15,2024-11-22,Oil Change,Preventive,160420,30650.0,0,Oil Change at 160420 km
995,15,2024-11-27,Tire Rotation,Preventive,161412,5400.0,0,Tire Rotation at 161412 km
996,15,2024-11-29,Engine Tune-Up,Preventive,161698,44490.0,0,Engine Tune-Up at 161698 km
997,15,2024-11-30,Battery Replacement,Preventive,161698,91490.0,0,Battery Replacement at 161698 km
998,15,2025-01-09,Air Filter,Preventive,168449,7560.0,0,Air Filter at 168449 km
999,15,2025-01-25,Transmission Service,Preventive,171782,125740.0,0,Transmission Service at 171782 km
1000,15,2025-02-12,Oil Change,Preventive,173400,26260.0,0,Oil Change at 173400 km
1001,15,2025-02-17,Tire Rotation,Preventive,173984,4450.0,0,Tire Rotation at 173984 km
1002,15,2025-03-16,Brake Inspection,Preventive,180061,36500.0,0,Brake Inspection at 180061 km
1003,15,2025-03-19,Alignment,Preventive,180410,13990.0,0,Alignment at 180410 km
1004,15,2025-04-16,Oil Change,Preventive,187384,19750.0,0,Oil Change at 187384 km
1005,15,2025-04-17,Tire Rotation,Preventive,187384,5620.0,0,Tire Rotation at 187384 km
1006,15,2025-04-24,Air Filter,Preventive,188581,8550.0,0,Air Filter at 188581 km
1007,15,2025-07-05,Oil Change,Preventive,199877,31670.0,0,Oil Change at 199877 km
1008,15,2025-07-11,Tire Rotation,Preventive,201104,5930.0,0,Tire Rotation at 201104 km
1009,15,2025-07-14,Engine Tune-Up,Preventive,201325,70260.0,0,Engine Tune-Up at 201325 km
1010,15,2025-08-04,Brake Inspection,Preventive,205125,30800.0,0,Brake Inspection at 205125 km
1011,15,2025-08-07,Alignment,Preventive,205363,8400.0,0,Alignment at 205363 km
1012,15,2025-08-08,Coolant Flush,Preventive,205363,23950.0,0,Coolant Flush at 205363 km
1013,15,2025-08-21,Air Filter,Preventive,208439,6920.0,0,Air Filter at 208439 km
1014,15,2025-09-06,Oil Change,Preventive,212483,30490.0,0,Oil Change at 212483 km
1015,15,2025-09-10,Tire Rotation,Preventive,213480,4570.0,0,Tire Rotation at 213480 km
1016,15,2025-11-09,Oil Change,Preventive,225416,26670.0,0,Oil Change at 225416 km
1017,15,2025-11-16,Tire Rotation,Preventive,226526,6840.0,0,Tire Rotation at 226526 km
1018,15,2025-11-20,Wiper Replacement,Preventive,226860,6620.0,0,Wiper Replacement at 226860 km
1019,15,2025-11-25,Air Filter,Preventive,227557,9770.0,0,Air Filter at 227557 km
1020,15,2025-11-26,Brake Failure,Breakdown,227819,103120.0,4,Brake Failure at 227819 km
1021,15,2025-12-18,Alignment,Preventive,230854,16790.0,0,Alignment at 230854 km
1022,16,2023-02-14,Air Filter,Preventive,108141,9410.0,0,Air Filter at 108141 km
1023,16,2023-03-06,Oil Change,Preventive,111974,18390.0,0,Oil Change at 111974 km
1024,16,2023-03-13,Tire Rotation,Preventive,112741,5960.0,0,Tire Rotation at 112741 km
1025,16,2023-04-07,Alignment,Preventive,116879,7670.0,0,Alignment at 116879 km
1026,16,2023-04-27,Wiper Replacement,Preventive,119950,8090.0,0,Wiper Replacement at 119950 km
1027,16,2023-05-24,Brake Inspection,Preventive,125455,35330.0,0,Brake Inspection at 125455 km
1028,16,2023-05-28,Oil Change,Preventive,126363,18340.0,0,Oil Change at 126363 km
1029,16,2023-06-02,Tire Rotation,Preventive,127273,5210.0,0,Tire Rotation at 127273 km
1030,16,2023-06-16,Air Filter,Preventive,129675,7500.0,0,Air Filter at 129675 km
1031,16,2023-07-21,Coolant Flush,Preventive,134866,10420.0,0,Coolant Flush at 134866 km
1032,16,2023-08-26,Oil Change,Preventive,140766,20170.0,0,Oil Change at 140766 km
1033,16,2023-09-01,Tire Rotation,Preventive,142096,3820.0,0,Tire Rotation at 142096 km
1034,16,2023-09-04,Engine Tune-Up,Preventive,142359,47860.0,0,Engine Tune-Up at 142359 km
1035,16,2023-09-22,Alignment,Preventive,146303,8550.0,0,Alignment at 146303 km
1036,16,2023-10-23,Air Filter,Preventive,151207,9130.0,0,Air Filter at 151207 km
1037,16,2023-11-15,Oil Change,Preventive,155707,21200.0,0,Oil Change at 155707 km
1038,16,2023-11-19,Brake Inspection,Preventive,156331,23880.0,0,Brake Inspection at 156331 km
1039,16,2023-11-27,Tire Rotation,Preventive,157806,4740.0,0,Tire Rotation at 157806 km
1040,16,2023-12-25,Transmission Service,Preventive,164356,104010.0,0,Transmission Service at 164356 km
1041,16,2024-01-22,Oil Change,Preventive,170802,15000.0,0,Oil Change at 170802 km
1042,16,2024-01-31,Battery Replacement,Preventive,171996,58780.0,0,Battery Replacement at 171996 km
1043,16,2024-02-07,Tire Rotation,Preventive,173453,6990.0,0,Tire Rotation at 173453 km
1044,16,2024-02-14,Air Filter,Preventive,174229,6510.0,0,Air Filter at 174229 km
1045,16,2024-03-02,Alignment,Preventive,177323,5960.0,0,Alignment at 177323 km
1046,16,2024-04-02,Brake Failure,Breakdown,183041,56250.0,1,Brake Failure at 183041 km
1047,16,2024-04-13,Oil Change,Preventive,185510,18320.0,0,Oil Change at 185510 km
1048,16,2024-04-14,Engine Tune-Up,Preventive,185510,47390.0,0,Engine Tune-Up at 185510 km
1049,16,2024-05-05,Tire Rotation,Preventive,188446,4050.0,0,Tire Rotation at 188446 km
1050,16,2024-06-03,Coolant Flush,Preventive,193760,17890.0,0,Coolant Flush at 193760 km
1051,16,2024-06-13,Air Filter,Preventive,196236,6810.0,0,Air Filter at 196236 km
1052,16,2024-07-04,Oil Change,Preventive,200636,21770.0,0,Oil Change at 200636 km
1053,16,2024-07-17,Wiper Replacement,Preventive,202391,4020.0,0,Wiper Replacement at 202391 km
1054,16,2024-07-20,Tire Rotation,Preventive,202954,4080.0,0,Tire Rotation at 202954 km
1055,16,2024-08-17,Alignment,Preventive,207111,8340.0,0,Alignment at 207111 km
1056,16,2024-09-12,Brake Inspection,Preventive,211946,34420.0,0,Brake Inspection at 211946 km
1057,16,2024-10-04,Oil Change,Preventive,215946,23460.0,0,Oil Change at 215946 km
1058,16,2024-10-19,Tire Rotation,Preventive,218352,6420.0,0,Tire Rotation at 218352 km
1059,16,2024-10-20,Air Filter,Preventive,218352,7910.0,0,Air Filter at 218352 km
1060,16,2024-12-01,Brake Failure,Breakdown,227145,293180.0,1,Brake Failure at 227145 km
1061,16,2024-12-10,Engine Tune-Up,Preventive,229394,42880.0,0,Engine Tune-Up at 229394 km
1062,16,2024-12-16,Oil Change,Preventive,230906,24310.0,0,Oil Change at 230906 km
1063,16,2025-01-02,Tire Rotation,Preventive,234092,6130.0,0,Tire Rotation at 234092 km
1064,16,2025-01-17,Alignment,Preventive,237135,7720.0,0,Alignment at 237135 km
1065,16,2025-02-05,Air Filter,Preventive,240287,6410.0,0,Air Filter at 240287 km
1066,16,2025-03-12,Oil Change,Preventive,246432,19670.0,0,Oil Change at 246432 km
1067,16,2025-03-26,Tire Rotation,Preventive,248718,4860.0,0,Tire Rotation at 248718 km
1068,16,2025-04-07,Overheating,Breakdown,251014,144430.0,1,Overheating at 251014 km
1069,16,2025-04-11,Transmission Service,Preventive,251539,80470.0,0,Transmission Service at 251539 km
1070,16,2025-05-06,Brake Inspection,Preventive,255809,24990.0,0,Brake Inspection at 255809 km
1071,16,2025-06-05,Oil Change,Preventive,260918,25790.0,0,Oil Change at 260918 km
1072,16,2025-06-16,Air Filter,Preventive,262073,8820.0,0,Air Filter at 262073 km
1073,16,2025-06-20,Tire Rotation,Preventive,263321,4530.0,0,Tire Rotation at 263321 km
1074,16,2025-07-05,Alignment,Preventive,266254,8440.0,0,Alignment at 266254 km
1075,16,2025-08-15,Engine Tune-Up,Preventive,272927,74660.0,0,Engine Tune-Up at 272927 km
1076,16,2025-09-04,Oil Change,Preventive,275817,20800.0,0,Oil Change at 275817 km
1077,16,2025-09-11,Tire Rotation,Preventive,277693,8230.0,0,Tire Rotation at 277693 km
1078,16,2025-10-09,Air Filter,Preventive,283863,12540.0,0,Air Filter at 283863 km
1079,16,2025-10-12,Wiper Replacement,Preventive,283863,6510.0,0,Wiper Replacement at 283863 km
1080,16,2025-10-19,Brake Inspection,Preventive,284700,31400.0,0,Brake Inspection at 284700 km
1081,16,2025-10-30,Lubrication Failure,Breakdown,287377,141940.0,4,Lubrication Failure at 287377 km
1082,16,2025-12-11,Tire Rotation,Preventive,294414,5160.0,0,Tire Rotation at 294414 km
1083,16,2025-12-17,Alignment,Preventive,295598,10560.0,0,Alignment at 295598 km
1084,17,2023-03-07,Air Filter,Preventive,67347,4320.0,0,Air Filter at 67347 km
1085,17,2023-03-12,Oil Change,Preventive,68229,23850.0,0,Oil Change at 68229 km
1086,17,2023-03-14,Tire Rotation,Preventive,68522,3100.0,0,Tire Rotation at 68522 km
1087,17,2023-04-03,Alignment,Preventive,73628,6830.0,0,Alignment at 73628 km
1088,17,2023-05-04,Brake Inspection,Preventive,79491,23470.0,0,Brake Inspection at 79491 km
1089,17,2023-05-18,Engine Tune-Up,Preventive,80874,34830.0,0,Engine Tune-Up at 80874 km
1090,17,2023-05-22,Wiper Replacement,Preventive,81210,4180.0,0,Wiper Replacement at 81210 km
1091,17,2023-05-31,Oil Change,Preventive,84070,20530.0,0,Oil Change at 84070 km
1092,17,2023-06-03,Tire Rotation,Preventive,84341,7070.0,0,Tire Rotation at 84341 km
1093,17,2023-06-30,Coolant Flush,Preventive,90494,11330.0,0,Coolant Flush at 90494 km
1094,17,2023-07-13,Air Filter,Preventive,92818,6860.0,0,Air Filter at 92818 km
1095,17,2023-07-21,Battery Replacement,Preventive,94467,52160.0,0,Battery Replacement at 94467 km
1096,17,2023-08-30,Oil Change,Preventive,100562,29240.0,0,Oil Change at 100562 km
1097,17,2023-09-08,Tire Rotation,Preventive,101629,5010.0,0,Tire Rotation at 101629 km
1098,17,2023-10-10,Alignment,Preventive,106779,8990.0,0,Alignment at 106779 km
1099,17,2023-11-15,Brake Inspection,Preventive,111456,24820.0,0,Brake Inspection at 111456 km
1100,17,2023-12-09,Transmission Failure,Breakdown,116185,284840.0,4,Transmission Failure at 116185 km
1101,17,2023-12-18,Oil Change,Preventive,117345,14790.0,0,Oil Change at 117345 km
1102,17,2023-12-20,Air Filter,Preventive,117345,8340.0,0,Air Filter at 117345 km
1103,17,2023-12-22,Tire Rotation,Preventive,117627,3740.0,0,Tire Rotation at 117627 km
1104,17,2024-02-18,Engine Tune-Up,Preventive,129255,51090.0,0,Engine Tune-Up at 129255 km
1105,17,2024-03-13,Oil Change,Preventive,133648,16290.0,0,Oil Change at 133648 km
1106,17,2024-03-16,Tire Rotation,Preventive,134314,5510.0,0,Tire Rotation at 134314 km
1107,17,2024-04-12,Alignment,Preventive,138680,7230.0,0,Alignment at 138680 km
1108,17,2024-04-27,Air Filter,Preventive,141521,6290.0,0,Air Filter at 141521 km
1109,17,2024-04-30,Overheating,Breakdown,142212,60500.0,2,Overheating at 142212 km
1110,17,2024-05-08,Brake Inspection,Preventive,143487,29480.0,0,Brake Inspection at 143487 km
1111,17,2024-06-12,Oil Change,Preventive,149889,19450.0,0,Oil Change at 149889 km
1112,17,2024-06-16,Tire Rotation,Preventive,150837,4200.0,0,Tire Rotation at 150837 km
1113,17,2024-09-03,Wiper Replacement,Preventive,164796,3950.0,0,Wiper Replacement at 164796 km
1114,17,2024-09-06,Air Filter,Preventive,165378,6850.0,0,Air Filter at 165378 km
1115,17,2024-09-15,Oil Change,Preventive,167416,26070.0,0,Oil Change at 167416 km
1116,17,2024-09-20,Tire Rotation,Preventive,168501,6810.0,0,Tire Rotation at 168501 km
1117,17,2024-10-06,Alignment,Preventive,171002,10860.0,0,Alignment at 171002 km
1118,17,2024-11-03,Brake Inspection,Preventive,176750,32020.0,0,Brake Inspection at 176750 km
1119,17,2024-11-05,Engine Tune-Up,Preventive,177039,31880.0,0,Engine Tune-Up at 177039 km
1120,17,2024-12-02,Lubrication Failure,Breakdown,183468,183820.0,3,Lubrication Failure at 183468 km
1121,17,2024-12-13,Tire Rotation,Preventive,184290,7700.0,0,Tire Rotation at 184290 km
1122,17,2025-01-04,Air Filter,Preventive,189368,9240.0,0,Air Filter at 189368 km
1123,17,2025-02-14,Transmission Failure,Breakdown,198157,95060.0,2,Transmission Failure at 198157 km
1124,17,2025-02-25,Oil Change,Preventive,199971,27890.0,0,Oil Change at 199971 km
1125,17,2025-03-11,Tire Rotation,Preventive,201031,4000.0,0,Tire Rotation at 201031 km
1126,17,2025-03-22,Alignment,Preventive,202726,6500.0,0,Alignment at 202726 km
1127,17,2025-04-13,Coolant Flush,Preventive,207304,19010.0,0,Coolant Flush at 207304 km
1128,17,2025-05-04,Brake Inspection,Preventive,212023,47010.0,0,Brake Inspection at 212023 km
1129,17,2025-05-18,Air Filter,Preventive,214874,8930.0,0,Air Filter at 214874 km
1130,17,2025-05-30,Oil Change,Preventive,217204,20930.0,0,Oil Change at 217204 km
1131,17,2025-06-06,Tire Rotation,Preventive,217829,3830.0,0,Tire Rotation at 217829 km
1132,17,2025-07-19,Engine Tune-Up,Preventive,226867,55670.0,0,Engine Tune-Up at 226867 km
1133,17,2025-08-25,Oil Change,Preventive,233527,28890.0,0,Oil Change at 233527 km
1134,17,2025-08-28,Tire Rotation,Preventive,233716,8870.0,0,Tire Rotation at 233716 km
1135,17,2025-09-11,Alignment,Preventive,236360,10610.0,0,Alignment at 236360 km
1136,17,2025-09-25,Air Filter,Preventive,239088,9790.0,0,Air Filter at 239088 km
1137,17,2025-10-20,Brake Inspection,Preventive,243994,44020.0,0,Brake Inspection at 243994 km
1138,17,2025-11-10,Battery Replacement,Preventive,248450,66300.0,0,Battery Replacement at 248450 km
1139,17,2025-11-21,Lubrication Failure,Breakdown,250028,262840.0,2,Lubrication Failure at 250028 km
1140,17,2025-11-28,Tire Rotation,Preventive,251296,5990.0,0,Tire Rotation at 251296 km
1141,17,2025-12-24,Wiper Replacement,Preventive,255464,3870.0,0,Wiper Replacement at 255464 km
1142,18,2023-01-24,Tire Rotation,Preventive,73232,3510.0,0,Tire Rotation at 73232 km
1143,18,2023-01-30,Oil Change,Preventive,74475,20430.0,0,Oil Change at 74475 km
1144,18,2023-02-11,Air Filter,Preventive,75887,4180.0,0,Air Filter at 75887 km
1145,18,2023-02-27,Engine Tune-Up,Preventive,78489,33690.0,0,Engine Tune-Up at 78489 km
1146,18,2023-03-08,Brake Inspection,Preventive,79778,19470.0,0,Brake Inspection at 79778 km
1147,18,2023-03-19,Coolant Flush,Preventive,80926,22360.0,0,Coolant Flush at 80926 km
1148,18,2023-04-06,Tire Rotation,Preventive,85208,3740.0,0,Tire Rotation at 85208 km
1149,18,2023-04-09,Oil Change,Preventive,86111,15110.0,0,Oil Change at 86111 km
1150,18,2023-04-23,Alignment,Preventive,88430,5110.0,0,Alignment at 88430 km
1151,18,2023-05-11,Air Filter,Preventive,92778,5490.0,0,Air Filter at 92778 km
1152,18,2023-05-31,Oil Change,Preventive,97179,19430.0,0,Oil Change at 97179 km
1153,18,2023-06-01,Tire Rotation,Preventive,97179,4220.0,0,Tire Rotation at 97179 km
1154,18,2023-07-07,Brake Inspection,Preventive,102699,36610.0,0,Brake Inspection at 102699 km
1155,18,2023-08-09,Oil Change,Preventive,108347,24070.0,0,Oil Change at 108347 km
1156,18,2023-08-16,Tire Rotation,Preventive,109095,6250.0,0,Tire Rotation at 109095 km
1157,18,2023-08-19,Air Filter,Preventive,109807,5730.0,0,Air Filter at 109807 km
1158,18,2023-08-29,Alignment,Preventive,111495,12440.0,0,Alignment at 111495 km
1159,18,2023-08-30,Engine Tune-Up,Preventive,111495,36390.0,0,Engine Tune-Up at 111495 km
1160,18,2023-10-11,Oil Change,Preventive,119738,22740.0,0,Oil Change at 119738 km
1161,18,2023-10-21,Tire Rotation,Preventive,120891,7900.0,0,Tire Rotation at 120891 km
1162,18,2023-10-26,Wiper Replacement,Preventive,121308,6900.0,0,Wiper Replacement at 121308 km
1163,18,2023-11-19,Brake Inspection,Preventive,125807,28250.0,0,Brake Inspection at 125807 km
1164,18,2023-11-30,Air Filter,Preventive,127779,4960.0,0,Air Filter at 127779 km
1165,18,2023-12-01,Coolant Flush,Preventive,127779,9800.0,0,Coolant Flush at 127779 km
1166,18,2023-12-22,Oil Change,Preventive,131103,35620.0,0,Oil Change at 131103 km
1167,18,2023-12-28,Tire Rotation,Preventive,132306,5160.0,0,Tire Rotation at 132306 km
1168,18,2024-01-04,Alignment,Preventive,133547,3670.0,0,Alignment at 133547 km
1169,18,2024-01-05,Transmission Service,Preventive,133547,81390.0,0,Transmission Service at 133547 km
1170,18,2024-02-25,Oil Change,Preventive,142859,20330.0,0,Oil Change at 142859 km
1171,18,2024-03-05,Tire Rotation,Preventive,144568,4270.0,0,Tire Rotation at 144568 km
1172,18,2024-03-11,Air Filter,Preventive,145454,9670.0,0,Air Filter at 145454 km
1173,18,2024-03-12,Engine Tune-Up,Preventive,145454,28850.0,0,Engine Tune-Up at 145454 km
1174,18,2024-03-28,Brake Inspection,Preventive,148097,34560.0,0,Brake Inspection at 148097 km
1175,18,2024-04-23,Overheating,Breakdown,153585,69100.0,7,Overheating at 153585 km
1176,18,2024-05-06,Oil Change,Preventive,154762,16020.0,0,Oil Change at 154762 km
1177,18,2024-05-12,Tire Rotation,Preventive,156318,5700.0,0,Tire Rotation at 156318 km
1178,18,2024-05-18,Alignment,Preventive,157581,9400.0,0,Alignment at 157581 km
1179,18,2024-05-30,Brake Failure,Breakdown,159306,153050.0,1,Brake Failure at 159306 km
1180,18,2024-06-21,Air Filter,Preventive,162940,5920.0,0,Air Filter at 162940 km
1181,18,2024-07-10,Oil Change,Preventive,166651,19480.0,0,Oil Change at 166651 km
1182,18,2024-07-15,Tire Rotation,Preventive,167847,4790.0,0,Tire Rotation at 167847 km
1183,18,2024-09-10,Oil Change,Preventive,178724,38740.0,0,Oil Change at 178724 km
1184,18,2024-09-22,Tire Rotation,Preventive,181519,3710.0,0,Tire Rotation at 181519 km
1185,18,2024-09-23,Brake Inspection,Preventive,181519,21440.0,0,Brake Inspection at 181519 km
1186,18,2024-09-28,Air Filter,Preventive,182522,9000.0,0,Air Filter at 182522 km
1187,18,2024-09-29,Alignment,Preventive,182522,8290.0,0,Alignment at 182522 km
1188,18,2024-10-03,Engine Tune-Up,Preventive,183539,37070.0,0,Engine Tune-Up at 183539 km
1189,18,2024-10-16,Battery Replacement,Preventive,185994,65090.0,0,Battery Replacement at 185994 km
1190,18,2024-11-09,Oil Change,Preventive,189726,23940.0,0,Oil Change at 189726 km
1191,18,2024-11-15,Wiper Replacement,Preventive,190583,5470.0,0,Wiper Replacement at 190583 km
1192,18,2024-11-29,Tire Rotation,Preventive,192944,6740.0,0,Tire Rotation at 192944 km
1193,18,2024-12-28,Coolant Flush,Preventive,198786,15820.0,0,Coolant Flush at 198786 km
1194,18,2025-01-15,Oil Change,Preventive,201745,21140.0,0,Oil Change at 201745 km
1195,18,2025-01-20,Air Filter,Preventive,202410,8800.0,0,Air Filter at 202410 km
1196,18,2025-01-30,Tire Rotation,Preventive,204070,7040.0,0,Tire Rotation at 204070 km
1197,18,2025-02-02,Brake Inspection,Preventive,204308,23220.0,0,Brake Inspection at 204308 km
1198,18,2025-02-08,Alignment,Preventive,205897,12420.0,0,Alignment at 205897 km
1199,18,2025-02-11,Transmission Service,Preventive,206062,98700.0,0,Transmission Service at 206062 km
1200,18,2025-03-23,Oil Change,Preventive,212799,22420.0,0,Oil Change at 212799 km
1201,18,2025-04-04,Overheating,Breakdown,215034,153880.0,7,Overheating at 215034 km
1202,18,2025-04-17,Tire Rotation,Preventive,216020,7910.0,0,Tire Rotation at 216020 km
1203,18,2025-04-28,Engine Tune-Up,Preventive,217692,33780.0,0,Engine Tune-Up at 217692 km
1204,18,2025-05-04,Air Filter,Preventive,219135,7160.0,0,Air Filter at 219135 km
1205,18,2025-05-21,Engine Failure,Breakdown,221940,252180.0,4,Engine Failure at 221940 km
1206,18,2025-06-03,Oil Change,Preventive,223841,21130.0,0,Oil Change at 223841 km
1207,18,2025-06-26,Tire Rotation,Preventive,227603,5920.0,0,Tire Rotation at 227603 km
1208,18,2025-06-29,Brake Inspection,Preventive,227820,34470.0,0,Brake Inspection at 227820 km
1209,18,2025-07-01,Alignment,Preventive,228132,10180.0,0,Alignment at 228132 km
1210,18,2025-08-01,Oil Change,Preventive,235249,27130.0,0,Oil Change at 235249 km
1211,18,2025-08-06,Air Filter,Preventive,236044,6090.0,0,Air Filter at 236044 km
1212,18,2025-08-29,Tire Rotation,Preventive,238896,4830.0,0,Tire Rotation at 238896 km
1213,18,2025-08-30,Brake Failure,Breakdown,239110,92560.0,4,Brake Failure at 239110 km
1214,18,2025-10-20,Oil Change,Preventive,247855,27480.0,0,Oil Change at 247855 km
1215,18,2025-11-11,Tire Rotation,Preventive,251038,5840.0,0,Tire Rotation at 251038 km
1216,18,2025-11-12,Alignment,Preventive,251038,9150.0,0,Alignment at 251038 km
1217,18,2025-11-25,Air Filter,Preventive,252606,9690.0,0,Air Filter at 252606 km
1218,18,2025-12-03,Wiper Replacement,Preventive,254055,8500.0,0,Wiper Replacement at 254055 km
1219,18,2025-12-14,Engine Tune-Up,Preventive,255841,49040.0,0,Engine Tune-Up at 255841 km
1220,18,2025-12-31,Oil Change,Preventive,258969,19160.0,0,Oil Change at 258969 km
1221,19,2023-03-15,Tire Rotation,Preventive,43138,3590.0,0,Tire Rotation at 43138 km
1222,19,2023-04-08,Oil Change,Preventive,48353,20070.0,0,Oil Change at 48353 km
1223,19,2023-05-09,Brake Inspection,Preventive,54179,27500.0,0,Brake Inspection at 54179 km
1224,19,2023-05-14,Air Filter,Preventive,55403,9750.0,0,Air Filter at 55403 km
1225,19,2023-05-28,Alignment,Preventive,57290,7220.0,0,Alignment at 57290 km
1226,19,2023-06-25,Tire Rotation,Preventive,61726,4550.0,0,Tire Rotation at 61726 km
1227,19,2023-07-17,Transmission Failure,Breakdown,66722,387470.0,1,Transmission Failure at 66722 km
1228,19,2023-07-22,Oil Change,Preventive,67224,32990.0,0,Oil Change at 67224 km
1229,19,2023-09-11,Lubrication Failure,Breakdown,79680,96980.0,2,Lubrication Failure at 79680 km
1230,19,2023-09-24,Tire Rotation,Preventive,81713,4170.0,0,Tire Rotation at 81713 km
1231,19,2023-09-25,Brake Failure,Breakdown,81942,122110.0,12,Brake Failure at 81942 km
1232,19,2023-10-10,Engine Tune-Up,Preventive,82072,60310.0,0,Engine Tune-Up at 82072 km
1233,19,2023-10-18,Air Filter,Preventive,83378,7370.0,0,Air Filter at 83378 km
1234,19,2023-11-14,Coolant Flush,Preventive,87901,12330.0,0,Coolant Flush at 87901 km
1235,19,2023-12-11,Alignment,Preventive,93103,7920.0,0,Alignment at 93103 km
1236,19,2023-12-26,Lubrication Failure,Breakdown,96380,115710.0,3,Lubrication Failure at 96380 km
1237,19,2024-01-23,Tire Rotation,Preventive,100439,5580.0,0,Tire Rotation at 100439 km
1238,19,2024-02-12,Wiper Replacement,Preventive,104648,4130.0,0,Wiper Replacement at 104648 km
1239,19,2024-03-20,Air Filter,Preventive,110627,8160.0,0,Air Filter at 110627 km
1240,19,2024-04-08,Oil Change,Preventive,114214,16110.0,0,Oil Change at 114214 km
1241,19,2024-04-28,Tire Rotation,Preventive,118765,2930.0,0,Tire Rotation at 118765 km
1242,19,2024-04-29,Brake Inspection,Preventive,118765,26390.0,0,Brake Inspection at 118765 km
1243,19,2024-06-18,Alignment,Preventive,128774,10100.0,0,Alignment at 128774 km
1244,19,2024-07-09,Oil Change,Preventive,133506,21910.0,0,Oil Change at 133506 km
1245,19,2024-07-21,Engine Tune-Up,Preventive,135986,30370.0,0,Engine Tune-Up at 135986 km
1246,19,2024-07-30,Tire Rotation,Preventive,137042,4210.0,0,Tire Rotation at 137042 km
1247,19,2024-08-03,Air Filter,Preventive,137810,11590.0,0,Air Filter at 137810 km
1248,19,2024-09-16,Transmission Failure,Breakdown,146188,304660.0,8,Transmission Failure at 146188 km
1249,19,2024-10-09,Engine Failure,Breakdown,149353,197270.0,4,Engine Failure at 149353 km
1250,19,2024-10-24,Oil Change,Preventive,151618,27330.0,0,Oil Change at 151618 km
1251,19,2024-10-30,Engine Failure,Breakdown,152412,394740.0,2,Engine Failure at 152412 km
1252,19,2024-11-17,Brake Inspection,Preventive,154601,35060.0,0,Brake Inspection at 154601 km
1253,19,2024-11-25,Tire Rotation,Preventive,155863,5390.0,0,Tire Rotation at 155863 km
1254,19,2024-12-19,Coolant Flush,Preventive,159505,21820.0,0,Coolant Flush at 159505 km
1255,19,2025-01-20,Air Filter,Preventive,165121,5970.0,0,Air Filter at 165121 km
1256,19,2025-01-24,Alignment,Preventive,165458,9610.0,0,Alignment at 165458 km
1257,19,2025-02-18,Oil Change,Preventive,169682,25610.0,0,Oil Change at 169682 km
1258,19,2025-02-24,Brake Failure,Breakdown,170741,89530.0,2,Brake Failure at 170741 km
1259,19,2025-03-22,Tire Rotation,Preventive,175656,7390.0,0,Tire Rotation at 175656 km
1260,19,2025-05-17,Battery Replacement,Preventive,186816,82900.0,0,Battery Replacement at 186816 km
1261,19,2025-05-20,Lubrication Failure,Breakdown,187344,252470.0,4,Lubrication Failure at 187344 km
1262,19,2025-06-20,Air Filter,Preventive,192361,7650.0,0,Air Filter at 192361 km
1263,19,2025-06-28,Tire Rotation,Preventive,193724,8580.0,0,Tire Rotation at 193724 km
1264,19,2025-07-05,Wiper Replacement,Preventive,194443,6420.0,0,Wiper Replacement at 194443 km
1265,19,2025-07-23,Engine Failure,Breakdown,197599,296000.0,2,Engine Failure at 197599 km
1266,19,2025-08-14,Alignment,Preventive,201598,18790.0,0,Alignment at 201598 km
1267,19,2025-08-18,Overheating,Breakdown,202357,95280.0,3,Overheating at 202357 km
1268,19,2025-08-23,Lubrication Failure,Breakdown,203069,99730.0,7,Lubrication Failure at 203069 km
1269,19,2025-09-22,Brake Inspection,Preventive,206714,26430.0,0,Brake Inspection at 206714 km
1270,19,2025-10-22,Tire Rotation,Preventive,212808,5160.0,0,Tire Rotation at 212808 km
1271,19,2025-10-27,Engine Failure,Breakdown,213801,333140.0,2,Engine Failure at 213801 km
1272,19,2025-11-25,Air Filter,Preventive,219546,4710.0,0,Air Filter at 219546 km
1273,19,2025-12-06,Oil Change,Preventive,221120,17050.0,0,Oil Change at 221120 km
1274,20,2023-01-12,Lubrication Failure,Breakdown,43367,173020.0,4,Lubrication Failure at 43367 km
1275,20,2023-03-11,Tire Rotation,Preventive,53712,3760.0,0,Tire Rotation at 53712 km
1276,20,2023-04-16,Oil Change,Preventive,61878,14080.0,0,Oil Change at 61878 km
1277,20,2023-04-22,Brake Inspection,Preventive,63207,30080.0,0,Brake Inspection at 63207 km
1278,20,2023-04-30,Air Filter,Preventive,64597,6440.0,0,Air Filter at 64597 km
1279,20,2023-05-02,Wiper Replacement,Preventive,64843,5650.0,0,Wiper Replacement at 64843 km
1280,20,2023-06-04,Tire Rotation,Preventive,71369,3360.0,0,Tire Rotation at 71369 km
1281,20,2023-06-12,Overheating,Breakdown,73072,70960.0,2,Overheating at 73072 km
1282,20,2023-06-20,Lubrication Failure,Breakdown,74213,92840.0,5,Lubrication Failure at 74213 km
1283,20,2023-07-04,Alignment,Preventive,76296,7410.0,0,Alignment at 76296 km
1284,20,2023-07-12,Engine Tune-Up,Preventive,77412,30300.0,0,Engine Tune-Up at 77412 km
1285,20,2023-09-03,Tire Rotation,Preventive,88098,3360.0,0,Tire Rotation at 88098 km
1286,20,2023-09-15,Air Filter,Preventive,89534,5210.0,0,Air Filter at 89534 km
1287,20,2023-09-29,Overheating,Breakdown,91741,94820.0,2,Overheating at 91741 km
1288,20,2023-10-03,Oil Change,Preventive,91910,18720.0,0,Oil Change at 91910 km
1289,20,2023-11-07,Brake Inspection,Preventive,99339,29950.0,0,Brake Inspection at 99339 km
1290,20,2023-12-05,Tire Rotation,Preventive,104666,3320.0,0,Tire Rotation at 104666 km
1291,20,2023-12-10,Transmission Service,Preventive,105384,147330.0,0,Transmission Service at 105384 km
1292,20,2023-12-23,Battery Replacement,Preventive,107800,62020.0,0,Battery Replacement at 107800 km
1293,20,2023-12-28,Oil Change,Preventive,108595,16630.0,0,Oil Change at 108595 km
1294,20,2024-01-11,Alignment,Preventive,112318,5030.0,0,Alignment at 112318 km
1295,20,2024-01-18,Air Filter,Preventive,113702,6220.0,0,Air Filter at 113702 km
1296,20,2024-02-20,Tire Rotation,Preventive,121404,5770.0,0,Tire Rotation at 121404 km
1297,20,2024-03-17,Oil Change,Preventive,126278,16520.0,0,Oil Change at 126278 km
1298,20,2024-03-18,Engine Tune-Up,Preventive,126278,49230.0,0,Engine Tune-Up at 126278 km
1299,20,2024-04-20,Brake Inspection,Preventive,132322,27950.0,0,Brake Inspection at 132322 km
1300,20,2024-05-05,Brake Failure,Breakdown,134157,74050.0,4,Brake Failure at 134157 km
1301,20,2024-05-29,Tire Rotation,Preventive,138045,4960.0,0,Tire Rotation at 138045 km
1302,20,2024-05-30,Air Filter,Preventive,138045,8330.0,0,Air Filter at 138045 km
1303,20,2024-06-19,Oil Change,Preventive,142575,24070.0,0,Oil Change at 142575 km
1304,20,2024-07-06,Alignment,Preventive,145046,6730.0,0,Alignment at 145046 km
1305,20,2024-08-25,Tire Rotation,Preventive,154331,5390.0,0,Tire Rotation at 154331 km
1306,20,2024-08-29,Wiper Replacement,Preventive,154939,6150.0,0,Wiper Replacement at 154939 km
1307,20,2024-09-09,Coolant Flush,Preventive,157268,12130.0,0,Coolant Flush at 157268 km
1308,20,2024-09-21,Oil Change,Preventive,159351,26750.0,0,Oil Change at 159351 km
1309,20,2024-10-07,Air Filter,Preventive,162683,7190.0,0,Air Filter at 162683 km
1310,20,2024-10-21,Engine Failure,Breakdown,165664,615410.0,8,Engine Failure at 165664 km
1311,20,2024-11-04,Brake Inspection,Preventive,167268,35610.0,0,Brake Inspection at 167268 km
1312,20,2024-11-26,Tire Rotation,Preventive,170859,5110.0,0,Tire Rotation at 170859 km
1313,20,2024-11-30,Overheating,Breakdown,172097,87690.0,6,Overheating at 172097 km
1314,20,2025-01-05,Oil Change,Preventive,177048,32350.0,0,Oil Change at 177048 km
1315,20,2025-01-07,Alignment,Preventive,177299,10730.0,0,Alignment at 177299 km
1316,20,2025-02-28,Tire Rotation,Preventive,187307,5830.0,0,Tire Rotation at 187307 km
1317,20,2025-03-02,Air Filter,Preventive,187517,11510.0,0,Air Filter at 187517 km
1318,20,2025-03-25,Transmission Failure,Breakdown,192675,370550.0,2,Transmission Failure at 192675 km
1319,20,2025-04-06,Oil Change,Preventive,195071,16350.0,0,Oil Change at 195071 km
1320,20,2025-04-30,Brake Inspection,Preventive,199848,39260.0,0,Brake Inspection at 199848 km
1321,20,2025-05-22,Tire Rotation,Preventive,203539,6250.0,0,Tire Rotation at 203539 km
1322,20,2025-06-10,Overheating,Breakdown,207679,77390.0,6,Overheating at 207679 km
1323,20,2025-06-19,Lubrication Failure,Breakdown,208508,84660.0,1,Lubrication Failure at 208508 km
1324,20,2025-06-27,Alignment,Preventive,209668,11710.0,0,Alignment at 209668 km
1325,20,2025-07-19,Air Filter,Preventive,213566,11610.0,0,Air Filter at 213566 km
1326,20,2025-07-27,Engine Tune-Up,Preventive,215535,36080.0,0,Engine Tune-Up at 215535 km
1327,20,2025-08-17,Tire Rotation,Preventive,219822,4870.0,0,Tire Rotation at 219822 km
1328,20,2025-09-09,Oil Change,Preventive,224718,22610.0,0,Oil Change at 224718 km
1329,20,2025-09-11,Brake Failure,Breakdown,225364,361360.0,1,Brake Failure at 225364 km
1330,20,2025-11-15,Tire Rotation,Preventive,237910,6160.0,0,Tire Rotation at 237910 km
1331,20,2025-11-17,Air Filter,Preventive,237910,7150.0,0,Air Filter at 237910 km
1332,20,2025-12-04,Oil Change,Preventive,241074,19070.0,0,Oil Change at 241074 km
1333,20,2025-12-11,Alignment,Preventive,242055,14910.0,0,Alignment at 242055 km
1334,20,2025-12-22,Wiper Replacement,Preventive,243728,5140.0,0,Wiper Replacement at 243728 km
1335,21,2023-03-01,Air Filter,Preventive,78075,6750.0,0,Air Filter at 78075 km
1336,21,2023-03-04,Overheating,Breakdown,78989,51610.0,2,Overheating at 78989 km
1337,21,2023-03-08,Tire Rotation,Preventive,78989,3400.0,0,Tire Rotation at 78989 km
1338,21,2023-03-31,Brake Failure,Breakdown,83988,79630.0,8,Brake Failure at 83988 km
1339,21,2023-04-09,Oil Change,Preventive,83988,16600.0,0,Oil Change at 83988 km
1340,21,2023-04-20,Alignment,Preventive,85587,3740.0,0,Alignment at 85587 km
1341,21,2023-06-07,Tire Rotation,Preventive,95525,2940.0,0,Tire Rotation at 95525 km
1342,21,2023-07-01,Oil Change,Preventive,100595,13520.0,0,Oil Change at 100595 km
1343,21,2023-07-20,Air Filter,Preventive,103682,4130.0,0,Air Filter at 103682 km
1344,21,2023-07-30,Engine Tune-Up,Preventive,105336,32070.0,0,Engine Tune-Up at 105336 km
1345,21,2023-08-25,Wiper Replacement,Preventive,110048,4320.0,0,Wiper Replacement at 110048 km
1346,21,2023-08-31,Transmission Service,Preventive,111392,51260.0,0,Transmission Service at 111392 km
1347,21,2023-09-07,Tire Rotation,Preventive,112836,1860.0,0,Tire Rotation at 112836 km
1348,21,2023-10-05,Oil Change,Preventive,117653,10640.0,0,Oil Change at 117653 km
1349,21,2023-10-18,Brake Inspection,Preventive,121138,15210.0,0,Brake Inspection at 121138 km
1350,21,2023-10-22,Alignment,Preventive,121778,4940.0,0,Alignment at 121778 km
1351,21,2023-11-17,Overheating,Breakdown,127931,27820.0,6,Overheating at 127931 km
1352,21,2023-11-27,Air Filter,Preventive,128426,6150.0,0,Air Filter at 128426 km
1353,21,2023-12-04,Tire Rotation,Preventive,129119,3980.0,0,Tire Rotation at 129119 km
1354,21,2023-12-25,Oil Change,Preventive,134024,34860.0,0,Oil Change at 134024 km
1355,21,2024-02-26,Brake Failure,Breakdown,146069,47430.0,5,Brake Failure at 146069 km
1356,21,2024-03-04,Tire Rotation,Preventive,146069,3920.0,0,Tire Rotation at 146069 km
1357,21,2024-03-09,Brake Failure,Breakdown,147126,51210.0,1,Brake Failure at 147126 km
1358,21,2024-04-01,Lubrication Failure,Breakdown,150430,105190.0,3,Lubrication Failure at 150430 km
1359,21,2024-04-20,Air Filter,Preventive,154373,3420.0,0,Air Filter at 154373 km
1360,21,2024-04-26,Alignment,Preventive,154792,6450.0,0,Alignment at 154792 km
1361,21,2024-04-27,Engine Tune-Up,Preventive,154792,33010.0,0,Engine Tune-Up at 154792 km
1362,21,2024-06-11,Tire Rotation,Preventive,162646,2790.0,0,Tire Rotation at 162646 km
1363,21,2024-07-04,Oil Change,Preventive,167927,12950.0,0,Oil Change at 167927 km
1364,21,2024-08-25,Tire Rotation,Preventive,178965,3180.0,0,Tire Rotation at 178965 km
1365,21,2024-08-27,Air Filter,Preventive,179075,5660.0,0,Air Filter at 179075 km
1366,21,2024-09-09,Brake Inspection,Preventive,180276,29410.0,0,Brake Inspection at 180276 km
1367,21,2024-09-30,Oil Change,Preventive,184844,15840.0,0,Oil Change at 184844 km
1368,21,2024-10-20,Alignment,Preventive,187790,3700.0,0,Alignment at 187790 km
1369,21,2024-11-14,Engine Failure,Breakdown,193952,120400.0,5,Engine Failure at 193952 km
1370,21,2024-11-20,Coolant Flush,Preventive,193952,17620.0,0,Coolant Flush at 193952 km
1371,21,2024-11-26,Tire Rotation,Preventive,195451,3180.0,0,Tire Rotation at 195451 km
1372,21,2024-12-21,Wiper Replacement,Preventive,199480,3840.0,0,Wiper Replacement at 199480 km
1373,21,2025-01-01,Oil Change,Preventive,201980,18610.0,0,Oil Change at 201980 km
1374,21,2025-01-08,Air Filter,Preventive,203413,6510.0,0,Air Filter at 203413 km
1375,21,2025-02-10,Transmission Service,Preventive,208955,59400.0,0,Transmission Service at 208955 km
1376,21,2025-02-27,Tire Rotation,Preventive,212776,3230.0,0,Tire Rotation at 212776 km
1377,21,2025-02-28,Brake Inspection,Preventive,212776,15940.0,0,Brake Inspection at 212776 km
1378,21,2025-03-19,Brake Failure,Breakdown,216326,99240.0,2,Brake Failure at 216326 km
1379,21,2025-04-17,Oil Change,Preventive,221153,14130.0,0,Oil Change at 221153 km
1380,21,2025-04-18,Alignment,Preventive,221153,4820.0,0,Alignment at 221153 km
1381,21,2025-04-25,Battery Replacement,Preventive,223215,57280.0,0,Battery Replacement at 223215 km
1382,21,2025-05-29,Air Filter,Preventive,227797,5180.0,0,Air Filter at 227797 km
1383,21,2025-06-06,Tire Rotation,Preventive,229178,4190.0,0,Tire Rotation at 229178 km
1384,21,2025-06-20,Lubrication Failure,Breakdown,232519,143030.0,2,Lubrication Failure at 232519 km
1385,21,2025-08-05,Brake Failure,Breakdown,242518,97420.0,4,Brake Failure at 242518 km
1386,21,2025-08-17,Engine Tune-Up,Preventive,244232,34550.0,0,Engine Tune-Up at 244232 km
1387,21,2025-08-29,Tire Rotation,Preventive,246770,3610.0,0,Tire Rotation at 246770 km
1388,21,2025-09-08,Oil Change,Preventive,248871,18470.0,0,Oil Change at 248871 km
1389,21,2025-09-25,Air Filter,Preventive,252273,9360.0,0,Air Filter at 252273 km
1390,21,2025-10-02,Alignment,Preventive,254041,6300.0,0,Alignment at 254041 km
1391,21,2025-10-29,Coolant Flush,Preventive,259217,15240.0,0,Coolant Flush at 259217 km
1392,21,2025-11-29,Oil Change,Preventive,265325,23980.0,0,Oil Change at 265325 km
1393,21,2025-11-30,Tire Rotation,Preventive,265325,4330.0,0,Tire Rotation at 265325 km
1394,22,2023-01-18,Tire Rotation,Preventive,113307,3160.0,0,Tire Rotation at 113307 km
1395,22,2023-01-23,Oil Change,Preventive,114281,14790.0,0,Oil Change at 114281 km
1396,22,2023-01-26,Wiper Replacement,Preventive,115157,2260.0,0,Wiper Replacement at 115157 km
1397,22,2023-02-07,Alignment,Preventive,117558,3670.0,0,Alignment at 117558 km
1398,22,2023-02-12,Engine Tune-Up,Preventive,118134,21900.0,0,Engine Tune-Up at 118134 km
1399,22,2023-03-21,Air Filter,Preventive,123863,6540.0,0,Air Filter at 123863 km
1400,22,2023-03-27,Tire Rotation,Preventive,124474,3150.0,0,Tire Rotation at 124474 km
1401,22,2023-04-06,Oil Change,Preventive,125485,12760.0,0,Oil Change at 125485 km
1402,22,2023-04-28,Brake Inspection,Preventive,129945,12320.0,0,Brake Inspection at 129945 km
1403,22,2023-05-03,Transmission Failure,Breakdown,131666,153520.0,2,Transmission Failure at 131666 km
1404,22,2023-05-21,Coolant Flush,Preventive,134794,11400.0,0,Coolant Flush at 134794 km
1405,22,2023-05-25,Tire Rotation,Preventive,135284,5500.0,0,Tire Rotation at 135284 km
1406,22,2023-06-07,Oil Change,Preventive,137967,17670.0,0,Oil Change at 137967 km
1407,22,2023-06-19,Alignment,Preventive,139369,4450.0,0,Alignment at 139369 km
1408,22,2023-06-24,Air Filter,Preventive,140572,4320.0,0,Air Filter at 140572 km
1409,22,2023-06-30,Battery Replacement,Preventive,141964,33870.0,0,Battery Replacement at 141964 km
1410,22,2023-07-26,Tire Rotation,Preventive,146178,4310.0,0,Tire Rotation at 146178 km
1411,22,2023-08-10,Oil Change,Preventive,148734,16830.0,0,Oil Change at 148734 km
1412,22,2023-08-19,Engine Tune-Up,Preventive,150221,28150.0,0,Engine Tune-Up at 150221 km
1413,22,2023-08-27,Brake Inspection,Preventive,151447,15930.0,0,Brake Inspection at 151447 km
1414,22,2023-10-09,Tire Rotation,Preventive,158603,2260.0,0,Tire Rotation at 158603 km
1415,22,2023-10-12,Air Filter,Preventive,158873,3340.0,0,Air Filter at 158873 km
1416,22,2023-10-21,Oil Change,Preventive,160267,22850.0,0,Oil Change at 160267 km
1417,22,2023-10-25,Alignment,Preventive,160933,5130.0,0,Alignment at 160933 km
1418,22,2023-12-12,Tire Rotation,Preventive,169760,2740.0,0,Tire Rotation at 169760 km
1419,22,2023-12-26,Oil Change,Preventive,171107,17180.0,0,Oil Change at 171107 km
1420,22,2024-01-14,Brake Inspection,Preventive,175443,15250.0,0,Brake Inspection at 175443 km
1421,22,2024-01-24,Air Filter,Preventive,176982,7050.0,0,Air Filter at 176982 km
1422,22,2024-01-30,Coolant Flush,Preventive,178402,7100.0,0,Coolant Flush at 178402 km
1423,22,2024-02-08,Tire Rotation,Preventive,180756,4810.0,0,Tire Rotation at 180756 km
1424,22,2024-02-11,Wiper Replacement,Preventive,180756,2840.0,0,Wiper Replacement at 180756 km
1425,22,2024-02-23,Oil Change,Preventive,183105,19620.0,0,Oil Change at 183105 km
1426,22,2024-02-24,Alignment,Preventive,183105,8660.0,0,Alignment at 183105 km
1427,22,2024-02-27,Engine Tune-Up,Preventive,183571,46780.0,0,Engine Tune-Up at 183571 km
1428,22,2024-04-02,Tire Rotation,Preventive,191451,5710.0,0,Tire Rotation at 191451 km
1429,22,2024-04-11,Air Filter,Preventive,193236,6560.0,0,Air Filter at 193236 km
1430,22,2024-04-18,Oil Change,Preventive,194806,15550.0,0,Oil Change at 194806 km
1431,22,2024-04-28,Transmission Service,Preventive,196095,50970.0,0,Transmission Service at 196095 km
1432,22,2024-05-02,Brake Inspection,Preventive,196855,25370.0,0,Brake Inspection at 196855 km
1433,22,2024-06-07,Tire Rotation,Preventive,202880,2940.0,0,Tire Rotation at 202880 km
1434,22,2024-06-22,Oil Change,Preventive,205872,26700.0,0,Oil Change at 205872 km
1435,22,2024-07-02,Alignment,Preventive,208286,7860.0,0,Alignment at 208286 km
1436,22,2024-07-08,Air Filter,Preventive,209572,5550.0,0,Air Filter at 209572 km
1437,22,2024-07-27,Tire Rotation,Preventive,213809,2550.0,0,Tire Rotation at 213809 km
1438,22,2024-08-09,Oil Change,Preventive,216591,17600.0,0,Oil Change at 216591 km
1439,22,2024-08-21,Brake Inspection,Preventive,218752,24860.0,0,Brake Inspection at 218752 km
1440,22,2024-08-23,Engine Tune-Up,Preventive,219195,25230.0,0,Engine Tune-Up at 219195 km
1441,22,2024-09-03,Coolant Flush,Preventive,221348,12320.0,0,Coolant Flush at 221348 km
1442,22,2024-09-25,Tire Rotation,Preventive,225870,2640.0,0,Tire Rotation at 225870 km
1443,22,2024-10-07,Oil Change,Preventive,228105,21680.0,0,Oil Change at 228105 km
1444,22,2024-10-08,Air Filter,Preventive,228105,4040.0,0,Air Filter at 228105 km
1445,22,2024-10-25,Alignment,Preventive,232045,7320.0,0,Alignment at 232045 km
1446,22,2024-11-26,Tire Rotation,Preventive,237444,5710.0,0,Tire Rotation at 237444 km
1447,22,2024-12-10,Oil Change,Preventive,239323,16430.0,0,Oil Change at 239323 km
1448,22,2024-12-19,Brake Inspection,Preventive,241255,23600.0,0,Brake Inspection at 241255 km
1449,22,2025-01-08,Air Filter,Preventive,244545,8340.0,0,Air Filter at 244545 km
1450,22,2025-02-01,Tire Rotation,Preventive,248347,6900.0,0,Tire Rotation at 248347 km
1451,22,2025-02-15,Oil Change,Preventive,252040,18150.0,0,Oil Change at 252040 km
1452,22,2025-02-18,Engine Tune-Up,Preventive,252614,40390.0,0,Engine Tune-Up at 252614 km
1453,22,2025-02-24,Alignment,Preventive,254000,8390.0,0,Alignment at 254000 km
1454,22,2025-03-01,Wiper Replacement,Preventive,254957,2970.0,0,Wiper Replacement at 254957 km
1455,22,2025-03-24,Tire Rotation,Preventive,259581,2890.0,0,Tire Rotation at 259581 km
1456,22,2025-04-09,Oil Change,Preventive,263802,15380.0,0,Oil Change at 263802 km
1457,22,2025-04-10,Brake Inspection,Preventive,263802,38300.0,0,Brake Inspection at 263802 km
1458,22,2025-04-13,Air Filter,Preventive,264599,4950.0,0,Air Filter at 264599 km
1459,22,2025-04-15,Coolant Flush,Preventive,264669,11080.0,0,Coolant Flush at 264669 km
1460,22,2025-04-25,Transmission Service,Preventive,267248,66370.0,0,Transmission Service at 267248 km
1461,22,2025-05-05,Battery Replacement,Preventive,268275,38420.0,0,Battery Replacement at 268275 km
1462,22,2025-05-17,Tire Rotation,Preventive,270706,3870.0,0,Tire Rotation at 270706 km
1463,22,2025-06-08,Oil Change,Preventive,274528,31430.0,0,Oil Change at 274528 km
1464,22,2025-06-14,Alignment,Preventive,275848,10100.0,0,Alignment at 275848 km
1465,22,2025-07-13,Tire Rotation,Preventive,282279,4360.0,0,Tire Rotation at 282279 km
1466,22,2025-07-16,Air Filter,Preventive,282808,8910.0,0,Air Filter at 282808 km
1467,22,2025-07-27,Engine Tune-Up,Preventive,284750,31680.0,0,Engine Tune-Up at 284750 km
1468,22,2025-07-30,Oil Change,Preventive,285424,31880.0,0,Oil Change at 285424 km
1469,22,2025-08-04,Brake Inspection,Preventive,286923,19550.0,0,Brake Inspection at 286923 km
1470,22,2025-09-21,Tire Rotation,Preventive,295538,3840.0,0,Tire Rotation at 295538 km
1471,22,2025-10-02,Oil Change,Preventive,297318,21900.0,0,Oil Change at 297318 km
1472,22,2025-10-08,Alignment,Preventive,298190,8640.0,0,Alignment at 298190 km
1473,22,2025-10-15,Air Filter,Preventive,299566,6380.0,0,Air Filter at 299566 km
1474,22,2025-11-21,Oil Change,Preventive,308038,25120.0,0,Oil Change at 308038 km
1475,22,2025-11-25,Tire Rotation,Preventive,308891,3930.0,0,Tire Rotation at 308891 km
1476,22,2025-11-27,Brake Inspection,Preventive,308891,25150.0,0,Brake Inspection at 308891 km
1477,22,2025-11-29,Coolant Flush,Preventive,309178,14950.0,0,Coolant Flush at 309178 km
1478,23,2023-01-15,Oil Change,Preventive,62497,15400.0,0,Oil Change at 62497 km
1479,23,2023-01-19,Tire Rotation,Preventive,62765,3120.0,0,Tire Rotation at 62765 km
1480,23,2023-01-31,Air Filter,Preventive,65657,4290.0,0,Air Filter at 65657 km
1481,23,2023-02-07,Alignment,Preventive,66804,4510.0,0,Alignment at 66804 km
1482,23,2023-03-15,Brake Inspection,Preventive,73161,14670.0,0,Brake Inspection at 73161 km
1483,23,2023-03-21,Oil Change,Preventive,74094,10240.0,0,Oil Change at 74094 km
1484,23,2023-03-22,Tire Rotation,Preventive,74094,2140.0,0,Tire Rotation at 74094 km
1485,23,2023-04-01,Engine Tune-Up,Preventive,75860,16370.0,0,Engine Tune-Up at 75860 km
1486,23,2023-04-11,Coolant Flush,Preventive,77140,8530.0,0,Coolant Flush at 77140 km
1487,23,2023-05-01,Wiper Replacement,Preventive,80967,3530.0,0,Wiper Replacement at 80967 km
1488,23,2023-05-22,Air Filter,Preventive,84172,3720.0,0,Air Filter at 84172 km
1489,23,2023-05-31,Oil Change,Preventive,85083,13750.0,0,Oil Change at 85083 km
1490,23,2023-06-03,Tire Rotation,Preventive,85525,2490.0,0,Tire Rotation at 85525 km
1491,23,2023-06-26,Alignment,Preventive,88794,5850.0,0,Alignment at 88794 km
1492,23,2023-07-11,Transmission Service,Preventive,91595,58880.0,0,Transmission Service at 91595 km
1493,23,2023-07-29,Brake Inspection,Preventive,95524,18010.0,0,Brake Inspection at 95524 km
1494,23,2023-08-09,Oil Change,Preventive,97462,19420.0,0,Oil Change at 97462 km
1495,23,2023-08-12,Tire Rotation,Preventive,97874,3900.0,0,Tire Rotation at 97874 km
1496,23,2023-08-26,Air Filter,Preventive,101092,2980.0,0,Air Filter at 101092 km
1497,23,2023-10-08,Oil Change,Preventive,108540,13640.0,0,Oil Change at 108540 km
1498,23,2023-10-10,Tire Rotation,Preventive,108787,1970.0,0,Tire Rotation at 108787 km
1499,23,2023-10-11,Engine Tune-Up,Preventive,108787,24990.0,0,Engine Tune-Up at 108787 km
1500,23,2023-10-21,Alignment,Preventive,111709,5930.0,0,Alignment at 111709 km
1501,23,2023-11-28,Oil Change,Preventive,119360,18930.0,0,Oil Change at 119360 km
1502,23,2023-12-01,Tire Rotation,Preventive,119662,3010.0,0,Tire Rotation at 119662 km
1503,23,2023-12-02,Brake Inspection,Preventive,119662,12470.0,0,Brake Inspection at 119662 km
1504,23,2023-12-04,Air Filter,Preventive,119662,5190.0,0,Air Filter at 119662 km
1505,23,2023-12-09,Coolant Flush,Preventive,120383,11430.0,0,Coolant Flush at 120383 km
1506,23,2024-01-25,Oil Change,Preventive,130344,17170.0,0,Oil Change at 130344 km
1507,23,2024-01-28,Tire Rotation,Preventive,130921,2270.0,0,Tire Rotation at 130921 km
1508,23,2024-02-25,Air Filter,Preventive,137228,6640.0,0,Air Filter at 137228 km
1509,23,2024-03-05,Alignment,Preventive,138229,5840.0,0,Alignment at 138229 km
1510,23,2024-03-28,Oil Change,Preventive,142128,14600.0,0,Oil Change at 142128 km
1511,23,2024-03-29,Tire Rotation,Preventive,142128,4780.0,0,Tire Rotation at 142128 km
1512,23,2024-03-31,Brake Inspection,Preventive,142404,13250.0,0,Brake Inspection at 142404 km
1513,23,2024-04-04,Engine Tune-Up,Preventive,142721,35880.0,0,Engine Tune-Up at 142721 km
1514,23,2024-05-15,Wiper Replacement,Preventive,151859,2930.0,0,Wiper Replacement at 151859 km
1515,23,2024-05-24,Oil Change,Preventive,153476,10020.0,0,Oil Change at 153476 km
1516,23,2024-05-28,Tire Rotation,Preventive,154011,3770.0,0,Tire Rotation at 154011 km
1517,23,2024-05-29,Air Filter,Preventive,154011,5520.0,0,Air Filter at 154011 km
1518,23,2024-06-13,Transmission Service,Preventive,157010,60800.0,0,Transmission Service at 157010 km
1519,23,2024-06-29,Alignment,Preventive,159887,4480.0,0,Alignment at 159887 km
1520,23,2024-07-26,Oil Change,Preventive,165024,19360.0,0,Oil Change at 165024 km
1521,23,2024-07-31,Tire Rotation,Preventive,166092,3680.0,0,Tire Rotation at 166092 km
1522,23,2024-08-07,Brake Inspection,Preventive,167334,32550.0,0,Brake Inspection at 167334 km
1523,23,2024-08-08,Coolant Flush,Preventive,167334,7540.0,0,Coolant Flush at 167334 km
1524,23,2024-08-21,Air Filter,Preventive,170308,6350.0,0,Air Filter at 170308 km
1525,23,2024-09-17,Engine Tune-Up,Preventive,175697,27010.0,0,Engine Tune-Up at 175697 km
1526,23,2024-09-19,Oil Change,Preventive,175874,13200.0,0,Oil Change at 175874 km
1527,23,2024-09-28,Tire Rotation,Preventive,177788,4490.0,0,Tire Rotation at 177788 km
1528,23,2024-10-12,Battery Replacement,Preventive,180566,53170.0,0,Battery Replacement at 180566 km
1529,23,2024-10-20,Alignment,Preventive,181730,6920.0,0,Alignment at 181730 km
1530,23,2024-11-25,Oil Change,Preventive,187954,17110.0,0,Oil Change at 187954 km
1531,23,2024-11-27,Air Filter,Preventive,188136,7470.0,0,Air Filter at 188136 km
1532,23,2024-12-07,Tire Rotation,Preventive,189410,4030.0,0,Tire Rotation at 189410 km
1533,23,2024-12-08,Brake Inspection,Preventive,189410,17550.0,0,Brake Inspection at 189410 km
1534,23,2025-01-17,Oil Change,Preventive,199155,16920.0,0,Oil Change at 199155 km
1535,23,2025-01-26,Tire Rotation,Preventive,200736,3280.0,0,Tire Rotation at 200736 km
1536,23,2025-02-10,Alignment,Preventive,203333,5120.0,0,Alignment at 203333 km
1537,23,2025-02-15,Air Filter,Preventive,204348,8480.0,0,Air Filter at 204348 km
1538,23,2025-03-13,Engine Tune-Up,Preventive,208121,29120.0,0,Engine Tune-Up at 208121 km
1539,23,2025-03-24,Oil Change,Preventive,210186,21960.0,0,Oil Change at 210186 km
1540,23,2025-03-30,Coolant Flush,Preventive,210949,14420.0,0,Coolant Flush at 210949 km
1541,23,2025-04-01,Brake Inspection,Preventive,211383,20610.0,0,Brake Inspection at 211383 km
1542,23,2025-04-03,Tire Rotation,Preventive,211672,2910.0,0,Tire Rotation at 211672 km
1543,23,2025-05-24,Oil Change,Preventive,221304,22000.0,0,Oil Change at 221304 km
1544,23,2025-05-29,Air Filter,Preventive,222074,4250.0,0,Air Filter at 222074 km
1545,23,2025-05-30,Transmission Service,Preventive,222074,75400.0,0,Transmission Service at 222074 km
1546,23,2025-06-02,Tire Rotation,Preventive,222654,3280.0,0,Tire Rotation at 222654 km
1547,23,2025-06-03,Wiper Replacement,Preventive,222654,3900.0,0,Wiper Replacement at 222654 km
1548,23,2025-06-23,Alignment,Preventive,225574,5980.0,0,Alignment at 225574 km
1549,23,2025-08-03,Oil Change,Preventive,232181,17020.0,0,Oil Change at 232181 km
1550,23,2025-08-15,Tire Rotation,Preventive,234380,4190.0,0,Tire Rotation at 234380 km
1551,23,2025-08-17,Brake Inspection,Preventive,234673,19030.0,0,Brake Inspection at 234673 km
1552,23,2025-09-06,Air Filter,Preventive,238299,8670.0,0,Air Filter at 238299 km
1553,23,2025-09-30,Engine Tune-Up,Preventive,242848,26470.0,0,Engine Tune-Up at 242848 km
1554,23,2025-10-02,Oil Change,Preventive,243450,21210.0,0,Oil Change at 243450 km
1555,23,2025-10-15,Tire Rotation,Preventive,245231,3290.0,0,Tire Rotation at 245231 km
1556,23,2025-10-30,Alignment,Preventive,248205,4800.0,0,Alignment at 248205 km
1557,23,2025-12-14,Oil Change,Preventive,255016,19010.0,0,Oil Change at 255016 km
1558,23,2025-12-16,Air Filter,Preventive,255276,5250.0,0,Air Filter at 255276 km
1559,23,2025-12-21,Tire Rotation,Preventive,256030,2910.0,0,Tire Rotation at 256030 km
1560,23,2025-12-24,Brake Inspection,Preventive,256436,35570.0,0,Brake Inspection at 256436 km
1561,24,2023-02-25,Oil Change,Preventive,102885,13910.0,0,Oil Change at 102885 km
1562,24,2023-03-13,Tire Rotation,Preventive,104779,4490.0,0,Tire Rotation at 104779 km
1563,24,2023-04-06,Brake Inspection,Preventive,109185,19420.0,0,Brake Inspection at 109185 km
1564,24,2023-04-15,Air Filter,Preventive,110442,4520.0,0,Air Filter at 110442 km
1565,24,2023-05-11,Engine Failure,Breakdown,115733,177270.0,5,Engine Failure at 115733 km
1566,24,2023-05-22,Alignment,Preventive,116901,3840.0,0,Alignment at 116901 km
1567,24,2023-06-10,Oil Change,Preventive,120368,9550.0,0,Oil Change at 120368 km
1568,24,2023-06-21,Tire Rotation,Preventive,122345,2580.0,0,Tire Rotation at 122345 km
1569,24,2023-08-28,Air Filter,Preventive,136657,6240.0,0,Air Filter at 136657 km
1570,24,2023-09-05,Oil Change,Preventive,137607,25450.0,0,Oil Change at 137607 km
1571,24,2023-09-14,Tire Rotation,Preventive,139974,3810.0,0,Tire Rotation at 139974 km
1572,24,2023-09-17,Transmission Failure,Breakdown,140686,63310.0,6,Transmission Failure at 140686 km
1573,24,2023-10-07,Brake Inspection,Preventive,143773,25030.0,0,Brake Inspection at 143773 km
1574,24,2023-11-03,Coolant Flush,Preventive,150042,10270.0,0,Coolant Flush at 150042 km
1575,24,2023-11-13,Alignment,Preventive,151857,8060.0,0,Alignment at 151857 km
1576,24,2023-12-03,Oil Change,Preventive,155226,19590.0,0,Oil Change at 155226 km
1577,24,2023-12-18,Tire Rotation,Preventive,157352,2520.0,0,Tire Rotation at 157352 km
1578,24,2024-01-14,Air Filter,Preventive,163336,6190.0,0,Air Filter at 163336 km
1579,24,2024-01-30,Engine Tune-Up,Preventive,167297,28250.0,0,Engine Tune-Up at 167297 km
1580,24,2024-02-26,Oil Change,Preventive,172773,14970.0,0,Oil Change at 172773 km
1581,24,2024-03-04,Battery Replacement,Preventive,174133,52040.0,0,Battery Replacement at 174133 km
1582,24,2024-03-08,Tire Rotation,Preventive,175039,3600.0,0,Tire Rotation at 175039 km
1583,24,2024-03-27,Brake Inspection,Preventive,179213,20360.0,0,Brake Inspection at 179213 km
1584,24,2024-03-29,Wiper Replacement,Preventive,179815,3500.0,0,Wiper Replacement at 179815 km
1585,24,2024-05-05,Alignment,Preventive,186901,7260.0,0,Alignment at 186901 km
1586,24,2024-05-18,Air Filter,Preventive,189203,4740.0,0,Air Filter at 189203 km
1587,24,2024-05-23,Oil Change,Preventive,190161,19300.0,0,Oil Change at 190161 km
1588,24,2024-06-03,Tire Rotation,Preventive,192230,3330.0,0,Tire Rotation at 192230 km
1589,24,2024-07-27,Engine Failure,Breakdown,204375,294160.0,2,Engine Failure at 204375 km
1590,24,2024-08-16,Oil Change,Preventive,207365,20180.0,0,Oil Change at 207365 km
1591,24,2024-09-02,Tire Rotation,Preventive,210528,3310.0,0,Tire Rotation at 210528 km
1592,24,2024-09-14,Overheating,Breakdown,212940,34690.0,2,Overheating at 212940 km
1593,24,2024-10-03,Brake Inspection,Preventive,216155,27040.0,0,Brake Inspection at 216155 km
1594,24,2024-10-08,Air Filter,Preventive,217276,4100.0,0,Air Filter at 217276 km
1595,24,2024-10-28,Alignment,Preventive,221227,8740.0,0,Alignment at 221227 km
1596,24,2024-11-21,Transmission Failure,Breakdown,226285,155540.0,6,Transmission Failure at 226285 km
1597,24,2024-11-29,Oil Change,Preventive,226561,16480.0,0,Oil Change at 226561 km
1598,24,2024-12-10,Tire Rotation,Preventive,228502,6210.0,0,Tire Rotation at 228502 km
1599,24,2025-02-20,Oil Change,Preventive,244088,22440.0,0,Oil Change at 244088 km
1600,24,2025-02-21,Air Filter,Preventive,244088,3890.0,0,Air Filter at 244088 km
1601,24,2025-03-08,Tire Rotation,Preventive,247156,4840.0,0,Tire Rotation at 247156 km
1602,24,2025-04-01,Brake Inspection,Preventive,250951,22710.0,0,Brake Inspection at 250951 km
1603,24,2025-04-26,Alignment,Preventive,256469,10420.0,0,Alignment at 256469 km
1604,24,2025-05-06,Engine Tune-Up,Preventive,257592,28990.0,0,Engine Tune-Up at 257592 km
1605,24,2025-06-02,Oil Change,Preventive,262904,17250.0,0,Oil Change at 262904 km
1606,24,2025-06-12,Tire Rotation,Preventive,265093,4040.0,0,Tire Rotation at 265093 km
1607,24,2025-07-13,Air Filter,Preventive,271767,5530.0,0,Air Filter at 271767 km
1608,24,2025-07-31,Brake Failure,Breakdown,275623,70410.0,2,Brake Failure at 275623 km
1609,24,2025-08-16,Overheating,Breakdown,278098,47040.0,2,Overheating at 278098 km
1610,24,2025-08-20,Wiper Replacement,Preventive,278279,5370.0,0,Wiper Replacement at 278279 km
1611,24,2025-09-07,Oil Change,Preventive,280344,13770.0,0,Oil Change at 280344 km
1612,24,2025-09-19,Tire Rotation,Preventive,282329,3200.0,0,Tire Rotation at 282329 km
1613,24,2025-11-07,Alignment,Preventive,291018,7390.0,0,Alignment at 291018 km
1614,24,2025-11-25,Transmission Failure,Breakdown,294721,120820.0,4,Transmission Failure at 294721 km
1615,24,2025-12-16,Oil Change,Preventive,297735,12450.0,0,Oil Change at 297735 km
1616,24,2025-12-19,Air Filter,Preventive,298462,8140.0,0,Air Filter at 298462 km
1617,25,2023-03-25,Oil Change,Preventive,51070,23570.0,0,Oil Change at 51070 km
1618,25,2023-04-18,Tire Rotation,Preventive,54352,1880.0,0,Tire Rotation at 54352 km
1619,25,2023-05-10,Alignment,Preventive,58524,5070.0,0,Alignment at 58524 km
1620,25,2023-05-19,Lubrication Failure,Breakdown,60325,43870.0,5,Lubrication Failure at 60325 km
1621,25,2023-05-27,Brake Failure,Breakdown,60983,71130.0,9,Brake Failure at 60983 km
1622,25,2023-06-06,Air Filter,Preventive,60983,2930.0,0,Air Filter at 60983 km
1623,25,2023-07-30,Engine Tune-Up,Preventive,71237,29700.0,0,Engine Tune-Up at 71237 km
1624,25,2023-08-10,Tire Rotation,Preventive,72965,3040.0,0,Tire Rotation at 72965 km
1625,25,2023-09-15,Oil Change,Preventive,79552,19940.0,0,Oil Change at 79552 km
1626,25,2023-09-24,Coolant Flush,Preventive,81243,7000.0,0,Coolant Flush at 81243 km
1627,25,2023-11-05,Air Filter,Preventive,90228,4630.0,0,Air Filter at 90228 km
1628,25,2023-11-10,Tire Rotation,Preventive,91453,3880.0,0,Tire Rotation at 91453 km
1629,25,2023-11-30,Lubrication Failure,Breakdown,95288,104380.0,2,Lubrication Failure at 95288 km
1630,25,2023-12-08,Alignment,Preventive,96404,3020.0,0,Alignment at 96404 km
1631,25,2023-12-19,Brake Inspection,Preventive,97904,22610.0,0,Brake Inspection at 97904 km
1632,25,2024-01-24,Lubrication Failure,Breakdown,105345,119840.0,1,Lubrication Failure at 105345 km
1633,25,2024-02-19,Tire Rotation,Preventive,110051,3120.0,0,Tire Rotation at 110051 km
1634,25,2024-02-24,Transmission Service,Preventive,111087,63780.0,0,Transmission Service at 111087 km
1635,25,2024-04-03,Air Filter,Preventive,117865,7760.0,0,Air Filter at 117865 km
1636,25,2024-04-30,Wiper Replacement,Preventive,122662,2860.0,0,Wiper Replacement at 122662 km
1637,25,2024-05-09,Oil Change,Preventive,124135,12680.0,0,Oil Change at 124135 km
1638,25,2024-05-26,Engine Tune-Up,Preventive,126650,58880.0,0,Engine Tune-Up at 126650 km
1639,25,2024-06-04,Tire Rotation,Preventive,128932,3540.0,0,Tire Rotation at 128932 km
1640,25,2024-07-01,Alignment,Preventive,133738,4610.0,0,Alignment at 133738 km
1641,25,2024-07-08,Brake Inspection,Preventive,134865,19680.0,0,Brake Inspection at 134865 km
1642,25,2024-08-23,Oil Change,Preventive,144999,12350.0,0,Oil Change at 144999 km
1643,25,2024-08-28,Air Filter,Preventive,145805,5220.0,0,Air Filter at 145805 km
1644,25,2024-09-10,Tire Rotation,Preventive,147771,3080.0,0,Tire Rotation at 147771 km
1645,25,2024-10-12,Battery Replacement,Preventive,154558,74230.0,0,Battery Replacement at 154558 km
1646,25,2024-10-22,Coolant Flush,Preventive,156079,13610.0,0,Coolant Flush at 156079 km
1647,25,2024-11-14,Lubrication Failure,Breakdown,160569,44190.0,2,Lubrication Failure at 160569 km
1648,25,2024-12-26,Tire Rotation,Preventive,166986,3780.0,0,Tire Rotation at 166986 km
1649,25,2025-01-22,Brake Inspection,Preventive,172569,34140.0,0,Brake Inspection at 172569 km
1650,25,2025-01-26,Alignment,Preventive,173005,6190.0,0,Alignment at 173005 km
1651,25,2025-01-30,Air Filter,Preventive,173617,7340.0,0,Air Filter at 173617 km
1652,25,2025-02-13,Engine Failure,Breakdown,176309,137530.0,3,Engine Failure at 176309 km
1653,25,2025-03-03,Oil Change,Preventive,179473,11580.0,0,Oil Change at 179473 km
1654,25,2025-04-02,Tire Rotation,Preventive,185416,5380.0,0,Tire Rotation at 185416 km
1655,25,2025-05-14,Engine Failure,Breakdown,193670,484570.0,1,Engine Failure at 193670 km
1656,25,2025-06-11,Oil Change,Preventive,198866,16170.0,0,Oil Change at 198866 km
1657,25,2025-06-28,Air Filter,Preventive,201266,5180.0,0,Air Filter at 201266 km
1658,25,2025-07-06,Brake Failure,Breakdown,202891,66160.0,2,Brake Failure at 202891 km
1659,25,2025-07-15,Tire Rotation,Preventive,203844,5630.0,0,Tire Rotation at 203844 km
1660,25,2025-08-18,Alignment,Preventive,210536,7370.0,0,Alignment at 210536 km
1661,25,2025-08-28,Lubrication Failure,Breakdown,213478,146280.0,7,Lubrication Failure at 213478 km
1662,25,2025-09-30,Wiper Replacement,Preventive,218269,2970.0,0,Wiper Replacement at 218269 km
1663,25,2025-10-20,Transmission Service,Preventive,221319,92920.0,0,Transmission Service at 221319 km
1664,25,2025-10-30,Tire Rotation,Preventive,222725,4920.0,0,Tire Rotation at 222725 km
1665,25,2025-12-09,Engine Failure,Breakdown,229156,406210.0,2,Engine Failure at 229156 km
1666,25,2025-12-12,Air Filter,Preventive,229156,8690.0,0,Air Filter at 229156 km
1667,25,2025-12-19,Coolant Flush,Preventive,230346,13550.0,0,Coolant Flush at 230346 km
1668,26,2023-01-30,Oil Change,Preventive,112055,7890.0,0,Oil Change at 112055 km
1669,26,2023-02-01,Alignment,Preventive,112287,4180.0,0,Alignment at 112287 km
1670,26,2023-02-10,Tire Rotation,Preventive,113633,2870.0,0,Tire Rotation at 113633 km
1671,26,2023-02-21,Brake Inspection,Preventive,115798,19800.0,0,Brake Inspection at 115798 km
1672,26,2023-04-12,Air Filter,Preventive,124779,3700.0,0,Air Filter at 124779 km
1673,26,2023-04-19,Oil Change,Preventive,125678,17020.0,0,Oil Change at 125678 km
1674,26,2023-04-26,Tire Rotation,Preventive,127214,2320.0,0,Tire Rotation at 127214 km
1675,26,2023-05-21,Wiper Replacement,Preventive,131771,4290.0,0,Wiper Replacement at 131771 km
1676,26,2023-06-19,Transmission Service,Preventive,138093,62120.0,0,Transmission Service at 138093 km
1677,26,2023-06-27,Oil Change,Preventive,139775,17040.0,0,Oil Change at 139775 km
1678,26,2023-06-28,Alignment,Preventive,139775,5610.0,0,Alignment at 139775 km
1679,26,2023-07-06,Tire Rotation,Preventive,141027,3310.0,0,Tire Rotation at 141027 km
1680,26,2023-07-07,Engine Tune-Up,Preventive,141027,34910.0,0,Engine Tune-Up at 141027 km
1681,26,2023-07-18,Brake Inspection,Preventive,143418,18780.0,0,Brake Inspection at 143418 km
1682,26,2023-08-02,Air Filter,Preventive,145390,4110.0,0,Air Filter at 145390 km
1683,26,2023-09-20,Oil Change,Preventive,154304,23160.0,0,Oil Change at 154304 km
1684,26,2023-09-21,Coolant Flush,Preventive,154304,8960.0,0,Coolant Flush at 154304 km
1685,26,2023-09-28,Tire Rotation,Preventive,155604,2320.0,0,Tire Rotation at 155604 km
1686,26,2023-11-25,Air Filter,Preventive,165818,4830.0,0,Air Filter at 165818 km
1687,26,2023-12-03,Alignment,Preventive,167520,5980.0,0,Alignment at 167520 km
1688,26,2023-12-05,Oil Change,Preventive,167969,10630.0,0,Oil Change at 167969 km
1689,26,2023-12-12,Tire Rotation,Preventive,169265,3200.0,0,Tire Rotation at 169265 km
1690,26,2023-12-29,Brake Inspection,Preventive,174151,21040.0,0,Brake Inspection at 174151 km
1691,26,2024-02-13,Oil Change,Preventive,183267,22350.0,0,Oil Change at 183267 km
1692,26,2024-02-19,Tire Rotation,Preventive,183611,4270.0,0,Tire Rotation at 183611 km
1693,26,2024-02-21,Engine Tune-Up,Preventive,184186,29600.0,0,Engine Tune-Up at 184186 km
1694,26,2024-03-18,Air Filter,Preventive,186830,4290.0,0,Air Filter at 186830 km
1695,26,2024-04-26,Alignment,Preventive,195717,4420.0,0,Alignment at 195717 km
1696,26,2024-05-06,Oil Change,Preventive,196871,16680.0,0,Oil Change at 196871 km
1697,26,2024-05-10,Tire Rotation,Preventive,197962,3590.0,0,Tire Rotation at 197962 km
1698,26,2024-06-04,Brake Inspection,Preventive,201386,21780.0,0,Brake Inspection at 201386 km
1699,26,2024-07-08,Air Filter,Preventive,207080,5610.0,0,Air Filter at 207080 km
1700,26,2024-07-17,Coolant Flush,Preventive,209270,10810.0,0,Coolant Flush at 209270 km
1701,26,2024-08-02,Oil Change,Preventive,211560,33510.0,0,Oil Change at 211560 km
1702,26,2024-08-07,Tire Rotation,Preventive,211821,5030.0,0,Tire Rotation at 211821 km
1703,26,2024-08-09,Wiper Replacement,Preventive,212322,3000.0,0,Wiper Replacement at 212322 km
1704,26,2024-09-15,Transmission Service,Preventive,219522,86480.0,0,Transmission Service at 219522 km
1705,26,2024-09-26,Alignment,Preventive,222779,5920.0,0,Alignment at 222779 km
1706,26,2024-10-11,Oil Change,Preventive,225104,17960.0,0,Oil Change at 225104 km
1707,26,2024-10-19,Tire Rotation,Preventive,225488,5760.0,0,Tire Rotation at 225488 km
1708,26,2024-10-24,Engine Tune-Up,Preventive,226347,45230.0,0,Engine Tune-Up at 226347 km
1709,26,2024-10-28,Battery Replacement,Preventive,226790,59780.0,0,Battery Replacement at 226790 km
1710,26,2024-11-05,Air Filter,Preventive,228235,4950.0,0,Air Filter at 228235 km
1711,26,2024-11-07,Brake Inspection,Preventive,228496,24130.0,0,Brake Inspection at 228496 km
1712,26,2024-12-21,Oil Change,Preventive,238750,19860.0,0,Oil Change at 238750 km
1713,26,2024-12-25,Tire Rotation,Preventive,239044,4610.0,0,Tire Rotation at 239044 km
1714,26,2025-02-17,Air Filter,Preventive,250324,6960.0,0,Air Filter at 250324 km
1715,26,2025-02-19,Alignment,Preventive,250934,3370.0,0,Alignment at 250934 km
1716,26,2025-03-04,Oil Change,Preventive,253396,22460.0,0,Oil Change at 253396 km
1717,26,2025-03-05,Tire Rotation,Preventive,253396,5270.0,0,Tire Rotation at 253396 km
1718,26,2025-03-22,Brake Inspection,Preventive,256964,28550.0,0,Brake Inspection at 256964 km
1719,26,2025-04-28,Coolant Flush,Preventive,263527,15610.0,0,Coolant Flush at 263527 km
1720,26,2025-05-18,Oil Change,Preventive,267208,22190.0,0,Oil Change at 267208 km
1721,26,2025-05-22,Tire Rotation,Preventive,267890,2750.0,0,Tire Rotation at 267890 km
1722,26,2025-05-23,Engine Tune-Up,Preventive,267890,28690.0,0,Engine Tune-Up at 267890 km
1723,26,2025-06-15,Air Filter,Preventive,271668,5860.0,0,Air Filter at 271668 km
1724,26,2025-08-01,Alignment,Preventive,278600,7490.0,0,Alignment at 278600 km
1725,26,2025-08-13,Oil Change,Preventive,280981,19690.0,0,Oil Change at 280981 km
1726,26,2025-08-19,Tire Rotation,Preventive,281649,4230.0,0,Tire Rotation at 281649 km
1727,26,2025-08-31,Brake Inspection,Preventive,284043,19630.0,0,Brake Inspection at 284043 km
1728,26,2025-10-07,Air Filter,Preventive,292267,6180.0,0,Air Filter at 292267 km
1729,26,2025-10-15,Lubrication Failure,Breakdown,294147,77000.0,4,Lubrication Failure at 294147 km
1730,26,2025-10-22,Wiper Replacement,Preventive,294728,4180.0,0,Wiper Replacement at 294728 km
1731,26,2025-11-02,Tire Rotation,Preventive,296284,5470.0,0,Tire Rotation at 296284 km
1732,26,2025-11-24,Transmission Service,Preventive,302920,107960.0,0,Transmission Service at 302920 km
1733,26,2025-12-08,Alignment,Preventive,305799,9320.0,0,Alignment at 305799 km
1734,26,2025-12-19,Oil Change,Preventive,307806,15220.0,0,Oil Change at 307806 km
1735,26,2025-12-27,Engine Tune-Up,Preventive,309530,33340.0,0,Engine Tune-Up at 309530 km
1736,27,2023-01-13,Tire Rotation,Preventive,98381,4270.0,0,Tire Rotation at 98381 km
1737,27,2023-02-03,Air Filter,Preventive,102304,3550.0,0,Air Filter at 102304 km
1738,27,2023-02-15,Alignment,Preventive,103429,4610.0,0,Alignment at 103429 km
1739,27,2023-02-24,Engine Failure,Breakdown,105640,223520.0,4,Engine Failure at 105640 km
1740,27,2023-03-02,Coolant Flush,Preventive,105640,9890.0,0,Coolant Flush at 105640 km
1741,27,2023-03-04,Oil Change,Preventive,105885,14490.0,0,Oil Change at 105885 km
1742,27,2023-03-30,Tire Rotation,Preventive,110418,4170.0,0,Tire Rotation at 110418 km
1743,27,2023-04-29,Brake Inspection,Preventive,117399,20500.0,0,Brake Inspection at 117399 km
1744,27,2023-05-06,Oil Change,Preventive,118628,13900.0,0,Oil Change at 118628 km
1745,27,2023-05-12,Air Filter,Preventive,120282,4360.0,0,Air Filter at 120282 km
1746,27,2023-05-25,Tire Rotation,Preventive,122800,3130.0,0,Tire Rotation at 122800 km
1747,27,2023-06-15,Transmission Service,Preventive,126715,57690.0,0,Transmission Service at 126715 km
1748,27,2023-06-22,Alignment,Preventive,127696,4450.0,0,Alignment at 127696 km
1749,27,2023-07-10,Oil Change,Preventive,130757,12390.0,0,Oil Change at 130757 km
1750,27,2023-08-02,Tire Rotation,Preventive,135492,5430.0,0,Tire Rotation at 135492 km
1751,27,2023-08-21,Air Filter,Preventive,138341,5640.0,0,Air Filter at 138341 km
1752,27,2023-09-06,Brake Inspection,Preventive,141703,10590.0,0,Brake Inspection at 141703 km
1753,27,2023-09-10,Engine Tune-Up,Preventive,142324,30380.0,0,Engine Tune-Up at 142324 km
1754,27,2023-09-18,Oil Change,Preventive,143677,16860.0,0,Oil Change at 143677 km
1755,27,2023-10-08,Tire Rotation,Preventive,147357,2420.0,0,Tire Rotation at 147357 km
1756,27,2023-11-03,Alignment,Preventive,151664,6510.0,0,Alignment at 151664 km
1757,27,2023-11-04,Wiper Replacement,Preventive,151664,3450.0,0,Wiper Replacement at 151664 km
1758,27,2023-11-21,Oil Change,Preventive,155649,10170.0,0,Oil Change at 155649 km
1759,27,2023-11-25,Air Filter,Preventive,156546,5590.0,0,Air Filter at 156546 km
1760,27,2023-11-29,Coolant Flush,Preventive,157223,10920.0,0,Coolant Flush at 157223 km
1761,27,2023-12-12,Tire Rotation,Preventive,159187,4780.0,0,Tire Rotation at 159187 km
1762,27,2024-01-10,Brake Inspection,Preventive,165597,15360.0,0,Brake Inspection at 165597 km
1763,27,2024-01-26,Oil Change,Preventive,167478,14990.0,0,Oil Change at 167478 km
1764,27,2024-02-21,Tire Rotation,Preventive,171345,3070.0,0,Tire Rotation at 171345 km
1765,27,2024-03-07,Air Filter,Preventive,174459,4950.0,0,Air Filter at 174459 km
1766,27,2024-03-17,Alignment,Preventive,176595,5870.0,0,Alignment at 176595 km
1767,27,2024-03-28,Engine Tune-Up,Preventive,178097,36050.0,0,Engine Tune-Up at 178097 km
1768,27,2024-04-09,Oil Change,Preventive,180150,12590.0,0,Oil Change at 180150 km
1769,27,2024-04-20,Battery Replacement,Preventive,182710,37910.0,0,Battery Replacement at 182710 km
1770,27,2024-04-30,Tire Rotation,Preventive,183605,4830.0,0,Tire Rotation at 183605 km
1771,27,2024-05-25,Brake Inspection,Preventive,189338,25180.0,0,Brake Inspection at 189338 km
1772,27,2024-06-19,Oil Change,Preventive,193897,15090.0,0,Oil Change at 193897 km
1773,27,2024-06-20,Air Filter,Preventive,193897,7580.0,0,Air Filter at 193897 km
1774,27,2024-06-30,Tire Rotation,Preventive,195676,3880.0,0,Tire Rotation at 195676 km
1775,27,2024-07-16,Transmission Service,Preventive,197970,71500.0,0,Transmission Service at 197970 km
1776,27,2024-07-28,Alignment,Preventive,200725,6490.0,0,Alignment at 200725 km
1777,27,2024-08-13,Coolant Flush,Preventive,205004,11320.0,0,Coolant Flush at 205004 km
1778,27,2024-08-27,Oil Change,Preventive,207827,14070.0,0,Oil Change at 207827 km
1779,27,2024-08-28,Tire Rotation,Preventive,207827,3690.0,0,Tire Rotation at 207827 km
1780,27,2024-09-23,Air Filter,Preventive,211744,6060.0,0,Air Filter at 211744 km
1781,27,2024-10-09,Brake Inspection,Preventive,215011,19630.0,0,Brake Inspection at 215011 km
1782,27,2024-10-12,Engine Tune-Up,Preventive,215286,24850.0,0,Engine Tune-Up at 215286 km
1783,27,2024-11-06,Oil Change,Preventive,220524,26730.0,0,Oil Change at 220524 km
1784,27,2024-11-07,Tire Rotation,Preventive,220524,3210.0,0,Tire Rotation at 220524 km
1785,27,2024-11-29,Alignment,Preventive,225159,5700.0,0,Alignment at 225159 km
1786,27,2024-12-11,Wiper Replacement,Preventive,226954,3440.0,0,Wiper Replacement at 226954 km
1787,27,2024-12-24,Air Filter,Preventive,229812,6100.0,0,Air Filter at 229812 km
1788,27,2025-01-08,Oil Change,Preventive,233274,20660.0,0,Oil Change at 233274 km
1789,27,2025-01-10,Tire Rotation,Preventive,233274,5540.0,0,Tire Rotation at 233274 km
1790,27,2025-02-08,Brake Inspection,Preventive,238951,28740.0,0,Brake Inspection at 238951 km
1791,27,2025-03-17,Oil Change,Preventive,245463,22410.0,0,Oil Change at 245463 km
1792,27,2025-03-22,Brake Failure,Breakdown,246642,179830.0,3,Brake Failure at 246642 km
1793,27,2025-03-29,Tire Rotation,Preventive,247319,3620.0,0,Tire Rotation at 247319 km
1794,27,2025-04-06,Air Filter,Preventive,248654,6090.0,0,Air Filter at 248654 km
1795,27,2025-04-18,Alignment,Preventive,250887,6040.0,0,Alignment at 250887 km
1796,27,2025-04-21,Engine Tune-Up,Preventive,250887,39500.0,0,Engine Tune-Up at 250887 km
1797,27,2025-05-06,Coolant Flush,Preventive,254092,8830.0,0,Coolant Flush at 254092 km
1798,27,2025-05-31,Oil Change,Preventive,259311,21020.0,0,Oil Change at 259311 km
1799,27,2025-06-02,Tire Rotation,Preventive,259311,3290.0,0,Tire Rotation at 259311 km
1800,27,2025-07-11,Air Filter,Preventive,267046,7180.0,0,Air Filter at 267046 km
1801,27,2025-08-01,Transmission Service,Preventive,270261,73750.0,0,Transmission Service at 270261 km
1802,27,2025-08-09,Oil Change,Preventive,271921,22880.0,0,Oil Change at 271921 km
1803,27,2025-08-11,Tire Rotation,Preventive,271921,3700.0,0,Tire Rotation at 271921 km
1804,27,2025-08-15,Brake Inspection,Preventive,272657,29320.0,0,Brake Inspection at 272657 km
1805,27,2025-08-28,Alignment,Preventive,275011,7880.0,0,Alignment at 275011 km
1806,27,2025-10-21,Oil Change,Preventive,284219,13920.0,0,Oil Change at 284219 km
1807,27,2025-11-01,Tire Rotation,Preventive,285885,5590.0,0,Tire Rotation at 285885 km
1808,27,2025-11-02,Air Filter,Preventive,285885,6150.0,0,Air Filter at 285885 km
1809,27,2025-11-06,Engine Tune-Up,Preventive,286859,35490.0,0,Engine Tune-Up at 286859 km
1810,27,2025-12-31,Oil Change,Preventive,298413,32660.0,0,Oil Change at 298413 km
1811,28,2023-01-24,Oil Change,Preventive,72364,12440.0,0,Oil Change at 72364 km
1812,28,2023-01-29,Brake Inspection,Preventive,73120,18870.0,0,Brake Inspection at 73120 km
1813,28,2023-02-02,Tire Rotation,Preventive,73456,2590.0,0,Tire Rotation at 73456 km
1814,28,2023-02-23,Alignment,Preventive,76335,7010.0,0,Alignment at 76335 km
1815,28,2023-03-14,Coolant Flush,Preventive,79106,10100.0,0,Coolant Flush at 79106 km
1816,28,2023-03-20,Transmission Service,Preventive,79978,33270.0,0,Transmission Service at 79978 km
1817,28,2023-03-30,Air Filter,Preventive,81671,4680.0,0,Air Filter at 81671 km
1818,28,2023-04-12,Oil Change,Preventive,84315,17160.0,0,Oil Change at 84315 km
1819,28,2023-04-14,Tire Rotation,Preventive,84315,2840.0,0,Tire Rotation at 84315 km
1820,28,2023-04-16,Engine Tune-Up,Preventive,84662,23590.0,0,Engine Tune-Up at 84662 km
1821,28,2023-06-15,Brake Inspection,Preventive,94535,21040.0,0,Brake Inspection at 94535 km
1822,28,2023-06-18,Oil Change,Preventive,95024,17650.0,0,Oil Change at 95024 km
1823,28,2023-06-26,Tire Rotation,Preventive,97476,3590.0,0,Tire Rotation at 97476 km
1824,28,2023-06-30,Air Filter,Preventive,98102,4990.0,0,Air Filter at 98102 km
1825,28,2023-07-04,Alignment,Preventive,98621,3280.0,0,Alignment at 98621 km
1826,28,2023-08-13,Oil Change,Preventive,106420,18860.0,0,Oil Change at 106420 km
1827,28,2023-08-20,Tire Rotation,Preventive,108206,3300.0,0,Tire Rotation at 108206 km
1828,28,2023-09-22,Brake Inspection,Preventive,115410,16810.0,0,Brake Inspection at 115410 km
1829,28,2023-09-23,Air Filter,Preventive,115410,3240.0,0,Air Filter at 115410 km
1830,28,2023-09-28,Wiper Replacement,Preventive,115735,2560.0,0,Wiper Replacement at 115735 km
1831,28,2023-10-07,Oil Change,Preventive,116993,17050.0,0,Oil Change at 116993 km
1832,28,2023-10-13,Engine Tune-Up,Preventive,117709,22030.0,0,Engine Tune-Up at 117709 km
1833,28,2023-10-21,Tire Rotation,Preventive,119304,1940.0,0,Tire Rotation at 119304 km
1834,28,2023-10-29,Alignment,Preventive,120471,6490.0,0,Alignment at 120471 km
1835,28,2023-11-03,Coolant Flush,Preventive,121335,9510.0,0,Coolant Flush at 121335 km
1836,28,2023-12-09,Oil Change,Preventive,128660,25000.0,0,Oil Change at 128660 km
1837,28,2023-12-18,Tire Rotation,Preventive,130171,2470.0,0,Tire Rotation at 130171 km
1838,28,2024-01-03,Air Filter,Preventive,133145,7300.0,0,Air Filter at 133145 km
1839,28,2024-01-29,Brake Inspection,Preventive,137340,16700.0,0,Brake Inspection at 137340 km
1840,28,2024-02-14,Oil Change,Preventive,140235,18360.0,0,Oil Change at 140235 km
1841,28,2024-02-20,Tire Rotation,Preventive,140870,2290.0,0,Tire Rotation at 140870 km
1842,28,2024-02-25,Alignment,Preventive,141808,3800.0,0,Alignment at 141808 km
1843,28,2024-03-10,Transmission Service,Preventive,144901,70000.0,0,Transmission Service at 144901 km
1844,28,2024-03-31,Air Filter,Preventive,149173,3340.0,0,Air Filter at 149173 km
1845,28,2024-04-02,Engine Tune-Up,Preventive,149501,28190.0,0,Engine Tune-Up at 149501 km
1846,28,2024-04-09,Oil Change,Preventive,151352,16820.0,0,Oil Change at 151352 km
1847,28,2024-04-10,Tire Rotation,Preventive,151352,5160.0,0,Tire Rotation at 151352 km
1848,28,2024-05-17,Brake Inspection,Preventive,158220,28560.0,0,Brake Inspection at 158220 km
1849,28,2024-06-08,Oil Change,Preventive,162907,20320.0,0,Oil Change at 162907 km
1850,28,2024-06-16,Tire Rotation,Preventive,164116,3740.0,0,Tire Rotation at 164116 km
1851,28,2024-06-19,Air Filter,Preventive,164798,6150.0,0,Air Filter at 164798 km
1852,28,2024-06-22,Alignment,Preventive,165456,6030.0,0,Alignment at 165456 km
1853,28,2024-06-28,Coolant Flush,Preventive,166210,12710.0,0,Coolant Flush at 166210 km
1854,28,2024-07-07,Battery Replacement,Preventive,167875,62730.0,0,Battery Replacement at 167875 km
1855,28,2024-08-02,Oil Change,Preventive,173544,17160.0,0,Oil Change at 173544 km
1856,28,2024-08-17,Tire Rotation,Preventive,176306,3730.0,0,Tire Rotation at 176306 km
1857,28,2024-09-02,Brake Inspection,Preventive,179253,17400.0,0,Brake Inspection at 179253 km
1858,28,2024-09-18,Air Filter,Preventive,181230,5260.0,0,Air Filter at 181230 km
1859,28,2024-09-27,Engine Tune-Up,Preventive,182701,33400.0,0,Engine Tune-Up at 182701 km
1860,28,2024-10-05,Oil Change,Preventive,184364,19840.0,0,Oil Change at 184364 km
1861,28,2024-10-11,Wiper Replacement,Preventive,185776,4630.0,0,Wiper Replacement at 185776 km
1862,28,2024-10-16,Tire Rotation,Preventive,187109,3180.0,0,Tire Rotation at 187109 km
1863,28,2024-10-18,Alignment,Preventive,187109,5480.0,0,Alignment at 187109 km
1864,28,2024-11-28,Oil Change,Preventive,196585,19410.0,0,Oil Change at 196585 km
1865,28,2024-12-01,Air Filter,Preventive,196878,5640.0,0,Air Filter at 196878 km
1866,28,2024-12-07,Tire Rotation,Preventive,197949,5570.0,0,Tire Rotation at 197949 km
1867,28,2024-12-20,Brake Inspection,Preventive,201101,19130.0,0,Brake Inspection at 201101 km
1868,28,2025-01-20,Oil Change,Preventive,207096,15040.0,0,Oil Change at 207096 km
1869,28,2025-01-25,Tire Rotation,Preventive,208415,3420.0,0,Tire Rotation at 208415 km
1870,28,2025-02-07,Alignment,Preventive,210388,8570.0,0,Alignment at 210388 km
1871,28,2025-02-08,Coolant Flush,Preventive,210388,10840.0,0,Coolant Flush at 210388 km
1872,28,2025-02-12,Transmission Service,Preventive,211711,74390.0,0,Transmission Service at 211711 km
1873,28,2025-02-20,Air Filter,Preventive,214248,5840.0,0,Air Filter at 214248 km
1874,28,2025-02-26,Engine Tune-Up,Preventive,215547,26730.0,0,Engine Tune-Up at 215547 km
1875,28,2025-03-13,Oil Change,Preventive,218208,23220.0,0,Oil Change at 218208 km
1876,28,2025-03-18,Tire Rotation,Preventive,218886,3570.0,0,Tire Rotation at 218886 km
1877,28,2025-04-06,Brake Inspection,Preventive,222577,31750.0,0,Brake Inspection at 222577 km
1878,28,2025-05-20,Oil Change,Preventive,229282,16180.0,0,Oil Change at 229282 km
1879,28,2025-05-26,Tire Rotation,Preventive,229863,2940.0,0,Tire Rotation at 229863 km
1880,28,2025-06-01,Air Filter,Preventive,230736,3460.0,0,Air Filter at 230736 km
1881,28,2025-06-05,Alignment,Preventive,231224,6430.0,0,Alignment at 231224 km
1882,28,2025-07-16,Oil Change,Preventive,240231,20240.0,0,Oil Change at 240231 km
1883,28,2025-07-20,Tire Rotation,Preventive,240636,2790.0,0,Tire Rotation at 240636 km
1884,28,2025-08-06,Brake Inspection,Preventive,244125,26160.0,0,Brake Inspection at 244125 km
1885,28,2025-08-24,Air Filter,Preventive,246923,6420.0,0,Air Filter at 246923 km
1886,28,2025-08-27,Engine Tune-Up,Preventive,247692,36320.0,0,Engine Tune-Up at 247692 km
1887,28,2025-09-11,Oil Change,Preventive,250852,23910.0,0,Oil Change at 250852 km
1888,28,2025-09-17,Tire Rotation,Preventive,251727,4730.0,0,Tire Rotation at 251727 km
1889,28,2025-09-20,Alignment,Preventive,252114,7830.0,0,Alignment at 252114 km
1890,28,2025-09-30,Coolant Flush,Preventive,253517,12530.0,0,Coolant Flush at 253517 km
1891,28,2025-10-22,Wiper Replacement,Preventive,256888,3250.0,0,Wiper Replacement at 256888 km
1892,28,2025-11-16,Oil Change,Preventive,261658,16520.0,0,Oil Change at 261658 km
1893,28,2025-11-21,Tire Rotation,Preventive,262477,3410.0,0,Tire Rotation at 262477 km
1894,28,2025-11-25,Air Filter,Preventive,262996,5110.0,0,Air Filter at 262996 km
1895,28,2025-12-06,Brake Inspection,Preventive,264958,24840.0,0,Brake Inspection at 264958 km
1896,29,2023-02-05,Air Filter,Preventive,39589,4220.0,0,Air Filter at 39589 km
1897,29,2023-02-22,Oil Change,Preventive,42884,19660.0,0,Oil Change at 42884 km
1898,29,2023-02-23,Brake Inspection,Preventive,42884,24290.0,0,Brake Inspection at 42884 km
1899,29,2023-03-06,Tire Rotation,Preventive,44926,2340.0,0,Tire Rotation at 44926 km
1900,29,2023-04-12,Alignment,Preventive,51068,4990.0,0,Alignment at 51068 km
1901,29,2023-05-11,Transmission Failure,Breakdown,57390,191880.0,6,Transmission Failure at 57390 km
1902,29,2023-05-22,Oil Change,Preventive,58063,14850.0,0,Oil Change at 58063 km
1903,29,2023-05-23,Tire Rotation,Preventive,58063,2730.0,0,Tire Rotation at 58063 km
1904,29,2023-06-01,Air Filter,Preventive,60157,5570.0,0,Air Filter at 60157 km
1905,29,2023-06-06,Coolant Flush,Preventive,60442,8420.0,0,Coolant Flush at 60442 km
1906,29,2023-06-12,Engine Tune-Up,Preventive,62123,37750.0,0,Engine Tune-Up at 62123 km
1907,29,2023-07-18,Brake Inspection,Preventive,69792,26130.0,0,Brake Inspection at 69792 km
1908,29,2023-08-06,Oil Change,Preventive,74288,15400.0,0,Oil Change at 74288 km
1909,29,2023-08-08,Tire Rotation,Preventive,74288,2720.0,0,Tire Rotation at 74288 km
1910,29,2023-08-28,Alignment,Preventive,77332,8070.0,0,Alignment at 77332 km
1911,29,2023-09-10,Air Filter,Preventive,80366,6470.0,0,Air Filter at 80366 km
1912,29,2023-10-18,Oil Change,Preventive,88382,17850.0,0,Oil Change at 88382 km
1913,29,2023-10-19,Tire Rotation,Preventive,88382,2720.0,0,Tire Rotation at 88382 km
1914,29,2023-12-01,Brake Inspection,Preventive,97145,18520.0,0,Brake Inspection at 97145 km
1915,29,2023-12-23,Oil Change,Preventive,101451,13750.0,0,Oil Change at 101451 km
1916,29,2023-12-26,Tire Rotation,Preventive,101842,3040.0,0,Tire Rotation at 101842 km
1917,29,2024-01-01,Air Filter,Preventive,102902,3430.0,0,Air Filter at 102902 km
1918,29,2024-01-05,Alignment,Preventive,103623,4720.0,0,Alignment at 103623 km
1919,29,2024-01-06,Engine Tune-Up,Preventive,103623,27790.0,0,Engine Tune-Up at 103623 km
1920,29,2024-01-08,Wiper Replacement,Preventive,103623,2360.0,0,Wiper Replacement at 103623 km
1921,29,2024-02-29,Coolant Flush,Preventive,113508,10670.0,0,Coolant Flush at 113508 km
1922,29,2024-03-06,Oil Change,Preventive,114596,17050.0,0,Oil Change at 114596 km
1923,29,2024-03-12,Tire Rotation,Preventive,115050,2910.0,0,Tire Rotation at 115050 km
1924,29,2024-04-27,Brake Inspection,Preventive,124344,17900.0,0,Brake Inspection at 124344 km
1925,29,2024-05-02,Air Filter,Preventive,125720,6220.0,0,Air Filter at 125720 km
1926,29,2024-05-18,Oil Change,Preventive,129008,13130.0,0,Oil Change at 129008 km
1927,29,2024-05-22,Tire Rotation,Preventive,129236,3590.0,0,Tire Rotation at 129236 km
1928,29,2024-05-27,Alignment,Preventive,129731,7920.0,0,Alignment at 129731 km
1929,29,2024-06-08,Battery Replacement,Preventive,131319,39530.0,0,Battery Replacement at 131319 km
1930,29,2024-06-30,Transmission Service,Preventive,135425,89710.0,0,Transmission Service at 135425 km
1931,29,2024-08-11,Oil Change,Preventive,142192,18830.0,0,Oil Change at 142192 km
1932,29,2024-08-14,Tire Rotation,Preventive,142500,3830.0,0,Tire Rotation at 142500 km
1933,29,2024-08-22,Engine Tune-Up,Preventive,143235,18770.0,0,Engine Tune-Up at 143235 km
1934,29,2024-09-07,Air Filter,Preventive,145219,4430.0,0,Air Filter at 145219 km
1935,29,2024-10-09,Brake Inspection,Preventive,151085,19080.0,0,Brake Inspection at 151085 km
1936,29,2024-11-05,Oil Change,Preventive,156311,17910.0,0,Oil Change at 156311 km
1937,29,2024-11-08,Tire Rotation,Preventive,156464,3770.0,0,Tire Rotation at 156464 km
1938,29,2024-11-11,Alignment,Preventive,156464,7450.0,0,Alignment at 156464 km
1939,29,2024-12-16,Overheating,Breakdown,163787,64740.0,2,Overheating at 163787 km
1940,29,2024-12-23,Air Filter,Preventive,164731,5120.0,0,Air Filter at 164731 km
1941,29,2025-01-26,Oil Change,Preventive,171465,17390.0,0,Oil Change at 171465 km
1942,29,2025-01-30,Tire Rotation,Preventive,172121,5390.0,0,Tire Rotation at 172121 km
1943,29,2025-03-04,Brake Inspection,Preventive,178761,18930.0,0,Brake Inspection at 178761 km
1944,29,2025-03-07,Wiper Replacement,Preventive,179073,4290.0,0,Wiper Replacement at 179073 km
1945,29,2025-03-28,Engine Tune-Up,Preventive,182281,35530.0,0,Engine Tune-Up at 182281 km
1946,29,2025-03-31,Alignment,Preventive,182608,7290.0,0,Alignment at 182608 km
1947,29,2025-04-10,Air Filter,Preventive,184410,6610.0,0,Air Filter at 184410 km
1948,29,2025-04-12,Oil Change,Preventive,184767,12750.0,0,Oil Change at 184767 km
1949,29,2025-04-26,Tire Rotation,Preventive,187063,4950.0,0,Tire Rotation at 187063 km
1950,29,2025-06-17,Brake Failure,Breakdown,197552,99660.0,3,Brake Failure at 197552 km
1951,29,2025-06-25,Oil Change,Preventive,198305,21360.0,0,Oil Change at 198305 km
1952,29,2025-07-09,Tire Rotation,Preventive,200414,5620.0,0,Tire Rotation at 200414 km
1953,29,2025-07-25,Air Filter,Preventive,204313,6650.0,0,Air Filter at 204313 km
1954,29,2025-08-14,Alignment,Preventive,208658,6650.0,0,Alignment at 208658 km
1955,29,2025-08-31,Oil Change,Preventive,211519,13440.0,0,Oil Change at 211519 km
1956,29,2025-09-05,Engine Failure,Breakdown,212843,129980.0,1,Engine Failure at 212843 km
1957,29,2025-09-15,Tire Rotation,Preventive,213632,5580.0,0,Tire Rotation at 213632 km
1958,29,2025-09-18,Transmission Service,Preventive,214212,83460.0,0,Transmission Service at 214212 km
1959,29,2025-09-28,Coolant Flush,Preventive,216883,15330.0,0,Coolant Flush at 216883 km
1960,29,2025-10-31,Brake Inspection,Preventive,224013,16550.0,0,Brake Inspection at 224013 km
1961,29,2025-11-03,Air Filter,Preventive,224184,5970.0,0,Air Filter at 224184 km
1962,29,2025-11-07,Oil Change,Preventive,224932,28000.0,0,Oil Change at 224932 km
1963,29,2025-11-29,Tire Rotation,Preventive,227564,5170.0,0,Tire Rotation at 227564 km
1964,30,2023-02-27,Air Filter,Preventive,104556,3810.0,0,Air Filter at 104556 km
1965,30,2023-03-06,Brake Failure,Breakdown,105566,45260.0,2,Brake Failure at 105566 km
1966,30,2023-03-10,Engine Failure,Breakdown,106027,125900.0,4,Engine Failure at 106027 km
1967,30,2023-03-17,Tire Rotation,Preventive,106546,4240.0,0,Tire Rotation at 106546 km
1968,30,2023-03-22,Oil Change,Preventive,107529,11570.0,0,Oil Change at 107529 km
1969,30,2023-04-02,Alignment,Preventive,109725,3680.0,0,Alignment at 109725 km
1970,30,2023-06-06,Overheating,Breakdown,123499,59100.0,2,Overheating at 123499 km
1971,30,2023-06-12,Tire Rotation,Preventive,124212,2900.0,0,Tire Rotation at 124212 km
1972,30,2023-06-17,Oil Change,Preventive,125694,14990.0,0,Oil Change at 125694 km
1973,30,2023-06-30,Wiper Replacement,Preventive,128389,2990.0,0,Wiper Replacement at 128389 km
1974,30,2023-07-11,Air Filter,Preventive,130563,4480.0,0,Air Filter at 130563 km
1975,30,2023-08-30,Brake Inspection,Preventive,141082,20370.0,0,Brake Inspection at 141082 km
1976,30,2023-09-08,Tire Rotation,Preventive,142709,3690.0,0,Tire Rotation at 142709 km
1977,30,2023-09-15,Oil Change,Preventive,143839,14610.0,0,Oil Change at 143839 km
1978,30,2023-09-25,Alignment,Preventive,145328,3740.0,0,Alignment at 145328 km
1979,30,2023-11-23,Air Filter,Preventive,156869,4290.0,0,Air Filter at 156869 km
1980,30,2023-12-06,Engine Tune-Up,Preventive,158419,15620.0,0,Engine Tune-Up at 158419 km
1981,30,2023-12-17,Tire Rotation,Preventive,160031,3950.0,0,Tire Rotation at 160031 km
1982,30,2024-01-01,Oil Change,Preventive,162579,20900.0,0,Oil Change at 162579 km
1983,30,2024-02-22,Overheating,Breakdown,171737,52710.0,2,Overheating at 171737 km
1984,30,2024-03-07,Transmission Service,Preventive,173735,69060.0,0,Transmission Service at 173735 km
1985,30,2024-03-19,Brake Inspection,Preventive,176043,17790.0,0,Brake Inspection at 176043 km
1986,30,2024-03-27,Tire Rotation,Preventive,178049,2610.0,0,Tire Rotation at 178049 km
1987,30,2024-04-04,Oil Change,Preventive,180037,18110.0,0,Oil Change at 180037 km
1988,30,2024-04-10,Alignment,Preventive,180685,4720.0,0,Alignment at 180685 km
1989,30,2024-04-21,Air Filter,Preventive,183505,8120.0,0,Air Filter at 183505 km
1990,30,2024-07-02,Tire Rotation,Preventive,195781,3760.0,0,Tire Rotation at 195781 km
1991,30,2024-07-13,Brake Failure,Breakdown,197364,52290.0,4,Brake Failure at 197364 km
1992,30,2024-07-19,Oil Change,Preventive,197848,11150.0,0,Oil Change at 197848 km
1993,30,2024-09-15,Air Filter,Preventive,209483,8550.0,0,Air Filter at 209483 km
1994,30,2024-09-23,Engine Tune-Up,Preventive,210891,35630.0,0,Engine Tune-Up at 210891 km
1995,30,2024-10-16,Tire Rotation,Preventive,213441,4440.0,0,Tire Rotation at 213441 km
1996,30,2024-11-01,Oil Change,Preventive,216701,20800.0,0,Oil Change at 216701 km
1997,30,2024-11-07,Alignment,Preventive,217752,5230.0,0,Alignment at 217752 km
1998,30,2024-11-16,Wiper Replacement,Preventive,219209,3080.0,0,Wiper Replacement at 219209 km
1999,30,2025-01-14,Brake Failure,Breakdown,229765,75460.0,2,Brake Failure at 229765 km
2000,30,2025-02-01,Lubrication Failure,Breakdown,233335,65320.0,8,Lubrication Failure at 233335 km
2001,30,2025-02-10,Tire Rotation,Preventive,233335,4320.0,0,Tire Rotation at 233335 km
2002,30,2025-02-11,Battery Replacement,Preventive,233335,56720.0,0,Battery Replacement at 233335 km
2003,30,2025-02-25,Air Filter,Preventive,235704,10570.0,0,Air Filter at 235704 km
2004,30,2025-03-22,Coolant Flush,Preventive,241305,8730.0,0,Coolant Flush at 241305 km
2005,30,2025-05-11,Oil Change,Preventive,251738,19630.0,0,Oil Change at 251738 km
2006,30,2025-05-13,Tire Rotation,Preventive,251857,4190.0,0,Tire Rotation at 251857 km
2007,30,2025-05-23,Alignment,Preventive,253525,5640.0,0,Alignment at 253525 km
2008,30,2025-06-28,Brake Failure,Breakdown,260043,49270.0,5,Brake Failure at 260043 km
2009,30,2025-07-15,Brake Failure,Breakdown,262032,65050.0,4,Brake Failure at 262032 km
2010,30,2025-07-26,Air Filter,Preventive,263038,4540.0,0,Air Filter at 263038 km
2011,30,2025-08-01,Engine Tune-Up,Preventive,263800,31420.0,0,Engine Tune-Up at 263800 km
2012,30,2025-08-24,Oil Change,Preventive,269251,9150.0,0,Oil Change at 269251 km
2013,30,2025-08-26,Tire Rotation,Preventive,269721,4420.0,0,Tire Rotation at 269721 km
2014,30,2025-10-12,Transmission Service,Preventive,278070,91740.0,0,Transmission Service at 278070 km
2015,30,2025-11-29,Oil Change,Preventive,286923,10350.0,0,Oil Change at 286923 km
2016,30,2025-12-06,Tire Rotation,Preventive,288267,4010.0,0,Tire Rotation at 288267 km
2017,30,2025-12-11,Air Filter,Preventive,289220,7070.0,0,Air Filter at 289220 km
2018,30,2025-12-16,Alignment,Preventive,290019,5840.0,0,Alignment at 290019 km
2019,31,2023-01-15,Oil Change,Preventive,83336,24320.0,0,Oil Change at 83336 km
2020,31,2023-01-26,Air Filter,Preventive,85728,10050.0,0,Air Filter at 85728 km
2021,31,2023-02-08,Tire Rotation,Preventive,87985,4560.0,0,Tire Rotation at 87985 km
2022,31,2023-02-24,Alignment,Preventive,89885,4410.0,0,Alignment at 89885 km
2023,31,2023-03-06,Brake Inspection,Preventive,92066,37790.0,0,Brake Inspection at 92066 km
2024,31,2023-03-11,Wiper Replacement,Preventive,92916,2900.0,0,Wiper Replacement at 92916 km
2025,31,2023-03-13,Oil Change,Preventive,93426,19880.0,0,Oil Change at 93426 km
2026,31,2023-03-23,Coolant Flush,Preventive,94818,8690.0,0,Coolant Flush at 94818 km
2027,31,2023-04-04,Engine Tune-Up,Preventive,97062,50790.0,0,Engine Tune-Up at 97062 km
2028,31,2023-04-14,Tire Rotation,Preventive,98609,5910.0,0,Tire Rotation at 98609 km
2029,31,2023-05-01,Air Filter,Preventive,101648,10060.0,0,Air Filter at 101648 km
2030,31,2023-05-15,Oil Change,Preventive,104235,27340.0,0,Oil Change at 104235 km
2031,31,2023-06-08,Tire Rotation,Preventive,109312,4730.0,0,Tire Rotation at 109312 km
2032,31,2023-06-12,Alignment,Preventive,110144,12580.0,0,Alignment at 110144 km
2033,31,2023-06-22,Brake Inspection,Preventive,112127,31130.0,0,Brake Inspection at 112127 km
2034,31,2023-07-13,Oil Change,Preventive,114374,24000.0,0,Oil Change at 114374 km
2035,31,2023-07-29,Air Filter,Preventive,117210,6150.0,0,Air Filter at 117210 km
2036,31,2023-08-12,Engine Failure,Breakdown,119908,230200.0,6,Engine Failure at 119908 km
2037,31,2023-08-29,Tire Rotation,Preventive,121796,4720.0,0,Tire Rotation at 121796 km
2038,31,2023-08-31,Battery Replacement,Preventive,122039,73890.0,0,Battery Replacement at 122039 km
2039,31,2023-09-13,Oil Change,Preventive,124601,24160.0,0,Oil Change at 124601 km
2040,31,2023-10-05,Transmission Service,Preventive,128429,107310.0,0,Transmission Service at 128429 km
2041,31,2023-10-19,Alignment,Preventive,131133,7240.0,0,Alignment at 131133 km
2042,31,2023-10-29,Tire Rotation,Preventive,132953,5620.0,0,Tire Rotation at 132953 km
2043,31,2023-10-30,Brake Inspection,Preventive,132953,37950.0,0,Brake Inspection at 132953 km
2044,31,2023-10-31,Air Filter,Preventive,132953,7060.0,0,Air Filter at 132953 km
2045,31,2023-11-13,Oil Change,Preventive,135714,22040.0,0,Oil Change at 135714 km
2046,31,2023-11-16,Coolant Flush,Preventive,136222,10730.0,0,Coolant Flush at 136222 km
2047,31,2023-12-28,Tire Rotation,Preventive,143010,4900.0,0,Tire Rotation at 143010 km
2048,31,2024-01-15,Oil Change,Preventive,146428,20620.0,0,Oil Change at 146428 km
2049,31,2024-01-23,Air Filter,Preventive,148135,9270.0,0,Air Filter at 148135 km
2050,31,2024-02-11,Alignment,Preventive,151170,7150.0,0,Alignment at 151170 km
2051,31,2024-02-14,Engine Tune-Up,Preventive,151799,39800.0,0,Engine Tune-Up at 151799 km
2052,31,2024-02-27,Tire Rotation,Preventive,153498,6580.0,0,Tire Rotation at 153498 km
2053,31,2024-03-02,Brake Inspection,Preventive,154841,22540.0,0,Brake Inspection at 154841 km
2054,31,2024-03-14,Oil Change,Preventive,158171,16370.0,0,Oil Change at 158171 km
2055,31,2024-03-21,Wiper Replacement,Preventive,159429,5830.0,0,Wiper Replacement at 159429 km
2056,31,2024-04-16,Tire Rotation,Preventive,163930,5210.0,0,Tire Rotation at 163930 km
2057,31,2024-04-18,Air Filter,Preventive,163930,11130.0,0,Air Filter at 163930 km
2058,31,2024-05-31,Oil Change,Preventive,170045,25050.0,0,Oil Change at 170045 km
2059,31,2024-06-11,Alignment,Preventive,172577,12150.0,0,Alignment at 172577 km
2060,31,2024-06-24,Tire Rotation,Preventive,174902,4070.0,0,Tire Rotation at 174902 km
2061,31,2024-07-03,Brake Inspection,Preventive,176548,21360.0,0,Brake Inspection at 176548 km
2062,31,2024-07-07,Coolant Flush,Preventive,176709,14920.0,0,Coolant Flush at 176709 km
2063,31,2024-07-20,Air Filter,Preventive,179128,11200.0,0,Air Filter at 179128 km
2064,31,2024-07-26,Oil Change,Preventive,180087,20930.0,0,Oil Change at 180087 km
2065,31,2024-08-12,Engine Tune-Up,Preventive,182629,44710.0,0,Engine Tune-Up at 182629 km
2066,31,2024-09-01,Tire Rotation,Preventive,186053,6360.0,0,Tire Rotation at 186053 km
2067,31,2024-09-13,Transmission Service,Preventive,189188,128430.0,0,Transmission Service at 189188 km
2068,31,2024-09-21,Oil Change,Preventive,190373,24030.0,0,Oil Change at 190373 km
2069,31,2024-10-13,Alignment,Preventive,192854,11470.0,0,Alignment at 192854 km
2070,31,2024-10-22,Air Filter,Preventive,194419,9390.0,0,Air Filter at 194419 km
2071,31,2024-11-03,Tire Rotation,Preventive,197060,5890.0,0,Tire Rotation at 197060 km
2072,31,2024-11-04,Brake Inspection,Preventive,197060,28510.0,0,Brake Inspection at 197060 km
2073,31,2024-11-19,Oil Change,Preventive,200527,25860.0,0,Oil Change at 200527 km
2074,31,2025-01-02,Tire Rotation,Preventive,210101,5130.0,0,Tire Rotation at 210101 km
2075,31,2025-01-05,Oil Change,Preventive,210626,39580.0,0,Oil Change at 210626 km
2076,31,2025-01-07,Air Filter,Preventive,210861,9070.0,0,Air Filter at 210861 km
2077,31,2025-01-20,Alignment,Preventive,213890,8010.0,0,Alignment at 213890 km
2078,31,2025-01-21,Engine Tune-Up,Preventive,213890,44410.0,0,Engine Tune-Up at 213890 km
2079,31,2025-02-12,Brake Inspection,Preventive,217132,33590.0,0,Brake Inspection at 217132 km
2080,31,2025-02-14,Coolant Flush,Preventive,217394,15330.0,0,Coolant Flush at 217394 km
2081,31,2025-03-05,Tire Rotation,Preventive,220159,5390.0,0,Tire Rotation at 220159 km
2082,31,2025-03-12,Oil Change,Preventive,221028,46460.0,0,Oil Change at 221028 km
2083,31,2025-03-26,Wiper Replacement,Preventive,224008,4090.0,0,Wiper Replacement at 224008 km
2084,31,2025-04-10,Air Filter,Preventive,226144,9550.0,0,Air Filter at 226144 km
2085,31,2025-05-10,Oil Change,Preventive,231857,24510.0,0,Oil Change at 231857 km
2086,31,2025-05-11,Tire Rotation,Preventive,231857,6770.0,0,Tire Rotation at 231857 km
2087,31,2025-05-28,Alignment,Preventive,234371,8300.0,0,Alignment at 234371 km
2088,31,2025-06-21,Brake Inspection,Preventive,239415,35220.0,0,Brake Inspection at 239415 km
2089,31,2025-06-22,Battery Replacement,Preventive,239415,37350.0,0,Battery Replacement at 239415 km
2090,31,2025-07-03,Air Filter,Preventive,241328,14250.0,0,Air Filter at 241328 km
2091,31,2025-07-09,Oil Change,Preventive,242727,35220.0,0,Oil Change at 242727 km
2092,31,2025-07-10,Tire Rotation,Preventive,242727,4710.0,0,Tire Rotation at 242727 km
2093,31,2025-07-20,Engine Tune-Up,Preventive,244342,36150.0,0,Engine Tune-Up at 244342 km
2094,31,2025-08-22,Transmission Service,Preventive,250216,118110.0,0,Transmission Service at 250216 km
2095,31,2025-09-07,Oil Change,Preventive,253076,38460.0,0,Oil Change at 253076 km
2096,31,2025-09-12,Tire Rotation,Preventive,253973,6610.0,0,Tire Rotation at 253973 km
2097,31,2025-09-29,Air Filter,Preventive,256682,7770.0,0,Air Filter at 256682 km
2098,31,2025-09-30,Alignment,Preventive,256682,10820.0,0,Alignment at 256682 km
2099,31,2025-10-19,Brake Inspection,Preventive,259575,57950.0,0,Brake Inspection at 259575 km
2100,31,2025-10-24,Coolant Flush,Preventive,260585,17030.0,0,Coolant Flush at 260585 km
2101,31,2025-11-05,Oil Change,Preventive,263462,40290.0,0,Oil Change at 263462 km
2102,31,2025-11-11,Tire Rotation,Preventive,264250,7720.0,0,Tire Rotation at 264250 km
2103,31,2025-12-13,Lubrication Failure,Breakdown,271260,219530.0,2,Lubrication Failure at 271260 km
2104,31,2025-12-20,Air Filter,Preventive,272645,8840.0,0,Air Filter at 272645 km
2105,31,2025-12-31,Tire Rotation,Preventive,274736,6380.0,0,Tire Rotation at 274736 km
2106,32,2023-02-08,Oil Change,Preventive,94080,25740.0,0,Oil Change at 94080 km
2107,32,2023-02-17,Tire Rotation,Preventive,95301,4200.0,0,Tire Rotation at 95301 km
2108,32,2023-03-20,Air Filter,Preventive,99876,8560.0,0,Air Filter at 99876 km
2109,32,2023-04-06,Alignment,Preventive,102858,12400.0,0,Alignment at 102858 km
2110,32,2023-04-15,Lubrication Failure,Breakdown,105273,62690.0,6,Lubrication Failure at 105273 km
2111,32,2023-04-26,Engine Tune-Up,Preventive,106301,33600.0,0,Engine Tune-Up at 106301 km
2112,32,2023-05-20,Tire Rotation,Preventive,110959,4910.0,0,Tire Rotation at 110959 km
2113,32,2023-06-09,Coolant Flush,Preventive,114615,18310.0,0,Coolant Flush at 114615 km
2114,32,2023-06-16,Brake Inspection,Preventive,115947,27380.0,0,Brake Inspection at 115947 km
2115,32,2023-07-08,Oil Change,Preventive,120968,36060.0,0,Oil Change at 120968 km
2116,32,2023-07-17,Air Filter,Preventive,122562,7050.0,0,Air Filter at 122562 km
2117,32,2023-08-05,Tire Rotation,Preventive,125506,4350.0,0,Tire Rotation at 125506 km
2118,32,2023-08-31,Transmission Failure,Breakdown,131858,327860.0,5,Transmission Failure at 131858 km
2119,32,2023-09-11,Alignment,Preventive,132666,5720.0,0,Alignment at 132666 km
2120,32,2023-09-30,Oil Change,Preventive,136497,20240.0,0,Oil Change at 136497 km
2121,32,2023-10-25,Tire Rotation,Preventive,140367,3640.0,0,Tire Rotation at 140367 km
2122,32,2023-11-18,Brake Inspection,Preventive,144967,30180.0,0,Brake Inspection at 144967 km
2123,32,2023-11-20,Air Filter,Preventive,144967,7470.0,0,Air Filter at 144967 km
2124,32,2023-12-13,Engine Tune-Up,Preventive,149987,40880.0,0,Engine Tune-Up at 149987 km
2125,32,2023-12-19,Oil Change,Preventive,151419,40720.0,0,Oil Change at 151419 km
2126,32,2023-12-28,Wiper Replacement,Preventive,153255,4760.0,0,Wiper Replacement at 153255 km
2127,32,2024-01-08,Tire Rotation,Preventive,155110,5530.0,0,Tire Rotation at 155110 km
2128,32,2024-02-19,Alignment,Preventive,161938,9650.0,0,Alignment at 161938 km
2129,32,2024-03-14,Oil Change,Preventive,165911,32920.0,0,Oil Change at 165911 km
2130,32,2024-04-06,Tire Rotation,Preventive,170092,6720.0,0,Tire Rotation at 170092 km
2131,32,2024-04-07,Air Filter,Preventive,170092,9200.0,0,Air Filter at 170092 km
2132,32,2024-04-18,Coolant Flush,Preventive,173001,14220.0,0,Coolant Flush at 173001 km
2133,32,2024-04-25,Brake Inspection,Preventive,174088,34970.0,0,Brake Inspection at 174088 km
2134,32,2024-06-07,Oil Change,Preventive,181333,23290.0,0,Oil Change at 181333 km
2135,32,2024-06-27,Tire Rotation,Preventive,185006,6210.0,0,Tire Rotation at 185006 km
2136,32,2024-08-03,Air Filter,Preventive,191820,10130.0,0,Air Filter at 191820 km
2137,32,2024-08-08,Alignment,Preventive,192317,11550.0,0,Alignment at 192317 km
2138,32,2024-08-14,Engine Tune-Up,Preventive,193608,40840.0,0,Engine Tune-Up at 193608 km
2139,32,2024-09-09,Oil Change,Preventive,198020,23860.0,0,Oil Change at 198020 km
2140,32,2024-09-26,Tire Rotation,Preventive,201001,8700.0,0,Tire Rotation at 201001 km
2141,32,2024-10-09,Brake Inspection,Preventive,203127,25920.0,0,Brake Inspection at 203127 km
2142,32,2024-10-10,Battery Replacement,Preventive,203127,86710.0,0,Battery Replacement at 203127 km
2143,32,2024-11-30,Oil Change,Preventive,214096,23730.0,0,Oil Change at 214096 km
2144,32,2024-12-05,Air Filter,Preventive,215052,9510.0,0,Air Filter at 215052 km
2145,32,2024-12-14,Tire Rotation,Preventive,216747,4640.0,0,Tire Rotation at 216747 km
2146,32,2024-12-27,Transmission Service,Preventive,218935,82510.0,0,Transmission Service at 218935 km
2147,32,2025-01-26,Alignment,Preventive,222965,14380.0,0,Alignment at 222965 km
2148,32,2025-02-26,Oil Change,Preventive,230292,41130.0,0,Oil Change at 230292 km
2149,32,2025-03-06,Tire Rotation,Preventive,232758,8060.0,0,Tire Rotation at 232758 km
2150,32,2025-03-14,Brake Inspection,Preventive,234262,32120.0,0,Brake Inspection at 234262 km
2151,32,2025-03-15,Coolant Flush,Preventive,234262,21760.0,0,Coolant Flush at 234262 km
2152,32,2025-03-20,Wiper Replacement,Preventive,234936,8880.0,0,Wiper Replacement at 234936 km
2153,32,2025-04-06,Air Filter,Preventive,237957,10640.0,0,Air Filter at 237957 km
2154,32,2025-04-11,Engine Tune-Up,Preventive,238789,58540.0,0,Engine Tune-Up at 238789 km
2155,32,2025-05-21,Oil Change,Preventive,245856,34430.0,0,Oil Change at 245856 km
2156,32,2025-06-02,Tire Rotation,Preventive,247743,5130.0,0,Tire Rotation at 247743 km
2157,32,2025-07-11,Alignment,Preventive,254953,11090.0,0,Alignment at 254953 km
2158,32,2025-08-09,Lubrication Failure,Breakdown,260587,50180.0,5,Lubrication Failure at 260587 km
2159,32,2025-08-16,Air Filter,Preventive,261064,9490.0,0,Air Filter at 261064 km
2160,32,2025-09-05,Tire Rotation,Preventive,264485,4790.0,0,Tire Rotation at 264485 km
2161,32,2025-09-09,Brake Inspection,Preventive,265089,41210.0,0,Brake Inspection at 265089 km
2162,32,2025-11-02,Oil Change,Preventive,275142,35380.0,0,Oil Change at 275142 km
2163,32,2025-11-22,Tire Rotation,Preventive,279124,5750.0,0,Tire Rotation at 279124 km
2164,32,2025-12-07,Engine Tune-Up,Preventive,282323,51300.0,0,Engine Tune-Up at 282323 km
2165,32,2025-12-17,Air Filter,Preventive,283951,6820.0,0,Air Filter at 283951 km
2166,32,2025-12-19,Alignment,Preventive,283951,13790.0,0,Alignment at 283951 km
2167,33,2023-02-03,Lubrication Failure,Breakdown,85973,76330.0,7,Lubrication Failure at 85973 km
2168,33,2023-02-28,Transmission Failure,Breakdown,88628,299350.0,3,Transmission Failure at 88628 km
2169,33,2023-03-12,Tire Rotation,Preventive,91179,5010.0,0,Tire Rotation at 91179 km
2170,33,2023-04-16,Alignment,Preventive,97857,12970.0,0,Alignment at 97857 km
2171,33,2023-04-25,Air Filter,Preventive,100217,6110.0,0,Air Filter at 100217 km
2172,33,2023-04-27,Brake Inspection,Preventive,100489,39220.0,0,Brake Inspection at 100489 km
2173,33,2023-05-14,Oil Change,Preventive,104283,21640.0,0,Oil Change at 104283 km
2174,33,2023-06-19,Tire Rotation,Preventive,111717,5100.0,0,Tire Rotation at 111717 km
2175,33,2023-07-25,Coolant Flush,Preventive,118556,13980.0,0,Coolant Flush at 118556 km
2176,33,2023-08-15,Oil Change,Preventive,122619,21850.0,0,Oil Change at 122619 km
2177,33,2023-08-31,Engine Tune-Up,Preventive,125430,64910.0,0,Engine Tune-Up at 125430 km
2178,33,2023-09-03,Air Filter,Preventive,126118,10370.0,0,Air Filter at 126118 km
2179,33,2023-09-18,Tire Rotation,Preventive,128936,6600.0,0,Tire Rotation at 128936 km
2180,33,2023-10-03,Alignment,Preventive,132216,8150.0,0,Alignment at 132216 km
2181,33,2023-10-10,Wiper Replacement,Preventive,133166,4680.0,0,Wiper Replacement at 133166 km
2182,33,2023-10-21,Brake Inspection,Preventive,134973,35400.0,0,Brake Inspection at 134973 km
2183,33,2023-10-26,Brake Failure,Breakdown,136013,139010.0,2,Brake Failure at 136013 km
2184,33,2023-11-23,Oil Change,Preventive,140018,27410.0,0,Oil Change at 140018 km
2185,33,2023-12-25,Tire Rotation,Preventive,146440,7450.0,0,Tire Rotation at 146440 km
2186,33,2024-01-31,Air Filter,Preventive,151663,8600.0,0,Air Filter at 151663 km
2187,33,2024-02-19,Brake Failure,Breakdown,156518,109700.0,3,Brake Failure at 156518 km
2188,33,2024-03-01,Oil Change,Preventive,157783,25870.0,0,Oil Change at 157783 km
2189,33,2024-03-16,Lubrication Failure,Breakdown,161601,86900.0,5,Lubrication Failure at 161601 km
2190,33,2024-04-09,Tire Rotation,Preventive,164996,6970.0,0,Tire Rotation at 164996 km
2191,33,2024-04-19,Alignment,Preventive,167204,9820.0,0,Alignment at 167204 km
2192,33,2024-05-28,Overheating,Breakdown,174710,65610.0,1,Overheating at 174710 km
2193,33,2024-06-05,Engine Failure,Breakdown,176795,500890.0,3,Engine Failure at 176795 km
2194,33,2024-06-19,Air Filter,Preventive,178421,9730.0,0,Air Filter at 178421 km
2195,33,2024-06-25,Oil Change,Preventive,179622,14970.0,0,Oil Change at 179622 km
2196,33,2024-07-08,Tire Rotation,Preventive,182787,6740.0,0,Tire Rotation at 182787 km
2197,33,2024-08-16,Lubrication Failure,Breakdown,190754,105340.0,1,Lubrication Failure at 190754 km
2198,33,2024-08-19,Brake Inspection,Preventive,190754,30470.0,0,Brake Inspection at 190754 km
2199,33,2024-08-24,Transmission Service,Preventive,191479,98420.0,0,Transmission Service at 191479 km
2200,33,2024-10-07,Tire Rotation,Preventive,200199,4790.0,0,Tire Rotation at 200199 km
2201,33,2024-10-22,Alignment,Preventive,203447,9410.0,0,Alignment at 203447 km
2202,33,2024-10-25,Air Filter,Preventive,203990,11950.0,0,Air Filter at 203990 km
2203,33,2024-11-09,Brake Failure,Breakdown,206940,53980.0,3,Brake Failure at 206940 km
2204,33,2024-11-17,Oil Change,Preventive,208054,26450.0,0,Oil Change at 208054 km
2205,33,2024-12-19,Battery Replacement,Preventive,215143,61640.0,0,Battery Replacement at 215143 km
2206,33,2024-12-29,Tire Rotation,Preventive,217698,4800.0,0,Tire Rotation at 217698 km
2207,33,2025-01-25,Lubrication Failure,Breakdown,224306,149890.0,3,Lubrication Failure at 224306 km
2208,33,2025-02-15,Engine Tune-Up,Preventive,228365,47560.0,0,Engine Tune-Up at 228365 km
2209,33,2025-02-19,Wiper Replacement,Preventive,229037,6110.0,0,Wiper Replacement at 229037 km
2210,33,2025-02-22,Air Filter,Preventive,229550,10320.0,0,Air Filter at 229550 km
2211,33,2025-03-27,Tire Rotation,Preventive,234896,6970.0,0,Tire Rotation at 234896 km
2212,33,2025-03-31,Engine Failure,Breakdown,235770,416940.0,4,Engine Failure at 235770 km
2213,33,2025-04-12,Transmission Failure,Breakdown,237710,238250.0,2,Transmission Failure at 237710 km
2214,33,2025-04-15,Brake Failure,Breakdown,237911,93440.0,1,Brake Failure at 237911 km
2215,33,2025-04-18,Alignment,Preventive,238458,8900.0,0,Alignment at 238458 km
2216,33,2025-04-22,Lubrication Failure,Breakdown,239263,78760.0,2,Lubrication Failure at 239263 km
2217,33,2025-05-14,Coolant Flush,Preventive,243131,16620.0,0,Coolant Flush at 243131 km
2218,33,2025-07-07,Tire Rotation,Preventive,252571,5610.0,0,Tire Rotation at 252571 km
2219,33,2025-07-19,Overheating,Breakdown,255117,83830.0,2,Overheating at 255117 km
2220,33,2025-07-22,Air Filter,Preventive,255117,6580.0,0,Air Filter at 255117 km
2221,33,2025-07-29,Overheating,Breakdown,256660,144100.0,7,Overheating at 256660 km
2222,33,2025-08-09,Oil Change,Preventive,257719,22030.0,0,Oil Change at 257719 km
2223,33,2025-10-12,Tire Rotation,Preventive,269688,5500.0,0,Tire Rotation at 269688 km
2224,33,2025-10-27,Lubrication Failure,Breakdown,272807,63880.0,4,Lubrication Failure at 272807 km
2225,33,2025-11-05,Brake Inspection,Preventive,273745,44250.0,0,Brake Inspection at 273745 km
2226,33,2025-11-06,Alignment,Preventive,273745,8550.0,0,Alignment at 273745 km
2227,33,2025-12-15,Air Filter,Preventive,281475,6670.0,0,Air Filter at 281475 km
2228,34,2023-01-15,Oil Change,Preventive,22307,22800.0,0,Oil Change at 22307 km
2229,34,2023-01-29,Brake Inspection,Preventive,25330,20540.0,0,Brake Inspection at 25330 km
2230,34,2023-02-09,Tire Rotation,Preventive,28207,5550.0,0,Tire Rotation at 28207 km
2231,34,2023-02-12,Air Filter,Preventive,28869,8290.0,0,Air Filter at 28869 km
2232,34,2023-03-02,Alignment,Preventive,32850,10290.0,0,Alignment at 32850 km
2233,34,2023-03-11,Oil Change,Preventive,34591,30110.0,0,Oil Change at 34591 km
2234,34,2023-03-26,Engine Tune-Up,Preventive,37050,29200.0,0,Engine Tune-Up at 37050 km
2235,34,2023-04-14,Tire Rotation,Preventive,40963,4730.0,0,Tire Rotation at 40963 km
2236,34,2023-05-21,Oil Change,Preventive,46856,20010.0,0,Oil Change at 46856 km
2237,34,2023-05-23,Air Filter,Preventive,47110,8580.0,0,Air Filter at 47110 km
2238,34,2023-05-24,Wiper Replacement,Preventive,47110,6780.0,0,Wiper Replacement at 47110 km
2239,34,2023-06-03,Brake Inspection,Preventive,48536,18280.0,0,Brake Inspection at 48536 km
2240,34,2023-06-23,Coolant Flush,Preventive,51857,16700.0,0,Coolant Flush at 51857 km
2241,34,2023-07-01,Tire Rotation,Preventive,53176,5000.0,0,Tire Rotation at 53176 km
2242,34,2023-07-19,Alignment,Preventive,57132,11620.0,0,Alignment at 57132 km
2243,34,2023-07-31,Oil Change,Preventive,59181,24010.0,0,Oil Change at 59181 km
2244,34,2023-08-30,Air Filter,Preventive,64427,5900.0,0,Air Filter at 64427 km
2245,34,2023-09-08,Tire Rotation,Preventive,66307,5620.0,0,Tire Rotation at 66307 km
2246,34,2023-10-02,Oil Change,Preventive,70787,21710.0,0,Oil Change at 70787 km
2247,34,2023-10-08,Brake Inspection,Preventive,71770,32960.0,0,Brake Inspection at 71770 km
2248,34,2023-10-09,Engine Tune-Up,Preventive,71770,41310.0,0,Engine Tune-Up at 71770 km
2249,34,2023-10-11,Transmission Service,Preventive,72048,101380.0,0,Transmission Service at 72048 km
2250,34,2023-11-16,Tire Rotation,Preventive,78576,3520.0,0,Tire Rotation at 78576 km
2251,34,2023-11-25,Alignment,Preventive,80455,5740.0,0,Alignment at 80455 km
2252,34,2023-12-06,Air Filter,Preventive,82135,7430.0,0,Air Filter at 82135 km
2253,34,2023-12-12,Oil Change,Preventive,82882,25940.0,0,Oil Change at 82882 km
2254,34,2023-12-27,Battery Replacement,Preventive,85156,70510.0,0,Battery Replacement at 85156 km
2255,34,2024-01-25,Tire Rotation,Preventive,90161,5570.0,0,Tire Rotation at 90161 km
2256,34,2024-02-17,Engine Failure,Breakdown,94564,218890.0,7,Engine Failure at 94564 km
2257,34,2024-03-02,Oil Change,Preventive,95797,23320.0,0,Oil Change at 95797 km
2258,34,2024-03-05,Brake Inspection,Preventive,95797,30430.0,0,Brake Inspection at 95797 km
2259,34,2024-03-18,Coolant Flush,Preventive,98403,13080.0,0,Coolant Flush at 98403 km
2260,34,2024-03-26,Air Filter,Preventive,99654,8530.0,0,Air Filter at 99654 km
2261,34,2024-04-15,Tire Rotation,Preventive,103324,11020.0,0,Tire Rotation at 103324 km
2262,34,2024-04-21,Alignment,Preventive,104161,7470.0,0,Alignment at 104161 km
2263,34,2024-05-14,Oil Change,Preventive,107904,22440.0,0,Oil Change at 107904 km
2264,34,2024-06-23,Tire Rotation,Preventive,116042,6110.0,0,Tire Rotation at 116042 km
2265,34,2024-07-06,Brake Inspection,Preventive,118886,22370.0,0,Brake Inspection at 118886 km
2266,34,2024-07-08,Air Filter,Preventive,118886,11120.0,0,Air Filter at 118886 km
2267,34,2024-07-13,Oil Change,Preventive,119740,53800.0,0,Oil Change at 119740 km
2268,34,2024-07-15,Wiper Replacement,Preventive,119740,5070.0,0,Wiper Replacement at 119740 km
2269,34,2024-08-25,Tire Rotation,Preventive,128092,9190.0,0,Tire Rotation at 128092 km
2270,34,2024-08-28,Alignment,Preventive,128594,8130.0,0,Alignment at 128594 km
2271,34,2024-09-01,Engine Tune-Up,Preventive,129507,53660.0,0,Engine Tune-Up at 129507 km
2272,34,2024-09-12,Oil Change,Preventive,131381,36000.0,0,Oil Change at 131381 km
2273,34,2024-10-01,Air Filter,Preventive,136652,9050.0,0,Air Filter at 136652 km
2274,34,2024-10-20,Tire Rotation,Preventive,140180,5180.0,0,Tire Rotation at 140180 km
2275,34,2024-10-29,Brake Inspection,Preventive,142339,22860.0,0,Brake Inspection at 142339 km
2276,34,2024-11-08,Oil Change,Preventive,143973,33470.0,0,Oil Change at 143973 km
2277,34,2024-11-16,Coolant Flush,Preventive,145122,32280.0,0,Coolant Flush at 145122 km
2278,34,2024-11-23,Transmission Failure,Breakdown,146365,462230.0,1,Transmission Failure at 146365 km
2279,34,2024-12-19,Tire Rotation,Preventive,151807,3930.0,0,Tire Rotation at 151807 km
2280,34,2024-12-23,Alignment,Preventive,152090,7170.0,0,Alignment at 152090 km
2281,34,2025-01-02,Air Filter,Preventive,153999,10770.0,0,Air Filter at 153999 km
2282,34,2025-01-13,Oil Change,Preventive,156455,41170.0,0,Oil Change at 156455 km
2283,34,2025-02-08,Tire Rotation,Preventive,163593,10530.0,0,Tire Rotation at 163593 km
2284,34,2025-02-21,Engine Tune-Up,Preventive,164886,36110.0,0,Engine Tune-Up at 164886 km
2285,34,2025-02-27,Brake Inspection,Preventive,166175,32570.0,0,Brake Inspection at 166175 km
2286,34,2025-03-13,Oil Change,Preventive,168219,26700.0,0,Oil Change at 168219 km
2287,34,2025-04-02,Air Filter,Preventive,172500,13360.0,0,Air Filter at 172500 km
2288,34,2025-04-13,Tire Rotation,Preventive,175662,7310.0,0,Tire Rotation at 175662 km
2289,34,2025-04-19,Alignment,Preventive,176652,11500.0,0,Alignment at 176652 km
2290,34,2025-05-06,Oil Change,Preventive,180420,27640.0,0,Oil Change at 180420 km
2291,34,2025-06-19,Tire Rotation,Preventive,187250,8520.0,0,Tire Rotation at 187250 km
2292,34,2025-06-26,Brake Inspection,Preventive,189364,46680.0,0,Brake Inspection at 189364 km
2293,34,2025-07-02,Air Filter,Preventive,189976,11350.0,0,Air Filter at 189976 km
2294,34,2025-07-12,Coolant Flush,Preventive,191485,18020.0,0,Coolant Flush at 191485 km
2295,34,2025-07-15,Oil Change,Preventive,192204,27040.0,0,Oil Change at 192204 km
2296,34,2025-08-17,Tire Rotation,Preventive,198866,5610.0,0,Tire Rotation at 198866 km
2297,34,2025-09-03,Alignment,Preventive,202895,12290.0,0,Alignment at 202895 km
2298,34,2025-09-04,Engine Tune-Up,Preventive,202895,63000.0,0,Engine Tune-Up at 202895 km
2299,34,2025-09-05,Wiper Replacement,Preventive,202895,5210.0,0,Wiper Replacement at 202895 km
2300,34,2025-09-15,Oil Change,Preventive,205065,31520.0,0,Oil Change at 205065 km
2301,34,2025-10-01,Air Filter,Preventive,207821,9630.0,0,Air Filter at 207821 km
2302,34,2025-10-18,Tire Rotation,Preventive,211356,5870.0,0,Tire Rotation at 211356 km
2303,34,2025-10-27,Brake Inspection,Preventive,213621,41480.0,0,Brake Inspection at 213621 km
2304,34,2025-11-13,Transmission Service,Preventive,216479,122940.0,0,Transmission Service at 216479 km
2305,34,2025-11-15,Oil Change,Preventive,216959,58870.0,0,Oil Change at 216959 km
2306,34,2025-12-08,Battery Replacement,Preventive,221209,96400.0,0,Battery Replacement at 221209 km
2307,34,2025-12-25,Tire Rotation,Preventive,223596,5980.0,0,Tire Rotation at 223596 km
2308,35,2023-03-06,Oil Change,Preventive,52378,21010.0,0,Oil Change at 52378 km
2309,35,2023-03-15,Tire Rotation,Preventive,53956,6650.0,0,Tire Rotation at 53956 km
2310,35,2023-03-22,Air Filter,Preventive,55389,10130.0,0,Air Filter at 55389 km
2311,35,2023-03-29,Alignment,Preventive,56528,9540.0,0,Alignment at 56528 km
2312,35,2023-04-29,Brake Inspection,Preventive,63719,34370.0,0,Brake Inspection at 63719 km
2313,35,2023-05-21,Oil Change,Preventive,67284,22690.0,0,Oil Change at 67284 km
2314,35,2023-05-26,Tire Rotation,Preventive,68455,4680.0,0,Tire Rotation at 68455 km
2315,35,2023-06-26,Engine Tune-Up,Preventive,73940,40300.0,0,Engine Tune-Up at 73940 km
2316,35,2023-07-14,Air Filter,Preventive,77371,7830.0,0,Air Filter at 77371 km
2317,35,2023-07-24,Coolant Flush,Preventive,78748,18630.0,0,Coolant Flush at 78748 km
2318,35,2023-08-10,Oil Change,Preventive,81958,17420.0,0,Oil Change at 81958 km
2319,35,2023-08-16,Tire Rotation,Preventive,82977,7320.0,0,Tire Rotation at 82977 km
2320,35,2023-08-31,Alignment,Preventive,85279,6290.0,0,Alignment at 85279 km
2321,35,2023-10-15,Brake Inspection,Preventive,92622,32650.0,0,Brake Inspection at 92622 km
2322,35,2023-11-06,Oil Change,Preventive,98276,19050.0,0,Oil Change at 98276 km
2323,35,2023-11-15,Tire Rotation,Preventive,99657,3220.0,0,Tire Rotation at 99657 km
2324,35,2023-11-17,Air Filter,Preventive,99917,14450.0,0,Air Filter at 99917 km
2325,35,2024-02-02,Oil Change,Preventive,113161,25620.0,0,Oil Change at 113161 km
2326,35,2024-02-09,Tire Rotation,Preventive,114451,8080.0,0,Tire Rotation at 114451 km
2327,35,2024-02-12,Alignment,Preventive,114706,10590.0,0,Alignment at 114706 km
2328,35,2024-02-28,Engine Tune-Up,Preventive,118116,40970.0,0,Engine Tune-Up at 118116 km
2329,35,2024-03-16,Wiper Replacement,Preventive,120320,5020.0,0,Wiper Replacement at 120320 km
2330,35,2024-03-31,Brake Inspection,Preventive,122615,48310.0,0,Brake Inspection at 122615 km
2331,35,2024-04-03,Air Filter,Preventive,123063,9880.0,0,Air Filter at 123063 km
2332,35,2024-04-04,Transmission Service,Preventive,123063,126070.0,0,Transmission Service at 123063 km
2333,35,2024-05-12,Oil Change,Preventive,130535,30950.0,0,Oil Change at 130535 km
2334,35,2024-05-22,Tire Rotation,Preventive,132535,4830.0,0,Tire Rotation at 132535 km
2335,35,2024-06-15,Coolant Flush,Preventive,137071,12920.0,0,Coolant Flush at 137071 km
2336,35,2024-07-12,Alignment,Preventive,144197,8580.0,0,Alignment at 144197 km
2337,35,2024-07-16,Oil Change,Preventive,144949,41840.0,0,Oil Change at 144949 km
2338,35,2024-07-19,Air Filter,Preventive,145420,9360.0,0,Air Filter at 145420 km
2339,35,2024-07-30,Tire Rotation,Preventive,147838,6350.0,0,Tire Rotation at 147838 km
2340,35,2024-08-11,Battery Replacement,Preventive,150221,70100.0,0,Battery Replacement at 150221 km
2341,35,2024-08-27,Brake Inspection,Preventive,154126,32120.0,0,Brake Inspection at 154126 km
2342,35,2024-09-21,Oil Change,Preventive,159369,19910.0,0,Oil Change at 159369 km
2343,35,2024-10-04,Engine Tune-Up,Preventive,161405,51060.0,0,Engine Tune-Up at 161405 km
2344,35,2024-10-09,Tire Rotation,Preventive,162919,4110.0,0,Tire Rotation at 162919 km
2345,35,2024-11-15,Air Filter,Preventive,168257,6060.0,0,Air Filter at 168257 km
2346,35,2024-12-19,Oil Change,Preventive,174288,38680.0,0,Oil Change at 174288 km
2347,35,2024-12-20,Alignment,Preventive,174288,8380.0,0,Alignment at 174288 km
2348,35,2025-01-06,Tire Rotation,Preventive,177441,6770.0,0,Tire Rotation at 177441 km
2349,35,2025-02-14,Brake Inspection,Preventive,183355,46550.0,0,Brake Inspection at 183355 km
2350,35,2025-03-22,Oil Change,Preventive,189882,23620.0,0,Oil Change at 189882 km
2351,35,2025-03-28,Air Filter,Preventive,191044,7100.0,0,Air Filter at 191044 km
2352,35,2025-04-01,Tire Rotation,Preventive,191898,7170.0,0,Tire Rotation at 191898 km
2353,35,2025-04-17,Coolant Flush,Preventive,194662,22940.0,0,Coolant Flush at 194662 km
2354,35,2025-05-31,Alignment,Preventive,203018,8610.0,0,Alignment at 203018 km
2355,35,2025-06-04,Wiper Replacement,Preventive,203622,10110.0,0,Wiper Replacement at 203622 km
2356,35,2025-06-08,Oil Change,Preventive,204483,49150.0,0,Oil Change at 204483 km
2357,35,2025-06-11,Engine Tune-Up,Preventive,205327,43550.0,0,Engine Tune-Up at 205327 km
2358,35,2025-06-18,Tire Rotation,Preventive,206483,5170.0,0,Tire Rotation at 206483 km
2359,35,2025-07-05,Transmission Service,Preventive,209591,128500.0,0,Transmission Service at 209591 km
2360,35,2025-07-27,Brake Inspection,Preventive,213743,31650.0,0,Brake Inspection at 213743 km
2361,35,2025-07-29,Air Filter,Preventive,213933,8760.0,0,Air Filter at 213933 km
2362,35,2025-09-10,Oil Change,Preventive,220479,35370.0,0,Oil Change at 220479 km
2363,35,2025-09-14,Tire Rotation,Preventive,221106,10110.0,0,Tire Rotation at 221106 km
2364,35,2025-11-17,Alignment,Preventive,231984,7020.0,0,Alignment at 231984 km
2365,35,2025-11-29,Oil Change,Preventive,235214,42190.0,0,Oil Change at 235214 km
2366,35,2025-12-04,Tire Rotation,Preventive,235495,4740.0,0,Tire Rotation at 235495 km
2367,35,2025-12-05,Air Filter,Preventive,235495,6820.0,0,Air Filter at 235495 km
2368,36,2023-01-22,Oil Change,Preventive,115554,19910.0,0,Oil Change at 115554 km
2369,36,2023-02-27,Alignment,Preventive,121377,7280.0,0,Alignment at 121377 km
2370,36,2023-03-03,Tire Rotation,Preventive,122205,7220.0,0,Tire Rotation at 122205 km
2371,36,2023-03-18,Air Filter,Preventive,125357,5690.0,0,Air Filter at 125357 km
2372,36,2023-04-08,Oil Change,Preventive,128331,27490.0,0,Oil Change at 128331 km
2373,36,2023-04-28,Brake Inspection,Preventive,133266,44370.0,0,Brake Inspection at 133266 km
2374,36,2023-05-03,Coolant Flush,Preventive,133820,12230.0,0,Coolant Flush at 133820 km
2375,36,2023-05-25,Tire Rotation,Preventive,137125,4930.0,0,Tire Rotation at 137125 km
2376,36,2023-06-03,Wiper Replacement,Preventive,139414,6390.0,0,Wiper Replacement at 139414 km
2377,36,2023-06-11,Oil Change,Preventive,141144,26540.0,0,Oil Change at 141144 km
2378,36,2023-06-15,Engine Tune-Up,Preventive,141907,37730.0,0,Engine Tune-Up at 141907 km
2379,36,2023-06-23,Transmission Service,Preventive,143127,79290.0,0,Transmission Service at 143127 km
2380,36,2023-06-30,Air Filter,Preventive,144987,6140.0,0,Air Filter at 144987 km
2381,36,2023-07-04,Alignment,Preventive,146042,5810.0,0,Alignment at 146042 km
2382,36,2023-07-31,Tire Rotation,Preventive,150677,3580.0,0,Tire Rotation at 150677 km
2383,36,2023-08-25,Oil Change,Preventive,156076,19590.0,0,Oil Change at 156076 km
2384,36,2023-09-03,Brake Inspection,Preventive,157675,35240.0,0,Brake Inspection at 157675 km
2385,36,2023-10-05,Tire Rotation,Preventive,163321,6900.0,0,Tire Rotation at 163321 km
2386,36,2023-10-08,Air Filter,Preventive,163930,11750.0,0,Air Filter at 163930 km
2387,36,2023-10-30,Oil Change,Preventive,168106,23340.0,0,Oil Change at 168106 km
2388,36,2023-11-16,Alignment,Preventive,170335,14120.0,0,Alignment at 170335 km
2389,36,2023-12-08,Tire Rotation,Preventive,175978,6460.0,0,Tire Rotation at 175978 km
2390,36,2023-12-21,Engine Tune-Up,Preventive,179153,60300.0,0,Engine Tune-Up at 179153 km
2391,36,2023-12-26,Oil Change,Preventive,180364,21210.0,0,Oil Change at 180364 km
2392,36,2024-01-05,Brake Inspection,Preventive,182096,33840.0,0,Brake Inspection at 182096 km
2393,36,2024-01-07,Air Filter,Preventive,182384,8790.0,0,Air Filter at 182384 km
2394,36,2024-01-09,Coolant Flush,Preventive,182573,18060.0,0,Coolant Flush at 182573 km
2395,36,2024-01-28,Overheating,Breakdown,186444,69050.0,2,Overheating at 186444 km
2396,36,2024-02-20,Tire Rotation,Preventive,189312,7770.0,0,Tire Rotation at 189312 km
2397,36,2024-03-08,Oil Change,Preventive,192830,13210.0,0,Oil Change at 192830 km
2398,36,2024-03-29,Alignment,Preventive,196395,13390.0,0,Alignment at 196395 km
2399,36,2024-04-21,Air Filter,Preventive,201142,7120.0,0,Air Filter at 201142 km
2400,36,2024-04-27,Tire Rotation,Preventive,201841,5070.0,0,Tire Rotation at 201841 km
2401,36,2024-05-17,Oil Change,Preventive,206283,35330.0,0,Oil Change at 206283 km
2402,36,2024-05-18,Brake Inspection,Preventive,206283,39350.0,0,Brake Inspection at 206283 km
2403,36,2024-06-23,Tire Rotation,Preventive,214117,5220.0,0,Tire Rotation at 214117 km
2404,36,2024-06-29,Engine Tune-Up,Preventive,215456,41320.0,0,Engine Tune-Up at 215456 km
2405,36,2024-06-30,Transmission Service,Preventive,215456,118710.0,0,Transmission Service at 215456 km
2406,36,2024-07-12,Wiper Replacement,Preventive,217450,7190.0,0,Wiper Replacement at 217450 km
2407,36,2024-07-17,Oil Change,Preventive,218304,22650.0,0,Oil Change at 218304 km
2408,36,2024-07-24,Air Filter,Preventive,219509,11300.0,0,Air Filter at 219509 km
2409,36,2024-07-30,Alignment,Preventive,221067,5080.0,0,Alignment at 221067 km
2410,36,2024-09-05,Tire Rotation,Preventive,227172,4710.0,0,Tire Rotation at 227172 km
2411,36,2024-09-23,Oil Change,Preventive,230795,30130.0,0,Oil Change at 230795 km
2412,36,2024-09-26,Brake Inspection,Preventive,231183,33400.0,0,Brake Inspection at 231183 km
2413,36,2024-10-17,Coolant Flush,Preventive,235132,15330.0,0,Coolant Flush at 235132 km
2414,36,2024-10-26,Air Filter,Preventive,237766,10030.0,0,Air Filter at 237766 km
2415,36,2024-11-09,Tire Rotation,Preventive,240092,5660.0,0,Tire Rotation at 240092 km
2416,36,2024-11-19,Battery Replacement,Preventive,241860,101310.0,0,Battery Replacement at 241860 km
2417,36,2024-11-27,Oil Change,Preventive,243125,29410.0,0,Oil Change at 243125 km
2418,36,2024-12-12,Alignment,Preventive,245083,10050.0,0,Alignment at 245083 km
2419,36,2025-01-25,Tire Rotation,Preventive,252114,5560.0,0,Tire Rotation at 252114 km
2420,36,2025-01-28,Engine Tune-Up,Preventive,252364,43490.0,0,Engine Tune-Up at 252364 km
2421,36,2025-02-11,Oil Change,Preventive,255761,32450.0,0,Oil Change at 255761 km
2422,36,2025-02-12,Brake Inspection,Preventive,255761,45750.0,0,Brake Inspection at 255761 km
2423,36,2025-02-18,Air Filter,Preventive,256178,8330.0,0,Air Filter at 256178 km
2424,36,2025-04-18,Tire Rotation,Preventive,266788,6000.0,0,Tire Rotation at 266788 km
2425,36,2025-04-29,Oil Change,Preventive,268712,38650.0,0,Oil Change at 268712 km
2426,36,2025-05-08,Alignment,Preventive,271045,10830.0,0,Alignment at 271045 km
2427,36,2025-06-01,Air Filter,Preventive,274378,8470.0,0,Air Filter at 274378 km
2428,36,2025-06-12,Transmission Failure,Breakdown,276167,733360.0,4,Transmission Failure at 276167 km
2429,36,2025-07-03,Tire Rotation,Preventive,279340,6890.0,0,Tire Rotation at 279340 km
2430,36,2025-07-09,Brake Inspection,Preventive,280452,44510.0,0,Brake Inspection at 280452 km
2431,36,2025-07-17,Oil Change,Preventive,281506,20050.0,0,Oil Change at 281506 km
2432,36,2025-08-05,Coolant Flush,Preventive,285324,27860.0,0,Coolant Flush at 285324 km
2433,36,2025-08-21,Wiper Replacement,Preventive,288304,5910.0,0,Wiper Replacement at 288304 km
2434,36,2025-08-27,Engine Tune-Up,Preventive,289166,93130.0,0,Engine Tune-Up at 289166 km
2435,36,2025-09-08,Tire Rotation,Preventive,291395,4210.0,0,Tire Rotation at 291395 km
2436,36,2025-09-14,Air Filter,Preventive,292395,13270.0,0,Air Filter at 292395 km
2437,36,2025-09-23,Oil Change,Preventive,293762,17730.0,0,Oil Change at 293762 km
2438,36,2025-10-04,Alignment,Preventive,295369,17060.0,0,Alignment at 295369 km
2439,36,2025-11-21,Tire Rotation,Preventive,304310,8610.0,0,Tire Rotation at 304310 km
2440,36,2025-11-23,Brake Inspection,Preventive,304632,43500.0,0,Brake Inspection at 304632 km
2441,36,2025-12-01,Oil Change,Preventive,306578,26860.0,0,Oil Change at 306578 km
2442,37,2023-01-11,Overheating,Breakdown,24966,61750.0,8,Overheating at 24966 km
2443,37,2023-02-15,Tire Rotation,Preventive,28849,6960.0,0,Tire Rotation at 28849 km
2444,37,2023-02-21,Oil Change,Preventive,29436,26850.0,0,Oil Change at 29436 km
2445,37,2023-04-15,Brake Inspection,Preventive,38495,41800.0,0,Brake Inspection at 38495 km
2446,37,2023-04-19,Wiper Replacement,Preventive,39264,5430.0,0,Wiper Replacement at 39264 km
2447,37,2023-04-30,Air Filter,Preventive,41749,9470.0,0,Air Filter at 41749 km
2448,37,2023-05-09,Oil Change,Preventive,43781,20270.0,0,Oil Change at 43781 km
2449,37,2023-05-14,Tire Rotation,Preventive,44595,2730.0,0,Tire Rotation at 44595 km
2450,37,2023-05-22,Alignment,Preventive,46095,11340.0,0,Alignment at 46095 km
2451,37,2023-07-15,Engine Tune-Up,Preventive,57108,41910.0,0,Engine Tune-Up at 57108 km
2452,37,2023-07-25,Oil Change,Preventive,58584,14350.0,0,Oil Change at 58584 km
2453,37,2023-07-28,Tire Rotation,Preventive,59391,3430.0,0,Tire Rotation at 59391 km
2454,37,2023-08-21,Air Filter,Preventive,63957,6280.0,0,Air Filter at 63957 km
2455,37,2023-09-05,Brake Inspection,Preventive,67188,23420.0,0,Brake Inspection at 67188 km
2456,37,2023-10-09,Oil Change,Preventive,74501,17150.0,0,Oil Change at 74501 km
2457,37,2023-10-12,Tire Rotation,Preventive,74999,4660.0,0,Tire Rotation at 74999 km
2458,37,2023-10-18,Alignment,Preventive,76034,8910.0,0,Alignment at 76034 km
2459,37,2023-10-20,Transmission Service,Preventive,76249,84970.0,0,Transmission Service at 76249 km
2460,37,2023-10-22,Battery Replacement,Preventive,76608,82020.0,0,Battery Replacement at 76608 km
2461,37,2023-11-22,Coolant Flush,Preventive,82604,16780.0,0,Coolant Flush at 82604 km
2462,37,2023-12-20,Air Filter,Preventive,87602,11310.0,0,Air Filter at 87602 km
2463,37,2023-12-27,Oil Change,Preventive,89031,38040.0,0,Oil Change at 89031 km
2464,37,2024-01-03,Tire Rotation,Preventive,90606,5770.0,0,Tire Rotation at 90606 km
2465,37,2024-01-30,Overheating,Breakdown,96701,69310.0,3,Overheating at 96701 km
2466,37,2024-02-11,Brake Inspection,Preventive,98100,41310.0,0,Brake Inspection at 98100 km
2467,37,2024-02-21,Engine Tune-Up,Preventive,100431,40070.0,0,Engine Tune-Up at 100431 km
2468,37,2024-03-14,Oil Change,Preventive,103452,28280.0,0,Oil Change at 103452 km
2469,37,2024-03-23,Tire Rotation,Preventive,105231,7020.0,0,Tire Rotation at 105231 km
2470,37,2024-03-25,Alignment,Preventive,105231,8740.0,0,Alignment at 105231 km
2471,37,2024-04-20,Air Filter,Preventive,110277,6640.0,0,Air Filter at 110277 km
2472,37,2024-05-30,Oil Change,Preventive,117857,41450.0,0,Oil Change at 117857 km
2473,37,2024-06-10,Tire Rotation,Preventive,120201,4980.0,0,Tire Rotation at 120201 km
2474,37,2024-07-07,Wiper Replacement,Preventive,124868,11100.0,0,Wiper Replacement at 124868 km
2475,37,2024-07-21,Brake Inspection,Preventive,127872,27990.0,0,Brake Inspection at 127872 km
2476,37,2024-08-10,Oil Change,Preventive,132327,15220.0,0,Oil Change at 132327 km
2477,37,2024-08-13,Air Filter,Preventive,132541,5490.0,0,Air Filter at 132541 km
2478,37,2024-08-22,Alignment,Preventive,133987,6750.0,0,Alignment at 133987 km
2479,37,2024-09-02,Tire Rotation,Preventive,135946,5250.0,0,Tire Rotation at 135946 km
2480,37,2024-10-19,Engine Tune-Up,Preventive,143621,74570.0,0,Engine Tune-Up at 143621 km
2481,37,2024-11-09,Transmission Failure,Breakdown,147371,301880.0,2,Transmission Failure at 147371 km
2482,37,2024-11-13,Oil Change,Preventive,147608,25430.0,0,Oil Change at 147608 km
2483,37,2024-11-27,Tire Rotation,Preventive,150270,6120.0,0,Tire Rotation at 150270 km
2484,37,2024-12-18,Air Filter,Preventive,154254,9760.0,0,Air Filter at 154254 km
2485,37,2024-12-20,Coolant Flush,Preventive,154254,14820.0,0,Coolant Flush at 154254 km
2486,37,2025-01-09,Brake Inspection,Preventive,157635,35600.0,0,Brake Inspection at 157635 km
2487,37,2025-02-06,Oil Change,Preventive,162712,28560.0,0,Oil Change at 162712 km
2488,37,2025-02-10,Alignment,Preventive,162989,17800.0,0,Alignment at 162989 km
2489,37,2025-02-19,Tire Rotation,Preventive,164808,4870.0,0,Tire Rotation at 164808 km
2490,37,2025-04-17,Air Filter,Preventive,175975,11040.0,0,Air Filter at 175975 km
2491,37,2025-04-20,Engine Failure,Breakdown,176848,311310.0,8,Engine Failure at 176848 km
2492,37,2025-05-06,Oil Change,Preventive,178495,25810.0,0,Oil Change at 178495 km
2493,37,2025-05-13,Tire Rotation,Preventive,179591,7140.0,0,Tire Rotation at 179591 km
2494,37,2025-06-19,Brake Inspection,Preventive,186845,67240.0,0,Brake Inspection at 186845 km
2495,37,2025-06-27,Engine Failure,Breakdown,187965,575260.0,4,Engine Failure at 187965 km
2496,37,2025-07-24,Alignment,Preventive,191922,11410.0,0,Alignment at 191922 km
2497,37,2025-07-30,Oil Change,Preventive,192836,23940.0,0,Oil Change at 192836 km
2498,37,2025-08-08,Tire Rotation,Preventive,194283,7030.0,0,Tire Rotation at 194283 km
2499,37,2025-08-22,Air Filter,Preventive,197962,8570.0,0,Air Filter at 197962 km
2500,37,2025-09-29,Wiper Replacement,Preventive,204509,8480.0,0,Wiper Replacement at 204509 km
2501,37,2025-10-12,Oil Change,Preventive,207500,20330.0,0,Oil Change at 207500 km
2502,37,2025-10-26,Tire Rotation,Preventive,211218,7400.0,0,Tire Rotation at 211218 km
2503,37,2025-10-30,Overheating,Breakdown,211835,63790.0,5,Overheating at 211835 km
2504,37,2025-11-29,Brake Inspection,Preventive,216994,34690.0,0,Brake Inspection at 216994 km
2505,37,2025-12-10,Overheating,Breakdown,219258,163950.0,1,Overheating at 219258 km
2506,37,2025-12-17,Air Filter,Preventive,220735,13730.0,0,Air Filter at 220735 km
2507,37,2025-12-18,Alignment,Preventive,220735,13020.0,0,Alignment at 220735 km
2508,37,2025-12-23,Battery Replacement,Preventive,221680,72160.0,0,Battery Replacement at 221680 km
2509,38,2023-02-03,Oil Change,Preventive,55423,27130.0,0,Oil Change at 55423 km
2510,38,2023-03-01,Tire Rotation,Preventive,60347,4810.0,0,Tire Rotation at 60347 km
2511,38,2023-03-09,Alignment,Preventive,61001,9270.0,0,Alignment at 61001 km
2512,38,2023-04-05,Brake Inspection,Preventive,66363,56950.0,0,Brake Inspection at 66363 km
2513,38,2023-04-07,Air Filter,Preventive,66901,4930.0,0,Air Filter at 66901 km
2514,38,2023-04-21,Oil Change,Preventive,69781,39290.0,0,Oil Change at 69781 km
2515,38,2023-05-05,Coolant Flush,Preventive,72220,14260.0,0,Coolant Flush at 72220 km
2516,38,2023-05-13,Tire Rotation,Preventive,73388,6480.0,0,Tire Rotation at 73388 km
2517,38,2023-06-04,Engine Tune-Up,Preventive,78404,58520.0,0,Engine Tune-Up at 78404 km
2518,38,2023-06-27,Oil Change,Preventive,82831,13400.0,0,Oil Change at 82831 km
2519,38,2023-07-19,Tire Rotation,Preventive,86734,7170.0,0,Tire Rotation at 86734 km
2520,38,2023-07-25,Air Filter,Preventive,87997,5310.0,0,Air Filter at 87997 km
2521,38,2023-07-31,Alignment,Preventive,88993,9090.0,0,Alignment at 88993 km
2522,38,2023-08-14,Brake Inspection,Preventive,92568,24770.0,0,Brake Inspection at 92568 km
2523,38,2023-08-29,Brake Failure,Breakdown,95271,103160.0,1,Brake Failure at 95271 km
2524,38,2023-09-09,Oil Change,Preventive,97731,38290.0,0,Oil Change at 97731 km
2525,38,2023-09-25,Tire Rotation,Preventive,99735,3900.0,0,Tire Rotation at 99735 km
2526,38,2023-11-03,Air Filter,Preventive,108366,11450.0,0,Air Filter at 108366 km
2527,38,2023-11-17,Oil Change,Preventive,110944,23610.0,0,Oil Change at 110944 km
2528,38,2023-11-29,Tire Rotation,Preventive,112799,3930.0,0,Tire Rotation at 112799 km
2529,38,2023-12-04,Wiper Replacement,Preventive,113399,5000.0,0,Wiper Replacement at 113399 km
2530,38,2023-12-16,Alignment,Preventive,115491,9000.0,0,Alignment at 115491 km
2531,38,2024-01-11,Engine Tune-Up,Preventive,119295,37860.0,0,Engine Tune-Up at 119295 km
2532,38,2024-01-25,Brake Inspection,Preventive,122092,34820.0,0,Brake Inspection at 122092 km
2533,38,2024-02-01,Oil Change,Preventive,124109,25860.0,0,Oil Change at 124109 km
2534,38,2024-02-05,Coolant Flush,Preventive,124571,10650.0,0,Coolant Flush at 124571 km
2535,38,2024-02-13,Tire Rotation,Preventive,126034,4790.0,0,Tire Rotation at 126034 km
2536,38,2024-02-17,Transmission Service,Preventive,127097,91300.0,0,Transmission Service at 127097 km
2537,38,2024-02-28,Air Filter,Preventive,128476,6390.0,0,Air Filter at 128476 km
2538,38,2024-04-15,Oil Change,Preventive,137699,14660.0,0,Oil Change at 137699 km
2539,38,2024-04-23,Tire Rotation,Preventive,139323,6740.0,0,Tire Rotation at 139323 km
2540,38,2024-05-04,Alignment,Preventive,141674,6560.0,0,Alignment at 141674 km
2541,38,2024-06-04,Brake Inspection,Preventive,148462,29770.0,0,Brake Inspection at 148462 km
2542,38,2024-06-10,Air Filter,Preventive,148954,10300.0,0,Air Filter at 148954 km
2543,38,2024-07-02,Oil Change,Preventive,153422,19060.0,0,Oil Change at 153422 km
2544,38,2024-07-03,Tire Rotation,Preventive,153422,4480.0,0,Tire Rotation at 153422 km
2545,38,2024-08-08,Engine Tune-Up,Preventive,159399,53590.0,0,Engine Tune-Up at 159399 km
2546,38,2024-09-12,Oil Change,Preventive,166385,42820.0,0,Oil Change at 166385 km
2547,38,2024-09-14,Tire Rotation,Preventive,166502,5810.0,0,Tire Rotation at 166502 km
2548,38,2024-09-25,Alignment,Preventive,167764,11340.0,0,Alignment at 167764 km
2549,38,2024-10-04,Air Filter,Preventive,169880,9600.0,0,Air Filter at 169880 km
2550,38,2024-10-30,Brake Inspection,Preventive,174875,31310.0,0,Brake Inspection at 174875 km
2551,38,2024-10-31,Battery Replacement,Preventive,174875,84170.0,0,Battery Replacement at 174875 km
2552,38,2024-11-11,Coolant Flush,Preventive,177376,10130.0,0,Coolant Flush at 177376 km
2553,38,2024-11-23,Oil Change,Preventive,179474,35740.0,0,Oil Change at 179474 km
2554,38,2024-11-28,Tire Rotation,Preventive,179994,7740.0,0,Tire Rotation at 179994 km
2555,38,2025-01-20,Air Filter,Preventive,189334,7860.0,0,Air Filter at 189334 km
2556,38,2025-01-29,Wiper Replacement,Preventive,190475,6780.0,0,Wiper Replacement at 190475 km
2557,38,2025-02-20,Oil Change,Preventive,193928,23420.0,0,Oil Change at 193928 km
2558,38,2025-02-27,Tire Rotation,Preventive,195196,3010.0,0,Tire Rotation at 195196 km
2559,38,2025-03-02,Alignment,Preventive,195828,6620.0,0,Alignment at 195828 km
2560,38,2025-03-15,Engine Tune-Up,Preventive,199647,65500.0,0,Engine Tune-Up at 199647 km
2561,38,2025-03-29,Brake Inspection,Preventive,202341,43790.0,0,Brake Inspection at 202341 km
2562,38,2025-04-13,Transmission Service,Preventive,204858,116560.0,0,Transmission Service at 204858 km
2563,38,2025-04-26,Oil Change,Preventive,207490,25120.0,0,Oil Change at 207490 km
2564,38,2025-05-14,Tire Rotation,Preventive,209567,8420.0,0,Tire Rotation at 209567 km
2565,38,2025-05-18,Air Filter,Preventive,210328,9900.0,0,Air Filter at 210328 km
2566,38,2025-07-09,Oil Change,Preventive,222357,26500.0,0,Oil Change at 222357 km
2567,38,2025-07-23,Tire Rotation,Preventive,223844,8460.0,0,Tire Rotation at 223844 km
2568,38,2025-07-28,Alignment,Preventive,224260,12550.0,0,Alignment at 224260 km
2569,38,2025-08-19,Brake Inspection,Preventive,228773,33620.0,0,Brake Inspection at 228773 km
2570,38,2025-08-23,Coolant Flush,Preventive,229205,21530.0,0,Coolant Flush at 229205 km
2571,38,2025-08-27,Air Filter,Preventive,229846,9590.0,0,Air Filter at 229846 km
2572,38,2025-09-26,Oil Change,Preventive,235664,41390.0,0,Oil Change at 235664 km
2573,38,2025-10-09,Tire Rotation,Preventive,236848,8080.0,0,Tire Rotation at 236848 km
2574,38,2025-10-19,Engine Tune-Up,Preventive,238657,64000.0,0,Engine Tune-Up at 238657 km
2575,38,2025-12-08,Oil Change,Preventive,249206,38860.0,0,Oil Change at 249206 km
2576,38,2025-12-14,Air Filter,Preventive,249397,13270.0,0,Air Filter at 249397 km
2577,38,2025-12-18,Tire Rotation,Preventive,250026,7730.0,0,Tire Rotation at 250026 km
2578,38,2025-12-22,Alignment,Preventive,250549,10060.0,0,Alignment at 250549 km
2579,39,2023-01-22,Oil Change,Preventive,83868,16780.0,0,Oil Change at 83868 km
2580,39,2023-02-10,Tire Rotation,Preventive,88476,3980.0,0,Tire Rotation at 88476 km
2581,39,2023-03-07,Engine Tune-Up,Preventive,93379,41500.0,0,Engine Tune-Up at 93379 km
2582,39,2023-03-17,Air Filter,Preventive,95225,5570.0,0,Air Filter at 95225 km
2583,39,2023-03-30,Oil Change,Preventive,98668,18620.0,0,Oil Change at 98668 km
2584,39,2023-04-04,Alignment,Preventive,99655,6310.0,0,Alignment at 99655 km
2585,39,2023-04-21,Tire Rotation,Preventive,103305,4400.0,0,Tire Rotation at 103305 km
2586,39,2023-05-09,Brake Inspection,Preventive,106615,42680.0,0,Brake Inspection at 106615 km
2587,39,2023-05-18,Coolant Flush,Preventive,108195,11920.0,0,Coolant Flush at 108195 km
2588,39,2023-06-07,Oil Change,Preventive,112450,18280.0,0,Oil Change at 112450 km
2589,39,2023-06-29,Air Filter,Preventive,116519,8430.0,0,Air Filter at 116519 km
2590,39,2023-07-07,Tire Rotation,Preventive,117151,5910.0,0,Tire Rotation at 117151 km
2591,39,2023-08-14,Engine Failure,Breakdown,125877,332150.0,2,Engine Failure at 125877 km
2592,39,2023-08-19,Oil Change,Preventive,126459,14330.0,0,Oil Change at 126459 km
2593,39,2023-08-27,Alignment,Preventive,127375,9540.0,0,Alignment at 127375 km
2594,39,2023-09-25,Tire Rotation,Preventive,133608,5960.0,0,Tire Rotation at 133608 km
2595,39,2023-10-09,Brake Inspection,Preventive,136320,28640.0,0,Brake Inspection at 136320 km
2596,39,2023-10-16,Air Filter,Preventive,137293,7830.0,0,Air Filter at 137293 km
2597,39,2023-10-29,Oil Change,Preventive,140256,18570.0,0,Oil Change at 140256 km
2598,39,2023-12-14,Tire Rotation,Preventive,148331,3970.0,0,Tire Rotation at 148331 km
2599,39,2024-01-11,Oil Change,Preventive,154456,23960.0,0,Oil Change at 154456 km
2600,39,2024-01-16,Alignment,Preventive,154874,10360.0,0,Alignment at 154874 km
2601,39,2024-01-31,Wiper Replacement,Preventive,157268,4410.0,0,Wiper Replacement at 157268 km
2602,39,2024-02-10,Air Filter,Preventive,159074,7760.0,0,Air Filter at 159074 km
2603,39,2024-02-24,Transmission Service,Preventive,161602,67510.0,0,Transmission Service at 161602 km
2604,39,2024-03-02,Tire Rotation,Preventive,163212,5590.0,0,Tire Rotation at 163212 km
2605,39,2024-03-10,Brake Inspection,Preventive,164781,30220.0,0,Brake Inspection at 164781 km
2606,39,2024-03-12,Coolant Flush,Preventive,164997,10650.0,0,Coolant Flush at 164997 km
2607,39,2024-03-26,Transmission Failure,Breakdown,167311,330120.0,4,Transmission Failure at 167311 km
2608,39,2024-04-03,Engine Tune-Up,Preventive,167537,54980.0,0,Engine Tune-Up at 167537 km
2609,39,2024-04-12,Oil Change,Preventive,169567,19700.0,0,Oil Change at 169567 km
2610,39,2024-05-23,Tire Rotation,Preventive,177380,4830.0,0,Tire Rotation at 177380 km
2611,39,2024-06-05,Air Filter,Preventive,179754,9720.0,0,Air Filter at 179754 km
2612,39,2024-06-21,Alignment,Preventive,182823,7290.0,0,Alignment at 182823 km
2613,39,2024-06-25,Oil Change,Preventive,183719,22120.0,0,Oil Change at 183719 km
2614,39,2024-08-14,Tire Rotation,Preventive,191445,5090.0,0,Tire Rotation at 191445 km
2615,39,2024-08-23,Brake Inspection,Preventive,193046,28840.0,0,Brake Inspection at 193046 km
2616,39,2024-08-31,Transmission Failure,Breakdown,194493,293470.0,1,Transmission Failure at 194493 km
2617,39,2024-09-29,Oil Change,Preventive,198929,15700.0,0,Oil Change at 198929 km
2618,39,2024-10-13,Air Filter,Preventive,201800,5870.0,0,Air Filter at 201800 km
2619,39,2024-10-14,Battery Replacement,Preventive,201800,63730.0,0,Battery Replacement at 201800 km
2620,39,2024-11-01,Tire Rotation,Preventive,205208,3450.0,0,Tire Rotation at 205208 km
2621,39,2024-11-22,Engine Tune-Up,Preventive,209003,33650.0,0,Engine Tune-Up at 209003 km
2622,39,2024-12-07,Alignment,Preventive,211565,5770.0,0,Alignment at 211565 km
2623,39,2024-12-17,Oil Change,Preventive,212981,19780.0,0,Oil Change at 212981 km
2624,39,2025-01-21,Tire Rotation,Preventive,219199,7870.0,0,Tire Rotation at 219199 km
2625,39,2025-01-25,Transmission Failure,Breakdown,220002,448630.0,5,Transmission Failure at 220002 km
2626,39,2025-01-31,Coolant Flush,Preventive,220002,12830.0,0,Coolant Flush at 220002 km
2627,39,2025-02-12,Brake Inspection,Preventive,222212,30260.0,0,Brake Inspection at 222212 km
2628,39,2025-02-21,Air Filter,Preventive,224073,9170.0,0,Air Filter at 224073 km
2629,39,2025-03-06,Oil Change,Preventive,227047,13820.0,0,Oil Change at 227047 km
2630,39,2025-04-05,Tire Rotation,Preventive,233960,3550.0,0,Tire Rotation at 233960 km
2631,39,2025-04-15,Wiper Replacement,Preventive,236237,6390.0,0,Wiper Replacement at 236237 km
2632,39,2025-05-05,Alignment,Preventive,239244,5260.0,0,Alignment at 239244 km
2633,39,2025-05-10,Transmission Failure,Breakdown,240662,309130.0,2,Transmission Failure at 240662 km
2634,39,2025-05-16,Oil Change,Preventive,241127,34820.0,0,Oil Change at 241127 km
2635,39,2025-06-16,Air Filter,Preventive,246115,7490.0,0,Air Filter at 246115 km
2636,39,2025-06-26,Tire Rotation,Preventive,248085,2510.0,0,Tire Rotation at 248085 km
2637,39,2025-07-08,Brake Inspection,Preventive,249691,22230.0,0,Brake Inspection at 249691 km
2638,39,2025-07-15,Engine Tune-Up,Preventive,250602,55520.0,0,Engine Tune-Up at 250602 km
2639,39,2025-08-03,Oil Change,Preventive,254908,22510.0,0,Oil Change at 254908 km
2640,39,2025-09-06,Tire Rotation,Preventive,262515,5300.0,0,Tire Rotation at 262515 km
2641,39,2025-10-05,Air Filter,Preventive,268469,9060.0,0,Air Filter at 268469 km
2642,39,2025-10-06,Alignment,Preventive,268469,9460.0,0,Alignment at 268469 km
2643,39,2025-10-13,Oil Change,Preventive,269229,23940.0,0,Oil Change at 269229 km
2644,39,2025-11-14,Brake Failure,Breakdown,274604,75560.0,5,Brake Failure at 274604 km
2645,39,2025-11-22,Coolant Flush,Preventive,275125,13030.0,0,Coolant Flush at 275125 km
2646,39,2025-11-30,Tire Rotation,Preventive,276324,6030.0,0,Tire Rotation at 276324 km
2647,40,2023-02-17,Tire Rotation,Preventive,100250,4010.0,0,Tire Rotation at 100250 km
2648,40,2023-03-11,Oil Change,Preventive,104998,23080.0,0,Oil Change at 104998 km
2649,40,2023-04-09,Air Filter,Preventive,110058,4640.0,0,Air Filter at 110058 km
2650,40,2023-05-10,Brake Failure,Breakdown,115802,110640.0,1,Brake Failure at 115802 km
2651,40,2023-05-27,Tire Rotation,Preventive,118433,4900.0,0,Tire Rotation at 118433 km
2652,40,2023-06-19,Brake Failure,Breakdown,123363,34160.0,7,Brake Failure at 123363 km
2653,40,2023-07-04,Oil Change,Preventive,125792,15650.0,0,Oil Change at 125792 km
2654,40,2023-07-09,Alignment,Preventive,126751,9430.0,0,Alignment at 126751 km
2655,40,2023-08-20,Engine Tune-Up,Preventive,135018,42960.0,0,Engine Tune-Up at 135018 km
2656,40,2023-08-31,Tire Rotation,Preventive,137168,6530.0,0,Tire Rotation at 137168 km
2657,40,2023-09-03,Air Filter,Preventive,137959,6090.0,0,Air Filter at 137959 km
2658,40,2023-09-30,Oil Change,Preventive,143849,20110.0,0,Oil Change at 143849 km
2659,40,2023-11-21,Brake Failure,Breakdown,153556,74100.0,4,Brake Failure at 153556 km
2660,40,2023-12-12,Tire Rotation,Preventive,156529,2110.0,0,Tire Rotation at 156529 km
2661,40,2023-12-16,Coolant Flush,Preventive,156765,11640.0,0,Coolant Flush at 156765 km
2662,40,2024-01-19,Transmission Failure,Breakdown,161408,179380.0,7,Transmission Failure at 161408 km
2663,40,2024-02-04,Oil Change,Preventive,162700,19550.0,0,Oil Change at 162700 km
2664,40,2024-02-08,Alignment,Preventive,163159,6090.0,0,Alignment at 163159 km
2665,40,2024-02-17,Air Filter,Preventive,165209,6890.0,0,Air Filter at 165209 km
2666,40,2024-03-29,Transmission Failure,Breakdown,175327,633700.0,4,Transmission Failure at 175327 km
2667,40,2024-04-03,Tire Rotation,Preventive,175327,8640.0,0,Tire Rotation at 175327 km
2668,40,2024-04-13,Engine Failure,Breakdown,178394,379690.0,3,Engine Failure at 178394 km
2669,40,2024-04-20,Lubrication Failure,Breakdown,179655,135880.0,3,Lubrication Failure at 179655 km
2670,40,2024-05-13,Wiper Replacement,Preventive,183317,3840.0,0,Wiper Replacement at 183317 km
2671,40,2024-06-15,Brake Inspection,Preventive,191336,23960.0,0,Brake Inspection at 191336 km
2672,40,2024-06-25,Air Filter,Preventive,192614,5780.0,0,Air Filter at 192614 km
2673,40,2024-07-02,Tire Rotation,Preventive,194058,4460.0,0,Tire Rotation at 194058 km
2674,40,2024-07-26,Oil Change,Preventive,197680,34940.0,0,Oil Change at 197680 km
2675,40,2024-08-09,Alignment,Preventive,200138,10080.0,0,Alignment at 200138 km
2676,40,2024-09-15,Battery Replacement,Preventive,205517,57010.0,0,Battery Replacement at 205517 km
2677,40,2024-10-25,Tire Rotation,Preventive,212273,4670.0,0,Tire Rotation at 212273 km
2678,40,2024-11-08,Oil Change,Preventive,216332,19390.0,0,Oil Change at 216332 km
2679,40,2024-11-22,Overheating,Breakdown,218746,81150.0,1,Overheating at 218746 km
2680,40,2024-11-28,Lubrication Failure,Breakdown,220564,91780.0,7,Lubrication Failure at 220564 km
2681,40,2024-12-18,Air Filter,Preventive,222638,11340.0,0,Air Filter at 222638 km
2682,40,2025-01-22,Brake Failure,Breakdown,229125,82320.0,5,Brake Failure at 229125 km
2683,40,2025-02-12,Tire Rotation,Preventive,232647,6560.0,0,Tire Rotation at 232647 km
2684,40,2025-02-13,Engine Tune-Up,Preventive,232647,28850.0,0,Engine Tune-Up at 232647 km
2685,40,2025-03-05,Alignment,Preventive,236428,9580.0,0,Alignment at 236428 km
2686,40,2025-03-15,Oil Change,Preventive,238756,33020.0,0,Oil Change at 238756 km
2687,40,2025-05-23,Air Filter,Preventive,249868,5890.0,0,Air Filter at 249868 km
2688,40,2025-05-31,Tire Rotation,Preventive,251279,6470.0,0,Tire Rotation at 251279 km
2689,40,2025-06-14,Brake Failure,Breakdown,254555,49650.0,2,Brake Failure at 254555 km
2690,40,2025-07-03,Transmission Failure,Breakdown,257519,183960.0,2,Transmission Failure at 257519 km
2691,40,2025-07-09,Oil Change,Preventive,257722,16940.0,0,Oil Change at 257722 km
2692,40,2025-09-13,Tire Rotation,Preventive,270704,5900.0,0,Tire Rotation at 270704 km
2693,40,2025-09-25,Alignment,Preventive,272597,11040.0,0,Alignment at 272597 km
2694,40,2025-10-07,Wiper Replacement,Preventive,274900,4750.0,0,Wiper Replacement at 274900 km
2695,40,2025-10-11,Lubrication Failure,Breakdown,275766,432810.0,7,Lubrication Failure at 275766 km
2696,40,2025-10-26,Air Filter,Preventive,277446,10790.0,0,Air Filter at 277446 km
2697,40,2025-11-19,Brake Failure,Breakdown,282833,78130.0,1,Brake Failure at 282833 km
2698,40,2025-12-16,Transmission Failure,Breakdown,287870,336020.0,3,Transmission Failure at 287870 km
2699,40,2025-12-20,Engine Tune-Up,Preventive,287870,43110.0,0,Engine Tune-Up at 287870 km
2700,40,2025-12-30,Tire Rotation,Preventive,289206,7250.0,0,Tire Rotation at 289206 km
2701,41,2023-02-07,Tire Rotation,Preventive,116143,5310.0,0,Tire Rotation at 116143 km
2702,41,2023-02-19,Oil Change,Preventive,118972,15100.0,0,Oil Change at 118972 km
2703,41,2023-02-20,Air Filter,Preventive,118972,5600.0,0,Air Filter at 118972 km
2704,41,2023-04-15,Tire Rotation,Preventive,130430,2390.0,0,Tire Rotation at 130430 km
2705,41,2023-04-17,Brake Inspection,Preventive,130941,23580.0,0,Brake Inspection at 130941 km
2706,41,2023-05-01,Oil Change,Preventive,133539,20670.0,0,Oil Change at 133539 km
2707,41,2023-05-06,Alignment,Preventive,134444,5490.0,0,Alignment at 134444 km
2708,41,2023-05-07,Engine Tune-Up,Preventive,134444,45550.0,0,Engine Tune-Up at 134444 km
2709,41,2023-05-11,Battery Replacement,Preventive,135042,52800.0,0,Battery Replacement at 135042 km
2710,41,2023-06-06,Air Filter,Preventive,139848,6730.0,0,Air Filter at 139848 km
2711,41,2023-07-05,Tire Rotation,Preventive,145520,3160.0,0,Tire Rotation at 145520 km
2712,41,2023-07-06,Coolant Flush,Preventive,145520,12200.0,0,Coolant Flush at 145520 km
2713,41,2023-07-13,Oil Change,Preventive,147084,28690.0,0,Oil Change at 147084 km
2714,41,2023-09-12,Tire Rotation,Preventive,159478,3310.0,0,Tire Rotation at 159478 km
2715,41,2023-09-15,Brake Inspection,Preventive,159984,24800.0,0,Brake Inspection at 159984 km
2716,41,2023-09-18,Air Filter,Preventive,160319,3700.0,0,Air Filter at 160319 km
2717,41,2023-10-05,Oil Change,Preventive,163000,13810.0,0,Oil Change at 163000 km
2718,41,2023-10-09,Alignment,Preventive,163204,9670.0,0,Alignment at 163204 km
2719,41,2023-10-21,Transmission Service,Preventive,165340,90550.0,0,Transmission Service at 165340 km
2720,41,2023-12-08,Tire Rotation,Preventive,173633,5990.0,0,Tire Rotation at 173633 km
2721,41,2023-12-20,Engine Tune-Up,Preventive,176096,52000.0,0,Engine Tune-Up at 176096 km
2722,41,2023-12-25,Oil Change,Preventive,176845,21290.0,0,Oil Change at 176845 km
2723,41,2024-01-16,Air Filter,Preventive,180865,8890.0,0,Air Filter at 180865 km
2724,41,2024-02-14,Wiper Replacement,Preventive,185552,4270.0,0,Wiper Replacement at 185552 km
2725,41,2024-02-25,Brake Inspection,Preventive,186948,25020.0,0,Brake Inspection at 186948 km
2726,41,2024-02-27,Tire Rotation,Preventive,187292,4430.0,0,Tire Rotation at 187292 km
2727,41,2024-03-15,Oil Change,Preventive,190503,23250.0,0,Oil Change at 190503 km
2728,41,2024-03-25,Alignment,Preventive,191551,9790.0,0,Alignment at 191551 km
2729,41,2024-05-05,Coolant Flush,Preventive,199762,19120.0,0,Coolant Flush at 199762 km
2730,41,2024-05-12,Tire Rotation,Preventive,201293,4830.0,0,Tire Rotation at 201293 km
2731,41,2024-05-14,Air Filter,Preventive,201293,7890.0,0,Air Filter at 201293 km
2732,41,2024-06-08,Oil Change,Preventive,204043,25890.0,0,Oil Change at 204043 km
2733,41,2024-07-22,Brake Inspection,Preventive,213926,27760.0,0,Brake Inspection at 213926 km
2734,41,2024-08-01,Tire Rotation,Preventive,216072,4760.0,0,Tire Rotation at 216072 km
2735,41,2024-08-07,Engine Tune-Up,Preventive,216582,48100.0,0,Engine Tune-Up at 216582 km
2736,41,2024-08-11,Oil Change,Preventive,217761,32790.0,0,Oil Change at 217761 km
2737,41,2024-08-23,Alignment,Preventive,218998,4430.0,0,Alignment at 218998 km
2738,41,2024-09-08,Air Filter,Preventive,221732,6140.0,0,Air Filter at 221732 km
2739,41,2024-10-22,Tire Rotation,Preventive,230621,5240.0,0,Tire Rotation at 230621 km
2740,41,2024-10-27,Oil Change,Preventive,231571,21900.0,0,Oil Change at 231571 km
2741,41,2024-12-16,Brake Inspection,Preventive,241008,37550.0,0,Brake Inspection at 241008 km
2742,41,2024-12-29,Air Filter,Preventive,243720,8420.0,0,Air Filter at 243720 km
2743,41,2025-01-04,Tire Rotation,Preventive,244390,4730.0,0,Tire Rotation at 244390 km
2744,41,2025-01-11,Oil Change,Preventive,245211,24030.0,0,Oil Change at 245211 km
2745,41,2025-01-19,Alignment,Preventive,246793,8520.0,0,Alignment at 246793 km
2746,41,2025-01-20,Transmission Service,Preventive,246793,97680.0,0,Transmission Service at 246793 km
2747,41,2025-03-03,Coolant Flush,Preventive,254035,18010.0,0,Coolant Flush at 254035 km
2748,41,2025-03-24,Tire Rotation,Preventive,258149,5460.0,0,Tire Rotation at 258149 km
2749,41,2025-03-28,Transmission Failure,Breakdown,258979,93750.0,1,Transmission Failure at 258979 km
2750,41,2025-03-31,Oil Change,Preventive,258979,24140.0,0,Oil Change at 258979 km
2751,41,2025-04-02,Engine Tune-Up,Preventive,258979,62200.0,0,Engine Tune-Up at 258979 km
2752,41,2025-04-18,Wiper Replacement,Preventive,261968,7620.0,0,Wiper Replacement at 261968 km
2753,41,2025-04-30,Air Filter,Preventive,264242,9510.0,0,Air Filter at 264242 km
2754,41,2025-05-22,Brake Inspection,Preventive,268307,31520.0,0,Brake Inspection at 268307 km
2755,41,2025-06-09,Tire Rotation,Preventive,272172,4350.0,0,Tire Rotation at 272172 km
2756,41,2025-06-25,Oil Change,Preventive,275720,27620.0,0,Oil Change at 275720 km
2757,41,2025-06-27,Alignment,Preventive,275899,9140.0,0,Alignment at 275899 km
2758,41,2025-07-12,Battery Replacement,Preventive,278107,57910.0,0,Battery Replacement at 278107 km
2759,41,2025-08-12,Air Filter,Preventive,284456,8360.0,0,Air Filter at 284456 km
2760,41,2025-08-29,Tire Rotation,Preventive,288134,7700.0,0,Tire Rotation at 288134 km
2761,41,2025-09-08,Oil Change,Preventive,289912,20520.0,0,Oil Change at 289912 km
2762,41,2025-10-11,Brake Inspection,Preventive,296236,32540.0,0,Brake Inspection at 296236 km
2763,41,2025-11-03,Engine Tune-Up,Preventive,301229,54750.0,0,Engine Tune-Up at 301229 km
2764,41,2025-11-07,Tire Rotation,Preventive,301598,6140.0,0,Tire Rotation at 301598 km
2765,41,2025-11-20,Oil Change,Preventive,303714,28790.0,0,Oil Change at 303714 km
2766,41,2025-11-24,Alignment,Preventive,304271,11320.0,0,Alignment at 304271 km
2767,41,2025-11-29,Air Filter,Preventive,305792,10200.0,0,Air Filter at 305792 km
2768,41,2025-12-20,Coolant Flush,Preventive,310237,14710.0,0,Coolant Flush at 310237 km
2769,42,2023-01-29,Tire Rotation,Preventive,25004,4170.0,0,Tire Rotation at 25004 km
2770,42,2023-02-01,Oil Change,Preventive,25481,29120.0,0,Oil Change at 25481 km
2771,42,2023-02-10,Air Filter,Preventive,27866,5590.0,0,Air Filter at 27866 km
2772,42,2023-02-19,Brake Inspection,Preventive,29898,34640.0,0,Brake Inspection at 29898 km
2773,42,2023-03-31,Engine Tune-Up,Preventive,36815,40040.0,0,Engine Tune-Up at 36815 km
2774,42,2023-04-11,Tire Rotation,Preventive,39183,6230.0,0,Tire Rotation at 39183 km
2775,42,2023-04-18,Oil Change,Preventive,40755,16870.0,0,Oil Change at 40755 km
2776,42,2023-04-19,Alignment,Preventive,40755,6400.0,0,Alignment at 40755 km
2777,42,2023-05-27,Coolant Flush,Preventive,47717,11240.0,0,Coolant Flush at 47717 km
2778,42,2023-06-11,Air Filter,Preventive,49729,4950.0,0,Air Filter at 49729 km
2779,42,2023-07-13,Oil Change,Preventive,54915,25510.0,0,Oil Change at 54915 km
2780,42,2023-07-14,Tire Rotation,Preventive,54915,4610.0,0,Tire Rotation at 54915 km
2781,42,2023-08-06,Brake Inspection,Preventive,59806,41750.0,0,Brake Inspection at 59806 km
2782,42,2023-08-19,Wiper Replacement,Preventive,62649,6010.0,0,Wiper Replacement at 62649 km
2783,42,2023-09-21,Alignment,Preventive,68997,13820.0,0,Alignment at 68997 km
2784,42,2023-09-22,Transmission Service,Preventive,68997,128090.0,0,Transmission Service at 68997 km
2785,42,2023-09-30,Oil Change,Preventive,70639,16620.0,0,Oil Change at 70639 km
2786,42,2023-10-04,Tire Rotation,Preventive,70898,4060.0,0,Tire Rotation at 70898 km
2787,42,2023-10-08,Air Filter,Preventive,71753,6610.0,0,Air Filter at 71753 km
2788,42,2023-11-15,Engine Tune-Up,Preventive,79174,28110.0,0,Engine Tune-Up at 79174 km
2789,42,2023-12-12,Oil Change,Preventive,85715,19870.0,0,Oil Change at 85715 km
2790,42,2023-12-16,Tire Rotation,Preventive,86478,5940.0,0,Tire Rotation at 86478 km
2791,42,2024-01-03,Brake Inspection,Preventive,89649,25590.0,0,Brake Inspection at 89649 km
2792,42,2024-01-29,Air Filter,Preventive,93417,11450.0,0,Air Filter at 93417 km
2793,42,2024-02-16,Alignment,Preventive,97302,7660.0,0,Alignment at 97302 km
2794,42,2024-03-04,Oil Change,Preventive,100270,25210.0,0,Oil Change at 100270 km
2795,42,2024-03-06,Tire Rotation,Preventive,100667,6610.0,0,Tire Rotation at 100667 km
2796,42,2024-03-29,Coolant Flush,Preventive,104543,12560.0,0,Coolant Flush at 104543 km
2797,42,2024-05-25,Oil Change,Preventive,115160,11760.0,0,Oil Change at 115160 km
2798,42,2024-05-26,Tire Rotation,Preventive,115160,5720.0,0,Tire Rotation at 115160 km
2799,42,2024-05-30,Air Filter,Preventive,116098,7910.0,0,Air Filter at 116098 km
2800,42,2024-06-07,Brake Inspection,Preventive,118627,29190.0,0,Brake Inspection at 118627 km
2801,42,2024-06-22,Engine Tune-Up,Preventive,122081,44210.0,0,Engine Tune-Up at 122081 km
2802,42,2024-07-07,Alignment,Preventive,125523,8750.0,0,Alignment at 125523 km
2803,42,2024-07-27,Oil Change,Preventive,129394,13510.0,0,Oil Change at 129394 km
2804,42,2024-07-28,Tire Rotation,Preventive,129394,6470.0,0,Tire Rotation at 129394 km
2805,42,2024-08-16,Transmission Failure,Breakdown,132367,188510.0,3,Transmission Failure at 132367 km
2806,42,2024-08-22,Overheating,Breakdown,133078,49760.0,5,Overheating at 133078 km
2807,42,2024-09-01,Battery Replacement,Preventive,134448,59510.0,0,Battery Replacement at 134448 km
2808,42,2024-09-15,Air Filter,Preventive,137678,7550.0,0,Air Filter at 137678 km
2809,42,2024-10-11,Oil Change,Preventive,143713,14340.0,0,Oil Change at 143713 km
2810,42,2024-10-12,Tire Rotation,Preventive,143713,3770.0,0,Tire Rotation at 143713 km
2811,42,2024-11-01,Brake Inspection,Preventive,146971,29280.0,0,Brake Inspection at 146971 km
2812,42,2024-11-03,Wiper Replacement,Preventive,147209,5060.0,0,Wiper Replacement at 147209 km
2813,42,2024-12-20,Alignment,Preventive,154154,5560.0,0,Alignment at 154154 km
2814,42,2025-01-13,Oil Change,Preventive,158790,31110.0,0,Oil Change at 158790 km
2815,42,2025-01-25,Tire Rotation,Preventive,161093,5240.0,0,Tire Rotation at 161093 km
2816,42,2025-01-26,Air Filter,Preventive,161093,4010.0,0,Air Filter at 161093 km
2817,42,2025-02-28,Engine Tune-Up,Preventive,166239,63490.0,0,Engine Tune-Up at 166239 km
2818,42,2025-04-07,Oil Change,Preventive,173252,28600.0,0,Oil Change at 173252 km
2819,42,2025-04-20,Tire Rotation,Preventive,175632,6620.0,0,Tire Rotation at 175632 km
2820,42,2025-04-21,Brake Inspection,Preventive,175632,24490.0,0,Brake Inspection at 175632 km
2821,42,2025-05-20,Air Filter,Preventive,182764,5630.0,0,Air Filter at 182764 km
2822,42,2025-05-22,Alignment,Preventive,183251,10930.0,0,Alignment at 183251 km
2823,42,2025-06-15,Oil Change,Preventive,188093,15720.0,0,Oil Change at 188093 km
2824,42,2025-06-20,Tire Rotation,Preventive,189857,8470.0,0,Tire Rotation at 189857 km
2825,42,2025-06-21,Coolant Flush,Preventive,189857,20790.0,0,Coolant Flush at 189857 km
2826,42,2025-08-06,Brake Failure,Breakdown,200365,145710.0,1,Brake Failure at 200365 km
2827,42,2025-08-26,Oil Change,Preventive,202942,22700.0,0,Oil Change at 202942 km
2828,42,2025-08-31,Air Filter,Preventive,203930,8940.0,0,Air Filter at 203930 km
2829,42,2025-09-05,Tire Rotation,Preventive,204362,6110.0,0,Tire Rotation at 204362 km
2830,42,2025-09-25,Brake Failure,Breakdown,207990,83860.0,4,Brake Failure at 207990 km
2831,42,2025-10-05,Engine Tune-Up,Preventive,209257,29360.0,0,Engine Tune-Up at 209257 km
2832,42,2025-10-17,Alignment,Preventive,211756,13650.0,0,Alignment at 211756 km
2833,42,2025-11-11,Transmission Failure,Breakdown,217495,476140.0,3,Transmission Failure at 217495 km
2834,42,2025-11-19,Oil Change,Preventive,218787,17820.0,0,Oil Change at 218787 km
2835,42,2025-11-20,Tire Rotation,Preventive,218787,6380.0,0,Tire Rotation at 218787 km
2836,42,2025-12-25,Air Filter,Preventive,225317,8360.0,0,Air Filter at 225317 km
2837,43,2023-01-31,Engine Failure,Breakdown,104114,411150.0,4,Engine Failure at 104114 km
2838,43,2023-03-30,Oil Change,Preventive,113512,21040.0,0,Oil Change at 113512 km
2839,43,2023-04-02,Tire Rotation,Preventive,114175,5150.0,0,Tire Rotation at 114175 km
2840,43,2023-04-16,Brake Inspection,Preventive,117600,44450.0,0,Brake Inspection at 117600 km
2841,43,2023-04-19,Alignment,Preventive,118201,6820.0,0,Alignment at 118201 km
2842,43,2023-04-27,Air Filter,Preventive,119604,9900.0,0,Air Filter at 119604 km
2843,43,2023-07-10,Oil Change,Preventive,133331,30180.0,0,Oil Change at 133331 km
2844,43,2023-07-15,Tire Rotation,Preventive,134086,5220.0,0,Tire Rotation at 134086 km
2845,43,2023-07-16,Wiper Replacement,Preventive,134086,3990.0,0,Wiper Replacement at 134086 km
2846,43,2023-07-20,Transmission Failure,Breakdown,134967,250000.0,4,Transmission Failure at 134967 km
2847,43,2023-09-22,Air Filter,Preventive,148221,7730.0,0,Air Filter at 148221 km
2848,43,2023-09-27,Overheating,Breakdown,149340,50180.0,2,Overheating at 149340 km
2849,43,2023-10-11,Overheating,Breakdown,151970,139720.0,4,Overheating at 151970 km
2850,43,2023-10-20,Oil Change,Preventive,152233,19470.0,0,Oil Change at 152233 km
2851,43,2023-10-21,Brake Failure,Breakdown,152413,61780.0,3,Brake Failure at 152413 km
2852,43,2023-10-28,Tire Rotation,Preventive,153261,5000.0,0,Tire Rotation at 153261 km
2853,43,2023-11-21,Alignment,Preventive,155836,10970.0,0,Alignment at 155836 km
2854,43,2023-12-27,Engine Tune-Up,Preventive,165727,42280.0,0,Engine Tune-Up at 165727 km
2855,43,2024-01-31,Oil Change,Preventive,172048,41770.0,0,Oil Change at 172048 km
2856,43,2024-02-01,Tire Rotation,Preventive,172048,5280.0,0,Tire Rotation at 172048 km
2857,43,2024-02-29,Air Filter,Preventive,176822,6420.0,0,Air Filter at 176822 km
2858,43,2024-05-16,Brake Inspection,Preventive,190498,41090.0,0,Brake Inspection at 190498 km
2859,43,2024-05-20,Oil Change,Preventive,190837,29820.0,0,Oil Change at 190837 km
2860,43,2024-05-21,Tire Rotation,Preventive,190837,3900.0,0,Tire Rotation at 190837 km
2861,43,2024-06-19,Alignment,Preventive,195652,9230.0,0,Alignment at 195652 km
2862,43,2024-07-26,Air Filter,Preventive,205034,8380.0,0,Air Filter at 205034 km
2863,43,2024-08-15,Transmission Failure,Breakdown,208898,385010.0,4,Transmission Failure at 208898 km
2864,43,2024-08-24,Oil Change,Preventive,209803,23620.0,0,Oil Change at 209803 km
2865,43,2024-08-26,Tire Rotation,Preventive,209803,5690.0,0,Tire Rotation at 209803 km
2866,43,2024-10-22,Transmission Failure,Breakdown,220438,548560.0,4,Transmission Failure at 220438 km
2867,43,2024-10-27,Battery Replacement,Preventive,220438,103570.0,0,Battery Replacement at 220438 km
2868,43,2024-10-30,Overheating,Breakdown,221084,33910.0,5,Overheating at 221084 km
2869,43,2024-11-11,Engine Tune-Up,Preventive,222500,47060.0,0,Engine Tune-Up at 222500 km
2870,43,2024-12-15,Oil Change,Preventive,228746,39690.0,0,Oil Change at 228746 km
2871,43,2024-12-19,Tire Rotation,Preventive,229534,3260.0,0,Tire Rotation at 229534 km
2872,43,2024-12-26,Brake Inspection,Preventive,231242,33670.0,0,Brake Inspection at 231242 km
2873,43,2024-12-29,Wiper Replacement,Preventive,231902,6190.0,0,Wiper Replacement at 231902 km
2874,43,2025-01-05,Air Filter,Preventive,233382,6910.0,0,Air Filter at 233382 km
2875,43,2025-01-06,Alignment,Preventive,233382,10080.0,0,Alignment at 233382 km
2876,43,2025-03-21,Oil Change,Preventive,247881,24900.0,0,Oil Change at 247881 km
2877,43,2025-03-26,Tire Rotation,Preventive,248521,7150.0,0,Tire Rotation at 248521 km
2878,43,2025-05-22,Brake Failure,Breakdown,259476,94110.0,4,Brake Failure at 259476 km
2879,43,2025-06-09,Air Filter,Preventive,261895,6200.0,0,Air Filter at 261895 km
2880,43,2025-07-09,Oil Change,Preventive,267497,25020.0,0,Oil Change at 267497 km
2881,43,2025-07-12,Tire Rotation,Preventive,267610,5360.0,0,Tire Rotation at 267610 km
2882,43,2025-08-01,Alignment,Preventive,271092,9870.0,0,Alignment at 271092 km
2883,43,2025-09-15,Engine Tune-Up,Preventive,279373,42430.0,0,Engine Tune-Up at 279373 km
2884,43,2025-10-04,Lubrication Failure,Breakdown,283245,135240.0,1,Lubrication Failure at 283245 km
2885,43,2025-10-16,Overheating,Breakdown,285880,99320.0,5,Overheating at 285880 km
2886,43,2025-10-25,Tire Rotation,Preventive,287169,6760.0,0,Tire Rotation at 287169 km
2887,43,2025-11-19,Air Filter,Preventive,291821,7540.0,0,Air Filter at 291821 km
2888,43,2025-12-22,Brake Inspection,Preventive,297538,38840.0,0,Brake Inspection at 297538 km
2889,43,2025-12-31,Engine Failure,Breakdown,299874,302060.0,2,Engine Failure at 299874 km
2890,44,2023-02-12,Oil Change,Preventive,42044,19420.0,0,Oil Change at 42044 km
2891,44,2023-03-02,Brake Inspection,Preventive,45652,29950.0,0,Brake Inspection at 45652 km
2892,44,2023-03-22,Tire Rotation,Preventive,49087,5340.0,0,Tire Rotation at 49087 km
2893,44,2023-04-21,Air Filter,Preventive,56218,6680.0,0,Air Filter at 56218 km
2894,44,2023-04-27,Oil Change,Preventive,57365,14170.0,0,Oil Change at 57365 km
2895,44,2023-05-23,Alignment,Preventive,62683,5530.0,0,Alignment at 62683 km
2896,44,2023-05-26,Engine Tune-Up,Preventive,63460,44580.0,0,Engine Tune-Up at 63460 km
2897,44,2023-05-31,Tire Rotation,Preventive,64812,2510.0,0,Tire Rotation at 64812 km
2898,44,2023-06-24,Wiper Replacement,Preventive,69692,4080.0,0,Wiper Replacement at 69692 km
2899,44,2023-07-07,Oil Change,Preventive,72583,35090.0,0,Oil Change at 72583 km
2900,44,2023-08-01,Brake Inspection,Preventive,76012,32490.0,0,Brake Inspection at 76012 km
2901,44,2023-08-16,Tire Rotation,Preventive,79990,4640.0,0,Tire Rotation at 79990 km
2902,44,2023-08-19,Air Filter,Preventive,80502,6100.0,0,Air Filter at 80502 km
2903,44,2023-10-02,Oil Change,Preventive,88159,15930.0,0,Oil Change at 88159 km
2904,44,2023-10-04,Overheating,Breakdown,88407,61450.0,1,Overheating at 88407 km
2905,44,2023-10-25,Alignment,Preventive,92948,11720.0,0,Alignment at 92948 km
2906,44,2023-11-02,Tire Rotation,Preventive,95258,3820.0,0,Tire Rotation at 95258 km
2907,44,2023-11-03,Battery Replacement,Preventive,95258,61410.0,0,Battery Replacement at 95258 km
2908,44,2023-11-12,Transmission Service,Preventive,96723,74000.0,0,Transmission Service at 96723 km
2909,44,2023-12-28,Oil Change,Preventive,104406,20900.0,0,Oil Change at 104406 km
2910,44,2023-12-29,Air Filter,Preventive,104406,5170.0,0,Air Filter at 104406 km
2911,44,2024-01-12,Brake Inspection,Preventive,106326,20520.0,0,Brake Inspection at 106326 km
2912,44,2024-01-23,Engine Tune-Up,Preventive,108670,34940.0,0,Engine Tune-Up at 108670 km
2913,44,2024-02-03,Tire Rotation,Preventive,110073,6060.0,0,Tire Rotation at 110073 km
2914,44,2024-03-20,Oil Change,Preventive,119243,30980.0,0,Oil Change at 119243 km
2915,44,2024-04-09,Alignment,Preventive,123419,13180.0,0,Alignment at 123419 km
2916,44,2024-04-21,Tire Rotation,Preventive,125326,4530.0,0,Tire Rotation at 125326 km
2917,44,2024-04-30,Air Filter,Preventive,127009,7250.0,0,Air Filter at 127009 km
2918,44,2024-06-07,Oil Change,Preventive,134623,20370.0,0,Oil Change at 134623 km
2919,44,2024-06-15,Brake Inspection,Preventive,135947,28030.0,0,Brake Inspection at 135947 km
2920,44,2024-07-16,Tire Rotation,Preventive,140116,3590.0,0,Tire Rotation at 140116 km
2921,44,2024-08-29,Coolant Flush,Preventive,148135,18390.0,0,Coolant Flush at 148135 km
2922,44,2024-09-06,Air Filter,Preventive,149378,7960.0,0,Air Filter at 149378 km
2923,44,2024-09-08,Oil Change,Preventive,149801,20750.0,0,Oil Change at 149801 km
2924,44,2024-09-21,Alignment,Preventive,153210,9610.0,0,Alignment at 153210 km
2925,44,2024-10-02,Tire Rotation,Preventive,155227,6830.0,0,Tire Rotation at 155227 km
2926,44,2024-10-03,Engine Tune-Up,Preventive,155227,37930.0,0,Engine Tune-Up at 155227 km
2927,44,2024-10-06,Wiper Replacement,Preventive,155443,7130.0,0,Wiper Replacement at 155443 km
2928,44,2024-11-27,Oil Change,Preventive,164893,20190.0,0,Oil Change at 164893 km
2929,44,2024-12-03,Brake Inspection,Preventive,165824,35680.0,0,Brake Inspection at 165824 km
2930,44,2024-12-19,Overheating,Breakdown,169991,61940.0,2,Overheating at 169991 km
2931,44,2024-12-27,Tire Rotation,Preventive,170783,6330.0,0,Tire Rotation at 170783 km
2932,44,2025-01-06,Air Filter,Preventive,172418,7710.0,0,Air Filter at 172418 km
2933,44,2025-02-22,Transmission Failure,Breakdown,182023,390540.0,1,Transmission Failure at 182023 km
2934,44,2025-02-27,Oil Change,Preventive,183268,31290.0,0,Oil Change at 183268 km
2935,44,2025-03-03,Alignment,Preventive,183484,8670.0,0,Alignment at 183484 km
2936,44,2025-03-19,Tire Rotation,Preventive,185951,6260.0,0,Tire Rotation at 185951 km
2937,44,2025-05-07,Air Filter,Preventive,194625,8390.0,0,Air Filter at 194625 km
2938,44,2025-05-16,Brake Inspection,Preventive,195484,28870.0,0,Brake Inspection at 195484 km
2939,44,2025-06-05,Oil Change,Preventive,198623,30660.0,0,Oil Change at 198623 km
2940,44,2025-06-13,Engine Tune-Up,Preventive,199822,50100.0,0,Engine Tune-Up at 199822 km
2941,44,2025-06-27,Tire Rotation,Preventive,202359,5050.0,0,Tire Rotation at 202359 km
2942,44,2025-08-14,Alignment,Preventive,213172,10120.0,0,Alignment at 213172 km
2943,44,2025-08-20,Oil Change,Preventive,213691,18520.0,0,Oil Change at 213691 km
2944,44,2025-09-14,Tire Rotation,Preventive,217190,7330.0,0,Tire Rotation at 217190 km
2945,44,2025-09-19,Air Filter,Preventive,217730,10780.0,0,Air Filter at 217730 km
2946,44,2025-10-31,Brake Inspection,Preventive,225450,37560.0,0,Brake Inspection at 225450 km
2947,44,2025-11-17,Oil Change,Preventive,229146,30650.0,0,Oil Change at 229146 km
2948,44,2025-11-18,Coolant Flush,Preventive,229146,15070.0,0,Coolant Flush at 229146 km
2949,44,2025-12-05,Tire Rotation,Preventive,232268,6990.0,0,Tire Rotation at 232268 km
2950,45,2023-03-19,Oil Change,Preventive,50189,16880.0,0,Oil Change at 50189 km
2951,45,2023-03-20,Tire Rotation,Preventive,50189,2540.0,0,Tire Rotation at 50189 km
2952,45,2023-03-21,Air Filter,Preventive,50189,2880.0,0,Air Filter at 50189 km
2953,45,2023-04-17,Brake Inspection,Preventive,53249,12200.0,0,Brake Inspection at 53249 km
2954,45,2023-05-29,Transmission Failure,Breakdown,59463,145380.0,3,Transmission Failure at 59463 km
2955,45,2023-06-25,Alignment,Preventive,64517,4100.0,0,Alignment at 64517 km
2956,45,2023-06-29,Lubrication Failure,Breakdown,65811,118340.0,6,Lubrication Failure at 65811 km
2957,45,2023-07-14,Tire Rotation,Preventive,67118,3000.0,0,Tire Rotation at 67118 km
2958,45,2023-08-25,Air Filter,Preventive,75604,4630.0,0,Air Filter at 75604 km
2959,45,2023-08-26,Engine Tune-Up,Preventive,75604,36120.0,0,Engine Tune-Up at 75604 km
2960,45,2023-09-23,Overheating,Breakdown,81500,24940.0,3,Overheating at 81500 km
2961,45,2023-10-06,Oil Change,Preventive,82701,17250.0,0,Oil Change at 82701 km
2962,45,2023-10-25,Tire Rotation,Preventive,86285,2710.0,0,Tire Rotation at 86285 km
2963,45,2023-10-29,Brake Inspection,Preventive,86802,29220.0,0,Brake Inspection at 86802 km
2964,45,2023-11-22,Overheating,Breakdown,91698,56840.0,9,Overheating at 91698 km
2965,45,2023-12-26,Overheating,Breakdown,96891,26260.0,1,Overheating at 96891 km
2966,45,2024-01-03,Alignment,Preventive,98172,6460.0,0,Alignment at 98172 km
2967,45,2024-01-18,Oil Change,Preventive,100619,10870.0,0,Oil Change at 100619 km
2968,45,2024-01-24,Air Filter,Preventive,101646,3330.0,0,Air Filter at 101646 km
2969,45,2024-02-02,Tire Rotation,Preventive,103772,3760.0,0,Tire Rotation at 103772 km
2970,45,2024-02-10,Wiper Replacement,Preventive,104826,5460.0,0,Wiper Replacement at 104826 km
2971,45,2024-02-17,Battery Replacement,Preventive,106322,56270.0,0,Battery Replacement at 106322 km
2972,45,2024-04-19,Oil Change,Preventive,117381,22630.0,0,Oil Change at 117381 km
2973,45,2024-05-07,Tire Rotation,Preventive,120638,3750.0,0,Tire Rotation at 120638 km
2974,45,2024-05-08,Brake Inspection,Preventive,120638,21800.0,0,Brake Inspection at 120638 km
2975,45,2024-06-04,Engine Tune-Up,Preventive,126200,18790.0,0,Engine Tune-Up at 126200 km
2976,45,2024-06-07,Air Filter,Preventive,126844,6470.0,0,Air Filter at 126844 km
2977,45,2024-07-06,Alignment,Preventive,132274,7090.0,0,Alignment at 132274 km
2978,45,2024-07-08,Transmission Failure,Breakdown,132471,164010.0,4,Transmission Failure at 132471 km
2979,45,2024-07-21,Oil Change,Preventive,134592,17360.0,0,Oil Change at 134592 km
2980,45,2024-08-01,Tire Rotation,Preventive,137565,3150.0,0,Tire Rotation at 137565 km
2981,45,2024-10-10,Brake Failure,Breakdown,148830,51380.0,2,Brake Failure at 148830 km
2982,45,2024-10-26,Oil Change,Preventive,152968,11910.0,0,Oil Change at 152968 km
2983,45,2024-10-30,Air Filter,Preventive,153569,3980.0,0,Air Filter at 153569 km
2984,45,2024-11-05,Tire Rotation,Preventive,154941,5480.0,0,Tire Rotation at 154941 km
2985,45,2024-12-23,Coolant Flush,Preventive,164050,9030.0,0,Coolant Flush at 164050 km
2986,45,2025-01-06,Alignment,Preventive,166722,6480.0,0,Alignment at 166722 km
2987,45,2025-01-22,Oil Change,Preventive,169810,19420.0,0,Oil Change at 169810 km
2988,45,2025-02-07,Tire Rotation,Preventive,172364,3150.0,0,Tire Rotation at 172364 km
2989,45,2025-03-09,Engine Tune-Up,Preventive,177092,27200.0,0,Engine Tune-Up at 177092 km
2990,45,2025-03-28,Air Filter,Preventive,179142,5440.0,0,Air Filter at 179142 km
2991,45,2025-04-19,Brake Failure,Breakdown,182490,86160.0,4,Brake Failure at 182490 km
2992,45,2025-05-18,Oil Change,Preventive,187758,25410.0,0,Oil Change at 187758 km
2993,45,2025-06-10,Tire Rotation,Preventive,191341,4520.0,0,Tire Rotation at 191341 km
2994,45,2025-06-12,Wiper Replacement,Preventive,191758,4200.0,0,Wiper Replacement at 191758 km
2995,45,2025-07-29,Alignment,Preventive,200653,7710.0,0,Alignment at 200653 km
2996,45,2025-08-23,Oil Change,Preventive,204552,17740.0,0,Oil Change at 204552 km
2997,45,2025-08-28,Air Filter,Preventive,204962,5060.0,0,Air Filter at 204962 km
2998,45,2025-09-11,Lubrication Failure,Breakdown,207802,80430.0,7,Lubrication Failure at 207802 km
2999,45,2025-09-24,Tire Rotation,Preventive,208767,3270.0,0,Tire Rotation at 208767 km
3000,45,2025-10-23,Overheating,Breakdown,215140,87130.0,2,Overheating at 215140 km
3001,45,2025-11-04,Brake Inspection,Preventive,216980,10160.0,0,Brake Inspection at 216980 km
3002,45,2025-11-21,Engine Failure,Breakdown,221305,155290.0,3,Engine Failure at 221305 km
3003,45,2025-12-22,Oil Change,Preventive,226066,18700.0,0,Oil Change at 226066 km
3004,45,2025-12-23,Tire Rotation,Preventive,226066,5770.0,0,Tire Rotation at 226066 km
3005,46,2023-03-04,Oil Change,Preventive,77050,10210.0,0,Oil Change at 77050 km
3006,46,2023-03-20,Air Filter,Preventive,81330,5800.0,0,Air Filter at 81330 km
3007,46,2023-03-27,Tire Rotation,Preventive,82580,2800.0,0,Tire Rotation at 82580 km
3008,46,2023-04-12,Brake Inspection,Preventive,85008,13570.0,0,Brake Inspection at 85008 km
3009,46,2023-06-19,Oil Change,Preventive,96469,10520.0,0,Oil Change at 96469 km
3010,46,2023-07-04,Alignment,Preventive,99574,5450.0,0,Alignment at 99574 km
3011,46,2023-07-09,Tire Rotation,Preventive,100562,4000.0,0,Tire Rotation at 100562 km
3012,46,2023-08-04,Transmission Failure,Breakdown,105672,122540.0,1,Transmission Failure at 105672 km
3013,46,2023-08-31,Air Filter,Preventive,110895,4210.0,0,Air Filter at 110895 km
3014,46,2023-09-06,Lubrication Failure,Breakdown,111746,230080.0,7,Lubrication Failure at 111746 km
3015,46,2023-09-14,Transmission Failure,Breakdown,112007,138160.0,2,Transmission Failure at 112007 km
3016,46,2023-09-17,Coolant Flush,Preventive,112007,8450.0,0,Coolant Flush at 112007 km
3017,46,2023-09-25,Overheating,Breakdown,113349,89760.0,4,Overheating at 113349 km
3018,46,2023-10-18,Engine Tune-Up,Preventive,117362,21650.0,0,Engine Tune-Up at 117362 km
3019,46,2023-10-26,Tire Rotation,Preventive,118835,3900.0,0,Tire Rotation at 118835 km
3020,46,2023-11-05,Brake Inspection,Preventive,120910,19230.0,0,Brake Inspection at 120910 km
3021,46,2023-12-15,Oil Change,Preventive,129466,26140.0,0,Oil Change at 129466 km
3022,46,2024-01-17,Alignment,Preventive,135914,4160.0,0,Alignment at 135914 km
3023,46,2024-01-23,Tire Rotation,Preventive,136842,3320.0,0,Tire Rotation at 136842 km
3024,46,2024-02-01,Air Filter,Preventive,138205,4930.0,0,Air Filter at 138205 km
3025,46,2024-03-13,Oil Change,Preventive,147294,15390.0,0,Oil Change at 147294 km
3026,46,2024-03-27,Wiper Replacement,Preventive,149774,3540.0,0,Wiper Replacement at 149774 km
3027,46,2024-04-26,Tire Rotation,Preventive,156096,2510.0,0,Tire Rotation at 156096 km
3028,46,2024-05-03,Transmission Failure,Breakdown,158026,106900.0,5,Transmission Failure at 158026 km
3029,46,2024-05-19,Brake Inspection,Preventive,159491,12570.0,0,Brake Inspection at 159491 km
3030,46,2024-06-25,Oil Change,Preventive,166002,16350.0,0,Oil Change at 166002 km
3031,46,2024-06-27,Air Filter,Preventive,166002,8390.0,0,Air Filter at 166002 km
3032,46,2024-07-29,Engine Tune-Up,Preventive,170649,35890.0,0,Engine Tune-Up at 170649 km
3033,46,2024-08-02,Alignment,Preventive,171228,5420.0,0,Alignment at 171228 km
3034,46,2024-08-20,Tire Rotation,Preventive,174780,3570.0,0,Tire Rotation at 174780 km
3035,46,2024-10-02,Oil Change,Preventive,184211,13920.0,0,Oil Change at 184211 km
3036,46,2024-10-03,Engine Failure,Breakdown,184696,90690.0,5,Engine Failure at 184696 km
3037,46,2024-10-10,Coolant Flush,Preventive,184966,9590.0,0,Coolant Flush at 184966 km
3038,46,2024-10-12,Battery Replacement,Preventive,184966,41640.0,0,Battery Replacement at 184966 km
3039,46,2024-11-09,Brake Failure,Breakdown,190260,55710.0,1,Brake Failure at 190260 km
3040,46,2024-12-03,Tire Rotation,Preventive,193728,5190.0,0,Tire Rotation at 193728 km
3041,46,2024-12-07,Air Filter,Preventive,194173,4050.0,0,Air Filter at 194173 km
3042,46,2025-02-04,Oil Change,Preventive,203157,12630.0,0,Oil Change at 203157 km
3043,46,2025-02-27,Alignment,Preventive,207477,4690.0,0,Alignment at 207477 km
3044,46,2025-03-23,Tire Rotation,Preventive,211970,3670.0,0,Tire Rotation at 211970 km
3045,46,2025-04-14,Transmission Failure,Breakdown,216134,203860.0,10,Transmission Failure at 216134 km
3046,46,2025-05-10,Lubrication Failure,Breakdown,220256,196080.0,2,Lubrication Failure at 220256 km
3047,46,2025-05-17,Air Filter,Preventive,221333,3300.0,0,Air Filter at 221333 km
3048,46,2025-06-09,Engine Failure,Breakdown,225675,166640.0,12,Engine Failure at 225675 km
3049,46,2025-06-30,Brake Inspection,Preventive,227305,17860.0,0,Brake Inspection at 227305 km
3050,46,2025-07-13,Tire Rotation,Preventive,229904,3780.0,0,Tire Rotation at 229904 km
3051,46,2025-07-29,Lubrication Failure,Breakdown,233245,79150.0,3,Lubrication Failure at 233245 km
3052,46,2025-08-07,Engine Failure,Breakdown,234637,314940.0,5,Engine Failure at 234637 km
3053,46,2025-08-14,Wiper Replacement,Preventive,234958,3270.0,0,Wiper Replacement at 234958 km
3054,46,2025-09-23,Alignment,Preventive,242917,7200.0,0,Alignment at 242917 km
3055,46,2025-10-17,Tire Rotation,Preventive,247706,4620.0,0,Tire Rotation at 247706 km
3056,46,2025-10-23,Air Filter,Preventive,248550,7020.0,0,Air Filter at 248550 km
3057,46,2025-10-24,Transmission Failure,Breakdown,248833,258160.0,1,Transmission Failure at 248833 km
3058,46,2025-11-03,Oil Change,Preventive,251220,23400.0,0,Oil Change at 251220 km
3059,46,2025-11-22,Overheating,Breakdown,257421,182720.0,4,Overheating at 257421 km
3060,47,2023-01-17,Brake Failure,Breakdown,53676,152480.0,2,Brake Failure at 53676 km
3061,47,2023-02-27,Oil Change,Preventive,61219,14230.0,0,Oil Change at 61219 km
3062,47,2023-03-16,Overheating,Breakdown,65735,55880.0,7,Overheating at 65735 km
3063,47,2023-03-24,Tire Rotation,Preventive,65735,2530.0,0,Tire Rotation at 65735 km
3064,47,2023-04-05,Air Filter,Preventive,68204,4570.0,0,Air Filter at 68204 km
3065,47,2023-04-09,Alignment,Preventive,69243,4660.0,0,Alignment at 69243 km
3066,47,2023-04-11,Engine Tune-Up,Preventive,69439,26950.0,0,Engine Tune-Up at 69439 km
3067,47,2023-05-18,Oil Change,Preventive,76175,13140.0,0,Oil Change at 76175 km
3068,47,2023-06-07,Tire Rotation,Preventive,80835,6420.0,0,Tire Rotation at 80835 km
3069,47,2023-06-21,Brake Inspection,Preventive,83314,10650.0,0,Brake Inspection at 83314 km
3070,47,2023-06-23,Transmission Service,Preventive,83598,58980.0,0,Transmission Service at 83598 km
3071,47,2023-08-07,Oil Change,Preventive,91668,15090.0,0,Oil Change at 91668 km
3072,47,2023-08-12,Air Filter,Preventive,92799,5330.0,0,Air Filter at 92799 km
3073,47,2023-08-28,Tire Rotation,Preventive,96310,2880.0,0,Tire Rotation at 96310 km
3074,47,2023-09-07,Wiper Replacement,Preventive,98355,3470.0,0,Wiper Replacement at 98355 km
3075,47,2023-09-15,Alignment,Preventive,99227,3430.0,0,Alignment at 99227 km
3076,47,2023-10-23,Oil Change,Preventive,107238,8460.0,0,Oil Change at 107238 km
3077,47,2023-11-13,Engine Failure,Breakdown,111286,163740.0,3,Engine Failure at 111286 km
3078,47,2023-11-20,Tire Rotation,Preventive,112101,4020.0,0,Tire Rotation at 112101 km
3079,47,2023-11-25,Brake Inspection,Preventive,112831,12700.0,0,Brake Inspection at 112831 km
3080,47,2023-12-10,Air Filter,Preventive,115304,5880.0,0,Air Filter at 115304 km
3081,47,2024-01-17,Oil Change,Preventive,123439,21550.0,0,Oil Change at 123439 km
3082,47,2024-01-31,Coolant Flush,Preventive,126519,8810.0,0,Coolant Flush at 126519 km
3083,47,2024-02-10,Tire Rotation,Preventive,127445,2570.0,0,Tire Rotation at 127445 km
3084,47,2024-02-17,Alignment,Preventive,128697,6230.0,0,Alignment at 128697 km
3085,47,2024-04-14,Air Filter,Preventive,137722,8120.0,0,Air Filter at 137722 km
3086,47,2024-04-28,Oil Change,Preventive,140562,13340.0,0,Oil Change at 140562 km
3087,47,2024-04-30,Battery Replacement,Preventive,141132,42690.0,0,Battery Replacement at 141132 km
3088,47,2024-05-01,Brake Failure,Breakdown,141401,121040.0,6,Brake Failure at 141401 km
3089,47,2024-05-15,Tire Rotation,Preventive,142696,2480.0,0,Tire Rotation at 142696 km
3090,47,2024-07-11,Oil Change,Preventive,155333,15280.0,0,Oil Change at 155333 km
3091,47,2024-07-15,Engine Tune-Up,Preventive,155726,39950.0,0,Engine Tune-Up at 155726 km
3092,47,2024-07-24,Tire Rotation,Preventive,157558,3430.0,0,Tire Rotation at 157558 km
3093,47,2024-07-29,Alignment,Preventive,158215,6130.0,0,Alignment at 158215 km
3094,47,2024-08-15,Air Filter,Preventive,161576,6410.0,0,Air Filter at 161576 km
3095,47,2024-10-01,Oil Change,Preventive,170500,15770.0,0,Oil Change at 170500 km
3096,47,2024-10-06,Brake Inspection,Preventive,171510,25020.0,0,Brake Inspection at 171510 km
3097,47,2024-10-16,Tire Rotation,Preventive,173815,3880.0,0,Tire Rotation at 173815 km
3098,47,2024-10-17,Transmission Service,Preventive,173815,70670.0,0,Transmission Service at 173815 km
3099,47,2024-12-08,Air Filter,Preventive,184636,4120.0,0,Air Filter at 184636 km
3100,47,2024-12-13,Oil Change,Preventive,185975,12390.0,0,Oil Change at 185975 km
3101,47,2024-12-21,Alignment,Preventive,187818,8800.0,0,Alignment at 187818 km
3102,47,2024-12-26,Tire Rotation,Preventive,188923,2840.0,0,Tire Rotation at 188923 km
3103,47,2025-01-06,Coolant Flush,Preventive,191736,14050.0,0,Coolant Flush at 191736 km
3104,47,2025-01-08,Wiper Replacement,Preventive,191994,3710.0,0,Wiper Replacement at 191994 km
3105,47,2025-02-15,Engine Tune-Up,Preventive,200231,42620.0,0,Engine Tune-Up at 200231 km
3106,47,2025-02-18,Oil Change,Preventive,200771,27590.0,0,Oil Change at 200771 km
3107,47,2025-03-03,Brake Inspection,Preventive,202303,21930.0,0,Brake Inspection at 202303 km
3108,47,2025-03-14,Tire Rotation,Preventive,203863,2990.0,0,Tire Rotation at 203863 km
3109,47,2025-04-04,Air Filter,Preventive,207356,5420.0,0,Air Filter at 207356 km
3110,47,2025-05-22,Oil Change,Preventive,215512,16490.0,0,Oil Change at 215512 km
3111,47,2025-06-05,Alignment,Preventive,218069,5860.0,0,Alignment at 218069 km
3112,47,2025-06-15,Tire Rotation,Preventive,220111,4930.0,0,Tire Rotation at 220111 km
3113,47,2025-07-25,Overheating,Breakdown,229199,98960.0,4,Overheating at 229199 km
3114,47,2025-08-05,Oil Change,Preventive,230558,19300.0,0,Oil Change at 230558 km
3115,47,2025-08-07,Air Filter,Preventive,230637,7140.0,0,Air Filter at 230637 km
3116,47,2025-08-20,Brake Inspection,Preventive,232980,18790.0,0,Brake Inspection at 232980 km
3117,47,2025-08-30,Tire Rotation,Preventive,234871,4070.0,0,Tire Rotation at 234871 km
3118,47,2025-10-11,Lubrication Failure,Breakdown,244055,122050.0,5,Lubrication Failure at 244055 km
3119,47,2025-10-23,Engine Tune-Up,Preventive,244487,25500.0,0,Engine Tune-Up at 244487 km
3120,47,2025-11-17,Alignment,Preventive,248128,6100.0,0,Alignment at 248128 km
3121,47,2025-11-22,Engine Failure,Breakdown,249222,248410.0,3,Engine Failure at 249222 km
3122,47,2025-11-28,Tire Rotation,Preventive,249603,6410.0,0,Tire Rotation at 249603 km
3123,47,2025-12-18,Air Filter,Preventive,253260,7880.0,0,Air Filter at 253260 km
3124,47,2025-12-30,Brake Failure,Breakdown,255863,45670.0,1,Brake Failure at 255863 km
3125,48,2023-01-28,Tire Rotation,Preventive,62781,4840.0,0,Tire Rotation at 62781 km
3126,48,2023-02-06,Brake Inspection,Preventive,64984,16180.0,0,Brake Inspection at 64984 km
3127,48,2023-02-18,Lubrication Failure,Breakdown,68021,70770.0,1,Lubrication Failure at 68021 km
3128,48,2023-02-21,Air Filter,Preventive,68021,4190.0,0,Air Filter at 68021 km
3129,48,2023-03-09,Alignment,Preventive,71536,7060.0,0,Alignment at 71536 km
3130,48,2023-04-11,Tire Rotation,Preventive,77435,5200.0,0,Tire Rotation at 77435 km
3131,48,2023-05-13,Oil Change,Preventive,82173,21150.0,0,Oil Change at 82173 km
3132,48,2023-06-08,Battery Replacement,Preventive,86789,72390.0,0,Battery Replacement at 86789 km
3133,48,2023-06-14,Engine Tune-Up,Preventive,87361,27770.0,0,Engine Tune-Up at 87361 km
3134,48,2023-06-23,Air Filter,Preventive,88611,5830.0,0,Air Filter at 88611 km
3135,48,2023-06-26,Coolant Flush,Preventive,89094,7210.0,0,Coolant Flush at 89094 km
3136,48,2023-07-08,Tire Rotation,Preventive,90902,2620.0,0,Tire Rotation at 90902 km
3137,48,2023-07-21,Brake Inspection,Preventive,92580,19310.0,0,Brake Inspection at 92580 km
3138,48,2023-08-14,Oil Change,Preventive,96264,10990.0,0,Oil Change at 96264 km
3139,48,2023-08-24,Alignment,Preventive,98737,3710.0,0,Alignment at 98737 km
3140,48,2023-09-21,Tire Rotation,Preventive,104729,4400.0,0,Tire Rotation at 104729 km
3141,48,2023-10-10,Air Filter,Preventive,109101,5340.0,0,Air Filter at 109101 km
3142,48,2023-10-24,Oil Change,Preventive,111812,10880.0,0,Oil Change at 111812 km
3143,48,2023-11-09,Transmission Service,Preventive,114374,38550.0,0,Transmission Service at 114374 km
3144,48,2023-11-26,Tire Rotation,Preventive,118218,2580.0,0,Tire Rotation at 118218 km
3145,48,2023-12-01,Brake Inspection,Preventive,119702,21910.0,0,Brake Inspection at 119702 km
3146,48,2024-01-01,Wiper Replacement,Preventive,124558,2470.0,0,Wiper Replacement at 124558 km
3147,48,2024-01-06,Oil Change,Preventive,125490,9680.0,0,Oil Change at 125490 km
3148,48,2024-01-24,Transmission Failure,Breakdown,129297,73970.0,5,Transmission Failure at 129297 km
3149,48,2024-02-04,Air Filter,Preventive,130901,4830.0,0,Air Filter at 130901 km
3150,48,2024-02-05,Engine Failure,Breakdown,131281,174070.0,3,Engine Failure at 131281 km
3151,48,2024-02-14,Tire Rotation,Preventive,132644,2840.0,0,Tire Rotation at 132644 km
3152,48,2024-02-15,Alignment,Preventive,132644,7340.0,0,Alignment at 132644 km
3153,48,2024-03-19,Oil Change,Preventive,139895,12230.0,0,Oil Change at 139895 km
3154,48,2024-04-15,Coolant Flush,Preventive,145183,13130.0,0,Coolant Flush at 145183 km
3155,48,2024-04-26,Tire Rotation,Preventive,146893,3770.0,0,Tire Rotation at 146893 km
3156,48,2024-04-27,Brake Inspection,Preventive,146893,24290.0,0,Brake Inspection at 146893 km
3157,48,2024-05-10,Transmission Failure,Breakdown,148721,351810.0,5,Transmission Failure at 148721 km
3158,48,2024-05-28,Air Filter,Preventive,151340,4610.0,0,Air Filter at 151340 km
3159,48,2024-06-12,Oil Change,Preventive,154774,14730.0,0,Oil Change at 154774 km
3160,48,2024-07-03,Alignment,Preventive,159827,4790.0,0,Alignment at 159827 km
3161,48,2024-07-11,Tire Rotation,Preventive,161502,2300.0,0,Tire Rotation at 161502 km
3162,48,2024-08-23,Oil Change,Preventive,168220,13400.0,0,Oil Change at 168220 km
3163,48,2024-09-16,Air Filter,Preventive,172093,3010.0,0,Air Filter at 172093 km
3164,48,2024-09-27,Brake Inspection,Preventive,174120,20910.0,0,Brake Inspection at 174120 km
3165,48,2024-10-02,Engine Tune-Up,Preventive,174765,16810.0,0,Engine Tune-Up at 174765 km
3166,48,2024-10-07,Tire Rotation,Preventive,175421,3150.0,0,Tire Rotation at 175421 km
3167,48,2024-11-07,Oil Change,Preventive,182238,16910.0,0,Oil Change at 182238 km
3168,48,2024-12-17,Alignment,Preventive,188307,5080.0,0,Alignment at 188307 km
3169,48,2024-12-22,Tire Rotation,Preventive,189142,3540.0,0,Tire Rotation at 189142 km
3170,48,2025-01-18,Air Filter,Preventive,194371,4910.0,0,Air Filter at 194371 km
3171,48,2025-02-05,Oil Change,Preventive,198338,19730.0,0,Oil Change at 198338 km
3172,48,2025-02-18,Brake Inspection,Preventive,201094,22580.0,0,Brake Inspection at 201094 km
3173,48,2025-02-19,Coolant Flush,Preventive,201094,12840.0,0,Coolant Flush at 201094 km
3174,48,2025-03-04,Tire Rotation,Preventive,202630,3350.0,0,Tire Rotation at 202630 km
3175,48,2025-03-05,Wiper Replacement,Preventive,202630,4860.0,0,Wiper Replacement at 202630 km
3176,48,2025-04-11,Overheating,Breakdown,210991,48940.0,6,Overheating at 210991 km
3177,48,2025-04-24,Oil Change,Preventive,211845,14390.0,0,Oil Change at 211845 km
3178,48,2025-05-12,Air Filter,Preventive,215152,4110.0,0,Air Filter at 215152 km
3179,48,2025-05-14,Alignment,Preventive,215399,4560.0,0,Alignment at 215399 km
3180,48,2025-05-17,Tire Rotation,Preventive,216408,3600.0,0,Tire Rotation at 216408 km
3181,48,2025-06-07,Engine Tune-Up,Preventive,221381,26950.0,0,Engine Tune-Up at 221381 km
3182,48,2025-06-30,Oil Change,Preventive,225346,22760.0,0,Oil Change at 225346 km
3183,48,2025-07-14,Brake Inspection,Preventive,228563,31120.0,0,Brake Inspection at 228563 km
3184,48,2025-07-23,Tire Rotation,Preventive,230088,3520.0,0,Tire Rotation at 230088 km
3185,48,2025-07-30,Transmission Service,Preventive,230812,55390.0,0,Transmission Service at 230812 km
3186,48,2025-08-01,Battery Replacement,Preventive,231056,78650.0,0,Battery Replacement at 231056 km
3187,48,2025-09-04,Air Filter,Preventive,235590,5580.0,0,Air Filter at 235590 km
3188,48,2025-10-07,Oil Change,Preventive,239100,19810.0,0,Oil Change at 239100 km
3189,48,2025-10-23,Alignment,Preventive,242632,5140.0,0,Alignment at 242632 km
3190,48,2025-10-28,Tire Rotation,Preventive,243584,4940.0,0,Tire Rotation at 243584 km
3191,48,2025-12-25,Oil Change,Preventive,253032,16430.0,0,Oil Change at 253032 km
3192,49,2023-02-10,Engine Tune-Up,Preventive,37863,41690.0,0,Engine Tune-Up at 37863 km
3193,49,2023-02-13,Oil Change,Preventive,38080,22990.0,0,Oil Change at 38080 km
3194,49,2023-02-17,Tire Rotation,Preventive,39196,2800.0,0,Tire Rotation at 39196 km
3195,49,2023-02-20,Brake Inspection,Preventive,39665,14760.0,0,Brake Inspection at 39665 km
3196,49,2023-03-02,Air Filter,Preventive,42188,6720.0,0,Air Filter at 42188 km
3197,49,2023-03-16,Alignment,Preventive,44275,4010.0,0,Alignment at 44275 km
3198,49,2023-04-15,Oil Change,Preventive,50305,12790.0,0,Oil Change at 50305 km
3199,49,2023-04-18,Tire Rotation,Preventive,50703,2440.0,0,Tire Rotation at 50703 km
3200,49,2023-06-01,Air Filter,Preventive,58916,4980.0,0,Air Filter at 58916 km
3201,49,2023-06-16,Oil Change,Preventive,62371,15680.0,0,Oil Change at 62371 km
3202,49,2023-06-17,Tire Rotation,Preventive,62371,4780.0,0,Tire Rotation at 62371 km
3203,49,2023-06-22,Brake Inspection,Preventive,62973,11980.0,0,Brake Inspection at 62973 km
3204,49,2023-06-25,Coolant Flush,Preventive,63133,10900.0,0,Coolant Flush at 63133 km
3205,49,2023-07-19,Alignment,Preventive,67543,4950.0,0,Alignment at 67543 km
3206,49,2023-08-08,Engine Tune-Up,Preventive,70797,20550.0,0,Engine Tune-Up at 70797 km
3207,49,2023-08-24,Oil Change,Preventive,73468,20130.0,0,Oil Change at 73468 km
3208,49,2023-08-25,Tire Rotation,Preventive,73468,3980.0,0,Tire Rotation at 73468 km
3209,49,2023-09-09,Air Filter,Preventive,76282,3060.0,0,Air Filter at 76282 km
3210,49,2023-09-24,Transmission Service,Preventive,79469,78520.0,0,Transmission Service at 79469 km
3211,49,2023-10-02,Wiper Replacement,Preventive,80952,3180.0,0,Wiper Replacement at 80952 km
3212,49,2023-11-28,Oil Change,Preventive,90104,10750.0,0,Oil Change at 90104 km
3213,49,2023-12-06,Tire Rotation,Preventive,91849,5170.0,0,Tire Rotation at 91849 km
3214,49,2023-12-08,Brake Inspection,Preventive,92194,19340.0,0,Brake Inspection at 92194 km
3215,49,2023-12-10,Alignment,Preventive,92413,4880.0,0,Alignment at 92413 km
3216,49,2023-12-15,Air Filter,Preventive,93640,7750.0,0,Air Filter at 93640 km
3217,49,2024-01-25,Oil Change,Preventive,101252,18800.0,0,Oil Change at 101252 km
3218,49,2024-02-07,Tire Rotation,Preventive,104191,4270.0,0,Tire Rotation at 104191 km
3219,49,2024-02-11,Engine Tune-Up,Preventive,104684,33800.0,0,Engine Tune-Up at 104684 km
3220,49,2024-03-06,Coolant Flush,Preventive,109004,8290.0,0,Coolant Flush at 109004 km
3221,49,2024-03-22,Air Filter,Preventive,112065,7130.0,0,Air Filter at 112065 km
3222,49,2024-03-28,Oil Change,Preventive,112608,18860.0,0,Oil Change at 112608 km
3223,49,2024-04-16,Tire Rotation,Preventive,115272,4200.0,0,Tire Rotation at 115272 km
3224,49,2024-04-18,Brake Inspection,Preventive,115272,17070.0,0,Brake Inspection at 115272 km
3225,49,2024-04-20,Alignment,Preventive,115770,5800.0,0,Alignment at 115770 km
3226,49,2024-06-06,Oil Change,Preventive,124600,19960.0,0,Oil Change at 124600 km
3227,49,2024-06-22,Tire Rotation,Preventive,126752,3600.0,0,Tire Rotation at 126752 km
3228,49,2024-07-09,Air Filter,Preventive,129037,6070.0,0,Air Filter at 129037 km
3229,49,2024-08-04,Battery Replacement,Preventive,133666,62130.0,0,Battery Replacement at 133666 km
3230,49,2024-08-09,Transmission Failure,Breakdown,135030,187500.0,4,Transmission Failure at 135030 km
3231,49,2024-08-26,Oil Change,Preventive,136291,14590.0,0,Oil Change at 136291 km
3232,49,2024-09-16,Tire Rotation,Preventive,140067,2460.0,0,Tire Rotation at 140067 km
3233,49,2024-09-21,Brake Inspection,Preventive,140976,20780.0,0,Brake Inspection at 140976 km
3234,49,2024-09-23,Alignment,Preventive,140976,5870.0,0,Alignment at 140976 km
3235,49,2024-09-25,Engine Failure,Breakdown,141302,302070.0,2,Engine Failure at 141302 km
3236,49,2024-10-21,Air Filter,Preventive,145675,5080.0,0,Air Filter at 145675 km
3237,49,2024-10-23,Wiper Replacement,Preventive,145875,2580.0,0,Wiper Replacement at 145875 km
3238,49,2024-10-31,Oil Change,Preventive,147576,14440.0,0,Oil Change at 147576 km
3239,49,2024-11-19,Tire Rotation,Preventive,151277,4630.0,0,Tire Rotation at 151277 km
3240,49,2024-12-01,Coolant Flush,Preventive,153332,9620.0,0,Coolant Flush at 153332 km
3241,49,2025-01-09,Oil Change,Preventive,159183,18950.0,0,Oil Change at 159183 km
3242,49,2025-01-23,Tire Rotation,Preventive,162383,2960.0,0,Tire Rotation at 162383 km
3243,49,2025-01-29,Brake Inspection,Preventive,162958,28920.0,0,Brake Inspection at 162958 km
3244,49,2025-02-03,Engine Failure,Breakdown,163842,905490.0,1,Engine Failure at 163842 km
3245,49,2025-02-05,Air Filter,Preventive,163842,3760.0,0,Air Filter at 163842 km
3246,49,2025-02-12,Alignment,Preventive,165528,4850.0,0,Alignment at 165528 km
3247,49,2025-03-15,Oil Change,Preventive,170862,23400.0,0,Oil Change at 170862 km
3248,49,2025-03-31,Tire Rotation,Preventive,173606,4500.0,0,Tire Rotation at 173606 km
3249,49,2025-04-08,Lubrication Failure,Breakdown,175519,91390.0,2,Lubrication Failure at 175519 km
3250,49,2025-05-10,Air Filter,Preventive,180797,5810.0,0,Air Filter at 180797 km
3251,49,2025-06-04,Tire Rotation,Preventive,185323,4540.0,0,Tire Rotation at 185323 km
3252,49,2025-06-07,Brake Inspection,Preventive,185808,17940.0,0,Brake Inspection at 185808 km
3253,49,2025-06-16,Oil Change,Preventive,187329,18440.0,0,Oil Change at 187329 km
3254,49,2025-06-24,Alignment,Preventive,188043,5620.0,0,Alignment at 188043 km
3255,49,2025-08-01,Tire Rotation,Preventive,197565,4980.0,0,Tire Rotation at 197565 km
3256,49,2025-08-03,Air Filter,Preventive,197794,6530.0,0,Air Filter at 197794 km
3257,49,2025-08-04,Coolant Flush,Preventive,197794,12670.0,0,Coolant Flush at 197794 km
3258,49,2025-08-06,Engine Tune-Up,Preventive,197974,42950.0,0,Engine Tune-Up at 197974 km
3259,49,2025-08-09,Oil Change,Preventive,198662,26630.0,0,Oil Change at 198662 km
3260,49,2025-09-05,Transmission Service,Preventive,204732,38840.0,0,Transmission Service at 204732 km
3261,49,2025-09-25,Tire Rotation,Preventive,208946,3610.0,0,Tire Rotation at 208946 km
3262,49,2025-09-27,Brake Inspection,Preventive,209183,23570.0,0,Brake Inspection at 209183 km
3263,49,2025-10-03,Oil Change,Preventive,210245,18320.0,0,Oil Change at 210245 km
3264,49,2025-10-05,Alignment,Preventive,210584,9210.0,0,Alignment at 210584 km
3265,49,2025-11-01,Air Filter,Preventive,215567,5390.0,0,Air Filter at 215567 km
3266,49,2025-11-17,Wiper Replacement,Preventive,218515,4880.0,0,Wiper Replacement at 218515 km
3267,49,2025-11-26,Tire Rotation,Preventive,220036,3670.0,0,Tire Rotation at 220036 km
3268,49,2025-12-02,Oil Change,Preventive,221411,22670.0,0,Oil Change at 221411 km
3269,49,2025-12-24,Overheating,Breakdown,225367,58890.0,7,Overheating at 225367 km
3270,50,2023-02-20,Oil Change,Preventive,126991,13320.0,0,Oil Change at 126991 km
3271,50,2023-02-24,Tire Rotation,Preventive,127898,2620.0,0,Tire Rotation at 127898 km
3272,50,2023-03-20,Air Filter,Preventive,133400,3000.0,0,Air Filter at 133400 km
3273,50,2023-04-22,Alignment,Preventive,139956,6050.0,0,Alignment at 139956 km
3274,50,2023-05-01,Engine Failure,Breakdown,140909,165970.0,5,Engine Failure at 140909 km
3275,50,2023-05-12,Brake Inspection,Preventive,141864,20190.0,0,Brake Inspection at 141864 km
3276,50,2023-05-24,Oil Change,Preventive,143415,12690.0,0,Oil Change at 143415 km
3277,50,2023-06-02,Tire Rotation,Preventive,144519,3850.0,0,Tire Rotation at 144519 km
3278,50,2023-07-03,Coolant Flush,Preventive,150766,8990.0,0,Coolant Flush at 150766 km
3279,50,2023-08-22,Oil Change,Preventive,160122,11440.0,0,Oil Change at 160122 km
3280,50,2023-08-26,Tire Rotation,Preventive,161193,3500.0,0,Tire Rotation at 161193 km
3281,50,2023-09-03,Air Filter,Preventive,161955,5270.0,0,Air Filter at 161955 km
3282,50,2023-10-27,Alignment,Preventive,172923,7350.0,0,Alignment at 172923 km
3283,50,2023-11-12,Brake Inspection,Preventive,175161,21210.0,0,Brake Inspection at 175161 km
3284,50,2023-11-17,Oil Change,Preventive,176533,19860.0,0,Oil Change at 176533 km
3285,50,2023-11-29,Tire Rotation,Preventive,177800,3980.0,0,Tire Rotation at 177800 km
3286,50,2024-01-05,Engine Failure,Breakdown,184971,241650.0,3,Engine Failure at 184971 km
3287,50,2024-01-20,Air Filter,Preventive,188349,4380.0,0,Air Filter at 188349 km
3288,50,2024-02-12,Oil Change,Preventive,192900,27080.0,0,Oil Change at 192900 km
3289,50,2024-02-17,Tire Rotation,Preventive,194377,3520.0,0,Tire Rotation at 194377 km
3290,50,2024-03-06,Wiper Replacement,Preventive,196900,4140.0,0,Wiper Replacement at 196900 km
3291,50,2024-03-23,Overheating,Breakdown,199920,89490.0,4,Overheating at 199920 km
3292,50,2024-04-11,Transmission Service,Preventive,203112,73810.0,0,Transmission Service at 203112 km
3293,50,2024-04-25,Alignment,Preventive,206119,4720.0,0,Alignment at 206119 km
3294,50,2024-05-20,Oil Change,Preventive,210009,18830.0,0,Oil Change at 210009 km
3295,50,2024-05-24,Brake Inspection,Preventive,210203,27090.0,0,Brake Inspection at 210203 km
3296,50,2024-06-06,Tire Rotation,Preventive,211630,4060.0,0,Tire Rotation at 211630 km
3297,50,2024-06-11,Battery Replacement,Preventive,212464,72330.0,0,Battery Replacement at 212464 km
3298,50,2024-06-23,Air Filter,Preventive,213523,4850.0,0,Air Filter at 213523 km
3299,50,2024-09-03,Oil Change,Preventive,226399,15080.0,0,Oil Change at 226399 km
3300,50,2024-09-17,Tire Rotation,Preventive,228429,4170.0,0,Tire Rotation at 228429 km
3301,50,2024-10-15,Engine Tune-Up,Preventive,235070,33260.0,0,Engine Tune-Up at 235070 km
3302,50,2024-10-29,Air Filter,Preventive,238323,6000.0,0,Air Filter at 238323 km
3303,50,2024-11-02,Alignment,Preventive,239523,5830.0,0,Alignment at 239523 km
3304,50,2024-11-23,Oil Change,Preventive,242890,20960.0,0,Oil Change at 242890 km
3305,50,2024-11-24,Brake Inspection,Preventive,242890,30000.0,0,Brake Inspection at 242890 km
3306,50,2024-12-04,Tire Rotation,Preventive,244971,2800.0,0,Tire Rotation at 244971 km
3307,50,2024-12-16,Engine Failure,Breakdown,247891,196740.0,1,Engine Failure at 247891 km
3308,50,2025-02-04,Overheating,Breakdown,258134,110190.0,5,Overheating at 258134 km
3309,50,2025-02-23,Oil Change,Preventive,259900,10770.0,0,Oil Change at 259900 km
3310,50,2025-02-28,Tire Rotation,Preventive,261325,3550.0,0,Tire Rotation at 261325 km
3311,50,2025-03-12,Air Filter,Preventive,263400,9270.0,0,Air Filter at 263400 km
3312,50,2025-04-24,Alignment,Preventive,272225,6610.0,0,Alignment at 272225 km
3313,50,2025-05-04,Brake Failure,Breakdown,275338,42380.0,4,Brake Failure at 275338 km
3314,50,2025-05-18,Oil Change,Preventive,277093,17800.0,0,Oil Change at 277093 km
3315,50,2025-05-26,Tire Rotation,Preventive,278753,5910.0,0,Tire Rotation at 278753 km
3316,50,2025-06-30,Wiper Replacement,Preventive,284592,3760.0,0,Wiper Replacement at 284592 km
3317,50,2025-07-18,Air Filter,Preventive,289489,7250.0,0,Air Filter at 289489 km
3318,50,2025-08-13,Oil Change,Preventive,293829,15360.0,0,Oil Change at 293829 km
3319,50,2025-08-30,Tire Rotation,Preventive,296380,4650.0,0,Tire Rotation at 296380 km
3320,50,2025-09-03,Engine Tune-Up,Preventive,297033,40090.0,0,Engine Tune-Up at 297033 km
3321,50,2025-10-05,Transmission Service,Preventive,302674,82770.0,0,Transmission Service at 302674 km
3322,50,2025-10-18,Alignment,Preventive,305025,8630.0,0,Alignment at 305025 km
3323,50,2025-10-23,Overheating,Breakdown,305718,71810.0,1,Overheating at 305718 km
3324,50,2025-11-06,Brake Inspection,Preventive,308165,28480.0,0,Brake Inspection at 308165 km
3325,50,2025-11-21,Oil Change,Preventive,310621,12450.0,0,Oil Change at 310621 km
3326,50,2025-12-04,Tire Rotation,Preventive,313111,6920.0,0,Tire Rotation at 313111 km
3327,50,2025-12-12,Air Filter,Preventive,314222,5690.0,0,Air Filter at 314222 km
3328,51,2023-01-30,Oil Change,Preventive,52915,28630.0,0,Oil Change at 52915 km
3329,51,2023-02-03,Air Filter,Preventive,53611,5540.0,0,Air Filter at 53611 km
3330,51,2023-02-25,Alignment,Preventive,57551,8650.0,0,Alignment at 57551 km
3331,51,2023-03-04,Tire Rotation,Preventive,58848,4220.0,0,Tire Rotation at 58848 km
3332,51,2023-03-06,Brake Inspection,Preventive,58848,24450.0,0,Brake Inspection at 58848 km
3333,51,2023-03-29,Wiper Replacement,Preventive,63994,5380.0,0,Wiper Replacement at 63994 km
3334,51,2023-04-14,Oil Change,Preventive,66661,23930.0,0,Oil Change at 66661 km
3335,51,2023-05-18,Tire Rotation,Preventive,72132,5410.0,0,Tire Rotation at 72132 km
3336,51,2023-06-16,Air Filter,Preventive,77897,10030.0,0,Air Filter at 77897 km
3337,51,2023-06-20,Engine Tune-Up,Preventive,78181,33820.0,0,Engine Tune-Up at 78181 km
3338,51,2023-07-03,Oil Change,Preventive,80281,17680.0,0,Oil Change at 80281 km
3339,51,2023-07-24,Transmission Failure,Breakdown,85752,144410.0,2,Transmission Failure at 85752 km
3340,51,2023-07-27,Tire Rotation,Preventive,85752,5960.0,0,Tire Rotation at 85752 km
3341,51,2023-07-29,Brake Inspection,Preventive,85752,35400.0,0,Brake Inspection at 85752 km
3342,51,2023-08-02,Alignment,Preventive,86273,9990.0,0,Alignment at 86273 km
3343,51,2023-09-10,Oil Change,Preventive,93822,23750.0,0,Oil Change at 93822 km
3344,51,2023-09-23,Lubrication Failure,Breakdown,96701,211360.0,3,Lubrication Failure at 96701 km
3345,51,2023-10-06,Air Filter,Preventive,98258,8330.0,0,Air Filter at 98258 km
3346,51,2023-10-07,Coolant Flush,Preventive,98258,20570.0,0,Coolant Flush at 98258 km
3347,51,2023-10-22,Tire Rotation,Preventive,101218,8380.0,0,Tire Rotation at 101218 km
3348,51,2023-11-29,Oil Change,Preventive,109815,17660.0,0,Oil Change at 109815 km
3349,51,2023-12-09,Brake Inspection,Preventive,111700,24440.0,0,Brake Inspection at 111700 km
3350,51,2023-12-14,Alignment,Preventive,112465,10030.0,0,Alignment at 112465 km
3351,51,2023-12-24,Tire Rotation,Preventive,114835,4620.0,0,Tire Rotation at 114835 km
3352,51,2024-01-08,Engine Tune-Up,Preventive,117105,63620.0,0,Engine Tune-Up at 117105 km
3353,51,2024-01-19,Air Filter,Preventive,118871,6960.0,0,Air Filter at 118871 km
3354,51,2024-02-08,Oil Change,Preventive,122852,25160.0,0,Oil Change at 122852 km
3355,51,2024-03-04,Tire Rotation,Preventive,128770,8570.0,0,Tire Rotation at 128770 km
3356,51,2024-03-28,Battery Replacement,Preventive,131660,62130.0,0,Battery Replacement at 131660 km
3357,51,2024-04-18,Oil Change,Preventive,136293,17030.0,0,Oil Change at 136293 km
3358,51,2024-04-28,Brake Inspection,Preventive,137650,22550.0,0,Brake Inspection at 137650 km
3359,51,2024-05-09,Air Filter,Preventive,140032,9720.0,0,Air Filter at 140032 km
3360,51,2024-05-13,Alignment,Preventive,140466,6490.0,0,Alignment at 140466 km
3361,51,2024-05-23,Tire Rotation,Preventive,141894,9540.0,0,Tire Rotation at 141894 km
3362,51,2024-05-24,Wiper Replacement,Preventive,141894,3900.0,0,Wiper Replacement at 141894 km
3363,51,2024-07-10,Oil Change,Preventive,150903,13850.0,0,Oil Change at 150903 km
3364,51,2024-07-13,Coolant Flush,Preventive,151625,14890.0,0,Coolant Flush at 151625 km
3365,51,2024-08-03,Tire Rotation,Preventive,154813,5370.0,0,Tire Rotation at 154813 km
3366,51,2024-08-13,Engine Tune-Up,Preventive,156262,52290.0,0,Engine Tune-Up at 156262 km
3367,51,2024-09-07,Air Filter,Preventive,160373,6140.0,0,Air Filter at 160373 km
3368,51,2024-09-24,Transmission Service,Preventive,163317,81230.0,0,Transmission Service at 163317 km
3369,51,2024-09-27,Brake Inspection,Preventive,163727,29360.0,0,Brake Inspection at 163727 km
3370,51,2024-10-02,Oil Change,Preventive,164325,22790.0,0,Oil Change at 164325 km
3371,51,2024-10-12,Alignment,Preventive,166848,10480.0,0,Alignment at 166848 km
3372,51,2024-10-20,Tire Rotation,Preventive,167802,6140.0,0,Tire Rotation at 167802 km
3373,51,2024-12-10,Oil Change,Preventive,177416,38990.0,0,Oil Change at 177416 km
3374,51,2024-12-26,Air Filter,Preventive,180580,13300.0,0,Air Filter at 180580 km
3375,51,2025-01-07,Tire Rotation,Preventive,182442,5650.0,0,Tire Rotation at 182442 km
3376,51,2025-02-19,Brake Inspection,Preventive,190193,24170.0,0,Brake Inspection at 190193 km
3377,51,2025-02-23,Oil Change,Preventive,191095,27770.0,0,Oil Change at 191095 km
3378,51,2025-03-09,Alignment,Preventive,193050,13130.0,0,Alignment at 193050 km
3379,51,2025-03-20,Engine Tune-Up,Preventive,195046,54230.0,0,Engine Tune-Up at 195046 km
3380,51,2025-03-29,Tire Rotation,Preventive,196630,5890.0,0,Tire Rotation at 196630 km
3381,51,2025-04-16,Air Filter,Preventive,200089,11790.0,0,Air Filter at 200089 km
3382,51,2025-05-04,Coolant Flush,Preventive,203658,21690.0,0,Coolant Flush at 203658 km
3383,51,2025-05-10,Oil Change,Preventive,205545,29680.0,0,Oil Change at 205545 km
3384,51,2025-06-01,Tire Rotation,Preventive,209541,6630.0,0,Tire Rotation at 209541 km
3385,51,2025-07-08,Brake Inspection,Preventive,216060,34270.0,0,Brake Inspection at 216060 km
3386,51,2025-07-18,Wiper Replacement,Preventive,217853,7720.0,0,Wiper Replacement at 217853 km
3387,51,2025-07-30,Oil Change,Preventive,219958,40020.0,0,Oil Change at 219958 km
3388,51,2025-08-01,Air Filter,Preventive,220209,8560.0,0,Air Filter at 220209 km
3389,51,2025-08-02,Alignment,Preventive,220209,11040.0,0,Alignment at 220209 km
3390,51,2025-08-14,Tire Rotation,Preventive,222551,5350.0,0,Tire Rotation at 222551 km
3391,51,2025-10-22,Oil Change,Preventive,234577,32600.0,0,Oil Change at 234577 km
3392,51,2025-10-24,Engine Tune-Up,Preventive,234932,51020.0,0,Engine Tune-Up at 234932 km
3393,51,2025-10-31,Tire Rotation,Preventive,236210,4970.0,0,Tire Rotation at 236210 km
3394,51,2025-11-20,Air Filter,Preventive,240646,8010.0,0,Air Filter at 240646 km
3395,51,2025-11-24,Transmission Service,Preventive,240874,119140.0,0,Transmission Service at 240874 km
3396,51,2025-12-02,Brake Inspection,Preventive,242494,33470.0,0,Brake Inspection at 242494 km
3397,51,2025-12-18,Alignment,Preventive,246455,13710.0,0,Alignment at 246455 km
3398,51,2025-12-28,Lubrication Failure,Breakdown,247949,579460.0,2,Lubrication Failure at 247949 km
3399,52,2023-01-15,Tire Rotation,Preventive,107436,3530.0,0,Tire Rotation at 107436 km
3400,52,2023-02-14,Engine Tune-Up,Preventive,112325,53550.0,0,Engine Tune-Up at 112325 km
3401,52,2023-02-20,Oil Change,Preventive,113179,27190.0,0,Oil Change at 113179 km
3402,52,2023-02-26,Brake Inspection,Preventive,114573,26580.0,0,Brake Inspection at 114573 km
3403,52,2023-03-17,Air Filter,Preventive,118678,4680.0,0,Air Filter at 118678 km
3404,52,2023-03-24,Tire Rotation,Preventive,120510,4360.0,0,Tire Rotation at 120510 km
3405,52,2023-03-31,Alignment,Preventive,121875,8080.0,0,Alignment at 121875 km
3406,52,2023-04-19,Oil Change,Preventive,124827,22300.0,0,Oil Change at 124827 km
3407,52,2023-05-30,Tire Rotation,Preventive,131942,6020.0,0,Tire Rotation at 131942 km
3408,52,2023-06-24,Oil Change,Preventive,136203,29180.0,0,Oil Change at 136203 km
3409,52,2023-06-30,Brake Inspection,Preventive,137240,29480.0,0,Brake Inspection at 137240 km
3410,52,2023-07-08,Air Filter,Preventive,138316,8520.0,0,Air Filter at 138316 km
3411,52,2023-08-03,Tire Rotation,Preventive,143615,5090.0,0,Tire Rotation at 143615 km
3412,52,2023-08-13,Alignment,Preventive,145134,7890.0,0,Alignment at 145134 km
3413,52,2023-08-14,Coolant Flush,Preventive,145134,17810.0,0,Coolant Flush at 145134 km
3414,52,2023-08-28,Oil Change,Preventive,147977,24240.0,0,Oil Change at 147977 km
3415,52,2023-08-31,Engine Tune-Up,Preventive,148481,53390.0,0,Engine Tune-Up at 148481 km
3416,52,2023-09-04,Battery Replacement,Preventive,148834,68300.0,0,Battery Replacement at 148834 km
3417,52,2023-09-05,Wiper Replacement,Preventive,148834,3480.0,0,Wiper Replacement at 148834 km
3418,52,2023-10-08,Tire Rotation,Preventive,155738,5380.0,0,Tire Rotation at 155738 km
3419,52,2023-10-14,Lubrication Failure,Breakdown,157546,83850.0,2,Lubrication Failure at 157546 km
3420,52,2023-10-22,Air Filter,Preventive,158470,5980.0,0,Air Filter at 158470 km
3421,52,2023-10-29,Brake Inspection,Preventive,159927,27400.0,0,Brake Inspection at 159927 km
3422,52,2023-12-01,Engine Failure,Breakdown,167040,349790.0,4,Engine Failure at 167040 km
3423,52,2023-12-13,Oil Change,Preventive,169025,15450.0,0,Oil Change at 169025 km
3424,52,2023-12-16,Tire Rotation,Preventive,169760,6640.0,0,Tire Rotation at 169760 km
3425,52,2023-12-23,Alignment,Preventive,170899,15620.0,0,Alignment at 170899 km
3426,52,2023-12-24,Transmission Service,Preventive,170899,111890.0,0,Transmission Service at 170899 km
3427,52,2024-01-14,Air Filter,Preventive,176032,13530.0,0,Air Filter at 176032 km
3428,52,2024-02-08,Oil Change,Preventive,180380,15350.0,0,Oil Change at 180380 km
3429,52,2024-02-15,Tire Rotation,Preventive,181501,5960.0,0,Tire Rotation at 181501 km
3430,52,2024-02-24,Brake Inspection,Preventive,182578,28730.0,0,Brake Inspection at 182578 km
3431,52,2024-04-14,Coolant Flush,Preventive,190842,19500.0,0,Coolant Flush at 190842 km
3432,52,2024-04-20,Oil Change,Preventive,192194,28540.0,0,Oil Change at 192194 km
3433,52,2024-04-26,Tire Rotation,Preventive,193294,3930.0,0,Tire Rotation at 193294 km
3434,52,2024-05-03,Air Filter,Preventive,193856,6150.0,0,Air Filter at 193856 km
3435,52,2024-05-04,Alignment,Preventive,193856,13190.0,0,Alignment at 193856 km
3436,52,2024-06-12,Engine Tune-Up,Preventive,201077,52290.0,0,Engine Tune-Up at 201077 km
3437,52,2024-07-02,Oil Change,Preventive,204142,28100.0,0,Oil Change at 204142 km
3438,52,2024-07-09,Tire Rotation,Preventive,205349,5150.0,0,Tire Rotation at 205349 km
3439,52,2024-07-10,Brake Inspection,Preventive,205349,30330.0,0,Brake Inspection at 205349 km
3440,52,2024-08-10,Air Filter,Preventive,211586,10640.0,0,Air Filter at 211586 km
3441,52,2024-09-02,Oil Change,Preventive,216089,38880.0,0,Oil Change at 216089 km
3442,52,2024-09-09,Tire Rotation,Preventive,217192,5210.0,0,Tire Rotation at 217192 km
3443,52,2024-09-11,Alignment,Preventive,217192,19330.0,0,Alignment at 217192 km
3444,52,2024-09-29,Wiper Replacement,Preventive,219958,4680.0,0,Wiper Replacement at 219958 km
3445,52,2024-11-12,Oil Change,Preventive,227569,33250.0,0,Oil Change at 227569 km
3446,52,2024-11-17,Brake Inspection,Preventive,228392,29320.0,0,Brake Inspection at 228392 km
3447,52,2024-11-20,Tire Rotation,Preventive,229019,5370.0,0,Tire Rotation at 229019 km
3448,52,2024-11-23,Air Filter,Preventive,230218,11310.0,0,Air Filter at 230218 km
3449,52,2024-12-25,Coolant Flush,Preventive,236365,31690.0,0,Coolant Flush at 236365 km
3450,52,2024-12-28,Engine Tune-Up,Preventive,236653,64480.0,0,Engine Tune-Up at 236653 km
3451,52,2025-01-09,Oil Change,Preventive,238985,22090.0,0,Oil Change at 238985 km
3452,52,2025-01-12,Transmission Service,Preventive,238985,154780.0,0,Transmission Service at 238985 km
3453,52,2025-01-19,Alignment,Preventive,239904,11550.0,0,Alignment at 239904 km
3454,52,2025-01-22,Tire Rotation,Preventive,240559,6760.0,0,Tire Rotation at 240559 km
3455,52,2025-02-24,Air Filter,Preventive,247798,5640.0,0,Air Filter at 247798 km
3456,52,2025-03-13,Oil Change,Preventive,250868,43040.0,0,Oil Change at 250868 km
3457,52,2025-03-17,Brake Inspection,Preventive,251353,28970.0,0,Brake Inspection at 251353 km
3458,52,2025-03-25,Tire Rotation,Preventive,252461,10570.0,0,Tire Rotation at 252461 km
3459,52,2025-05-31,Oil Change,Preventive,263172,26450.0,0,Oil Change at 263172 km
3460,52,2025-06-08,Tire Rotation,Preventive,264842,4660.0,0,Tire Rotation at 264842 km
3461,52,2025-06-15,Air Filter,Preventive,266512,11300.0,0,Air Filter at 266512 km
3462,52,2025-06-16,Alignment,Preventive,266512,8340.0,0,Alignment at 266512 km
3463,52,2025-07-04,Engine Tune-Up,Preventive,270700,64720.0,0,Engine Tune-Up at 270700 km
3464,52,2025-07-25,Brake Inspection,Preventive,273993,44250.0,0,Brake Inspection at 273993 km
3465,52,2025-07-28,Battery Replacement,Preventive,273993,117280.0,0,Battery Replacement at 273993 km
3466,52,2025-08-09,Oil Change,Preventive,276062,54230.0,0,Oil Change at 276062 km
3467,52,2025-08-16,Tire Rotation,Preventive,276818,6410.0,0,Tire Rotation at 276818 km
3468,52,2025-09-13,Coolant Flush,Preventive,282682,9250.0,0,Coolant Flush at 282682 km
3469,52,2025-09-24,Air Filter,Preventive,285419,10520.0,0,Air Filter at 285419 km
3470,52,2025-10-11,Oil Change,Preventive,287831,30220.0,0,Oil Change at 287831 km
3471,52,2025-10-22,Tire Rotation,Preventive,289204,7990.0,0,Tire Rotation at 289204 km
3472,52,2025-10-29,Alignment,Preventive,289831,14430.0,0,Alignment at 289831 km
3473,52,2025-10-30,Wiper Replacement,Preventive,289831,9200.0,0,Wiper Replacement at 289831 km
3474,52,2025-12-17,Brake Inspection,Preventive,297117,45580.0,0,Brake Inspection at 297117 km
3475,52,2025-12-31,Oil Change,Preventive,299546,28880.0,0,Oil Change at 299546 km
3476,53,2023-02-04,Brake Inspection,Preventive,72937,28560.0,0,Brake Inspection at 72937 km
3477,53,2023-02-08,Air Filter,Preventive,73671,9910.0,0,Air Filter at 73671 km
3478,53,2023-02-15,Oil Change,Preventive,74633,25060.0,0,Oil Change at 74633 km
3479,53,2023-02-28,Tire Rotation,Preventive,77202,5700.0,0,Tire Rotation at 77202 km
3480,53,2023-03-03,Engine Tune-Up,Preventive,78202,23850.0,0,Engine Tune-Up at 78202 km
3481,53,2023-04-19,Alignment,Preventive,86574,11600.0,0,Alignment at 86574 km
3482,53,2023-04-26,Oil Change,Preventive,87769,16200.0,0,Oil Change at 87769 km
3483,53,2023-05-07,Tire Rotation,Preventive,89514,5580.0,0,Tire Rotation at 89514 km
3484,53,2023-05-23,Air Filter,Preventive,93501,5690.0,0,Air Filter at 93501 km
3485,53,2023-06-02,Coolant Flush,Preventive,95774,16050.0,0,Coolant Flush at 95774 km
3486,53,2023-06-03,Wiper Replacement,Preventive,95774,5900.0,0,Wiper Replacement at 95774 km
3487,53,2023-06-18,Brake Inspection,Preventive,98807,32740.0,0,Brake Inspection at 98807 km
3488,53,2023-07-05,Oil Change,Preventive,101926,22790.0,0,Oil Change at 101926 km
3489,53,2023-07-15,Tire Rotation,Preventive,104221,5860.0,0,Tire Rotation at 104221 km
3490,53,2023-08-15,Alignment,Preventive,111190,7980.0,0,Alignment at 111190 km
3491,53,2023-08-17,Lubrication Failure,Breakdown,111375,219210.0,3,Lubrication Failure at 111375 km
3492,53,2023-08-23,Air Filter,Preventive,112170,10060.0,0,Air Filter at 112170 km
3493,53,2023-09-14,Engine Tune-Up,Preventive,115477,23330.0,0,Engine Tune-Up at 115477 km
3494,53,2023-09-22,Tire Rotation,Preventive,116573,4890.0,0,Tire Rotation at 116573 km
3495,53,2023-10-27,Brake Inspection,Preventive,123537,27760.0,0,Brake Inspection at 123537 km
3496,53,2023-11-02,Oil Change,Preventive,124441,28190.0,0,Oil Change at 124441 km
3497,53,2023-11-04,Transmission Service,Preventive,124441,101930.0,0,Transmission Service at 124441 km
3498,53,2023-12-01,Tire Rotation,Preventive,129059,3050.0,0,Tire Rotation at 129059 km
3499,53,2023-12-16,Air Filter,Preventive,132324,7600.0,0,Air Filter at 132324 km
3500,53,2024-01-20,Oil Change,Preventive,138365,19860.0,0,Oil Change at 138365 km
3501,53,2024-01-21,Alignment,Preventive,138365,10180.0,0,Alignment at 138365 km
3502,53,2024-02-01,Tire Rotation,Preventive,141703,5050.0,0,Tire Rotation at 141703 km
3503,53,2024-02-22,Coolant Flush,Preventive,145572,16200.0,0,Coolant Flush at 145572 km
3504,53,2024-03-10,Brake Inspection,Preventive,148418,26580.0,0,Brake Inspection at 148418 km
3505,53,2024-03-28,Oil Change,Preventive,151299,25030.0,0,Oil Change at 151299 km
3506,53,2024-03-30,Air Filter,Preventive,151479,7250.0,0,Air Filter at 151479 km
3507,53,2024-04-07,Engine Tune-Up,Preventive,153045,33850.0,0,Engine Tune-Up at 153045 km
3508,53,2024-04-20,Tire Rotation,Preventive,154885,3390.0,0,Tire Rotation at 154885 km
3509,53,2024-06-07,Oil Change,Preventive,163662,29870.0,0,Oil Change at 163662 km
3510,53,2024-06-08,Alignment,Preventive,163662,8970.0,0,Alignment at 163662 km
3511,53,2024-06-28,Tire Rotation,Preventive,167289,4100.0,0,Tire Rotation at 167289 km
3512,53,2024-07-12,Air Filter,Preventive,170002,11310.0,0,Air Filter at 170002 km
3513,53,2024-07-17,Wiper Replacement,Preventive,170660,3630.0,0,Wiper Replacement at 170660 km
3514,53,2024-08-11,Brake Inspection,Preventive,173925,47160.0,0,Brake Inspection at 173925 km
3515,53,2024-08-22,Oil Change,Preventive,176192,23650.0,0,Oil Change at 176192 km
3516,53,2024-08-27,Brake Failure,Breakdown,177028,108820.0,3,Brake Failure at 177028 km
3517,53,2024-09-20,Tire Rotation,Preventive,181210,6780.0,0,Tire Rotation at 181210 km
3518,53,2024-09-27,Battery Replacement,Preventive,182776,67950.0,0,Battery Replacement at 182776 km
3519,53,2024-10-30,Oil Change,Preventive,189112,23590.0,0,Oil Change at 189112 km
3520,53,2024-11-07,Air Filter,Preventive,190920,6760.0,0,Air Filter at 190920 km
3521,53,2024-11-09,Alignment,Preventive,191106,8800.0,0,Alignment at 191106 km
3522,53,2024-11-16,Engine Tune-Up,Preventive,192846,44470.0,0,Engine Tune-Up at 192846 km
3523,53,2024-12-01,Tire Rotation,Preventive,195187,4620.0,0,Tire Rotation at 195187 km
3524,53,2024-12-04,Coolant Flush,Preventive,195355,12930.0,0,Coolant Flush at 195355 km
3525,53,2024-12-26,Transmission Service,Preventive,200195,97120.0,0,Transmission Service at 200195 km
3526,53,2025-01-05,Oil Change,Preventive,202347,57430.0,0,Oil Change at 202347 km
3527,53,2025-01-09,Brake Inspection,Preventive,202564,44320.0,0,Brake Inspection at 202564 km
3528,53,2025-02-04,Lubrication Failure,Breakdown,206473,188390.0,5,Lubrication Failure at 206473 km
3529,53,2025-02-21,Tire Rotation,Preventive,207816,6200.0,0,Tire Rotation at 207816 km
3530,53,2025-03-09,Air Filter,Preventive,209916,7330.0,0,Air Filter at 209916 km
3531,53,2025-04-08,Alignment,Preventive,216204,9290.0,0,Alignment at 216204 km
3532,53,2025-05-04,Oil Change,Preventive,220562,48740.0,0,Oil Change at 220562 km
3533,53,2025-05-22,Tire Rotation,Preventive,224610,4570.0,0,Tire Rotation at 224610 km
3534,53,2025-06-05,Brake Inspection,Preventive,227611,37000.0,0,Brake Inspection at 227611 km
3535,53,2025-06-10,Air Filter,Preventive,228417,7800.0,0,Air Filter at 228417 km
3536,53,2025-06-22,Engine Tune-Up,Preventive,231514,103930.0,0,Engine Tune-Up at 231514 km
3537,53,2025-07-01,Oil Change,Preventive,233188,40710.0,0,Oil Change at 233188 km
3538,53,2025-07-29,Tire Rotation,Preventive,237442,6940.0,0,Tire Rotation at 237442 km
3539,53,2025-08-23,Alignment,Preventive,241545,7290.0,0,Alignment at 241545 km
3540,53,2025-09-03,Wiper Replacement,Preventive,243079,3100.0,0,Wiper Replacement at 243079 km
3541,53,2025-09-12,Coolant Flush,Preventive,244669,17860.0,0,Coolant Flush at 244669 km
3542,53,2025-09-18,Lubrication Failure,Breakdown,245269,150960.0,3,Lubrication Failure at 245269 km
3543,53,2025-10-04,Air Filter,Preventive,246978,7980.0,0,Air Filter at 246978 km
3544,53,2025-10-21,Tire Rotation,Preventive,250651,6920.0,0,Tire Rotation at 250651 km
3545,53,2025-11-05,Brake Inspection,Preventive,253401,35340.0,0,Brake Inspection at 253401 km
3546,53,2025-12-04,Oil Change,Preventive,258007,18680.0,0,Oil Change at 258007 km
3547,54,2023-03-16,Oil Change,Preventive,41002,12550.0,0,Oil Change at 41002 km
3548,54,2023-03-18,Tire Rotation,Preventive,41272,4110.0,0,Tire Rotation at 41272 km
3549,54,2023-05-06,Brake Inspection,Preventive,52020,29800.0,0,Brake Inspection at 52020 km
3550,54,2023-05-13,Air Filter,Preventive,52865,8330.0,0,Air Filter at 52865 km
3551,54,2023-06-10,Alignment,Preventive,58289,6600.0,0,Alignment at 58289 km
3552,54,2023-06-15,Oil Change,Preventive,59348,17570.0,0,Oil Change at 59348 km
3553,54,2023-06-19,Tire Rotation,Preventive,59889,6680.0,0,Tire Rotation at 59889 km
3554,54,2023-07-28,Engine Failure,Breakdown,68508,172900.0,3,Engine Failure at 68508 km
3555,54,2023-09-13,Overheating,Breakdown,76833,76580.0,2,Overheating at 76833 km
3556,54,2023-09-21,Oil Change,Preventive,77677,21860.0,0,Oil Change at 77677 km
3557,54,2023-09-25,Tire Rotation,Preventive,78516,5120.0,0,Tire Rotation at 78516 km
3558,54,2023-10-01,Air Filter,Preventive,79609,6240.0,0,Air Filter at 79609 km
3559,54,2023-11-10,Brake Inspection,Preventive,88049,40770.0,0,Brake Inspection at 88049 km
3560,54,2023-12-18,Oil Change,Preventive,96626,21910.0,0,Oil Change at 96626 km
3561,54,2023-12-19,Tire Rotation,Preventive,96626,5940.0,0,Tire Rotation at 96626 km
3562,54,2023-12-22,Alignment,Preventive,96883,6880.0,0,Alignment at 96883 km
3563,54,2024-01-12,Battery Replacement,Preventive,101513,61400.0,0,Battery Replacement at 101513 km
3564,54,2024-01-19,Wiper Replacement,Preventive,102162,6570.0,0,Wiper Replacement at 102162 km
3565,54,2024-01-23,Overheating,Breakdown,103455,53750.0,4,Overheating at 103455 km
3566,54,2024-02-04,Transmission Service,Preventive,104524,127090.0,0,Transmission Service at 104524 km
3567,54,2024-02-20,Air Filter,Preventive,107316,9910.0,0,Air Filter at 107316 km
3568,54,2024-04-09,Oil Change,Preventive,115456,27620.0,0,Oil Change at 115456 km
3569,54,2024-04-10,Tire Rotation,Preventive,115456,4780.0,0,Tire Rotation at 115456 km
3570,54,2024-04-20,Brake Failure,Breakdown,117653,97960.0,5,Brake Failure at 117653 km
3571,54,2024-05-14,Engine Tune-Up,Preventive,122160,30790.0,0,Engine Tune-Up at 122160 km
3572,54,2024-07-09,Overheating,Breakdown,132487,140980.0,4,Overheating at 132487 km
3573,54,2024-07-18,Oil Change,Preventive,133345,29150.0,0,Oil Change at 133345 km
3574,54,2024-07-19,Tire Rotation,Preventive,133345,4670.0,0,Tire Rotation at 133345 km
3575,54,2024-07-20,Alignment,Preventive,133345,12260.0,0,Alignment at 133345 km
3576,54,2024-07-27,Air Filter,Preventive,134388,11790.0,0,Air Filter at 134388 km
3577,54,2024-10-17,Transmission Failure,Breakdown,150034,662500.0,2,Transmission Failure at 150034 km
3578,54,2024-10-26,Oil Change,Preventive,151670,21280.0,0,Oil Change at 151670 km
3579,54,2024-10-29,Tire Rotation,Preventive,151889,6950.0,0,Tire Rotation at 151889 km
3580,54,2024-11-08,Brake Inspection,Preventive,153432,39900.0,0,Brake Inspection at 153432 km
3581,54,2024-12-23,Air Filter,Preventive,161315,8680.0,0,Air Filter at 161315 km
3582,54,2025-01-30,Engine Failure,Breakdown,169546,292560.0,5,Engine Failure at 169546 km
3583,54,2025-02-05,Oil Change,Preventive,169546,23640.0,0,Oil Change at 169546 km
3584,54,2025-02-08,Tire Rotation,Preventive,170047,7190.0,0,Tire Rotation at 170047 km
3585,54,2025-02-14,Alignment,Preventive,170876,13280.0,0,Alignment at 170876 km
3586,54,2025-03-01,Brake Failure,Breakdown,173323,104060.0,6,Brake Failure at 173323 km
3587,54,2025-03-21,Lubrication Failure,Breakdown,176715,265300.0,2,Lubrication Failure at 176715 km
3588,54,2025-05-07,Tire Rotation,Preventive,188064,6600.0,0,Tire Rotation at 188064 km
3589,54,2025-05-08,Air Filter,Preventive,188064,7990.0,0,Air Filter at 188064 km
3590,54,2025-05-14,Transmission Failure,Breakdown,189227,385450.0,4,Transmission Failure at 189227 km
3591,54,2025-05-30,Brake Failure,Breakdown,190897,32030.0,2,Brake Failure at 190897 km
3592,54,2025-06-07,Transmission Failure,Breakdown,191859,294010.0,1,Transmission Failure at 191859 km
3593,54,2025-06-10,Wiper Replacement,Preventive,191980,6600.0,0,Wiper Replacement at 191980 km
3594,54,2025-06-25,Oil Change,Preventive,194678,25380.0,0,Oil Change at 194678 km
3595,54,2025-08-06,Coolant Flush,Preventive,203949,16840.0,0,Coolant Flush at 203949 km
3596,54,2025-08-27,Tire Rotation,Preventive,207429,5320.0,0,Tire Rotation at 207429 km
3597,54,2025-08-29,Alignment,Preventive,207670,12090.0,0,Alignment at 207670 km
3598,54,2025-09-27,Oil Change,Preventive,212563,42950.0,0,Oil Change at 212563 km
3599,54,2025-10-12,Air Filter,Preventive,214841,9560.0,0,Air Filter at 214841 km
3600,54,2025-10-31,Brake Failure,Breakdown,218776,205470.0,2,Brake Failure at 218776 km
3601,54,2025-11-19,Engine Tune-Up,Preventive,222828,73080.0,0,Engine Tune-Up at 222828 km
3602,54,2025-11-30,Tire Rotation,Preventive,225411,7800.0,0,Tire Rotation at 225411 km
3603,54,2025-12-25,Oil Change,Preventive,231186,33310.0,0,Oil Change at 231186 km
3604,55,2023-02-26,Oil Change,Preventive,79268,22840.0,0,Oil Change at 79268 km
3605,55,2023-03-06,Air Filter,Preventive,80927,7190.0,0,Air Filter at 80927 km
3606,55,2023-03-23,Engine Failure,Breakdown,84646,544640.0,1,Engine Failure at 84646 km
3607,55,2023-03-25,Tire Rotation,Preventive,84646,6920.0,0,Tire Rotation at 84646 km
3608,55,2023-04-19,Brake Inspection,Preventive,89492,20510.0,0,Brake Inspection at 89492 km
3609,55,2023-05-25,Engine Failure,Breakdown,96578,445100.0,4,Engine Failure at 96578 km
3610,55,2023-06-12,Oil Change,Preventive,99123,25630.0,0,Oil Change at 99123 km
3611,55,2023-06-26,Alignment,Preventive,102198,7690.0,0,Alignment at 102198 km
3612,55,2023-07-06,Tire Rotation,Preventive,104934,7220.0,0,Tire Rotation at 104934 km
3613,55,2023-08-05,Air Filter,Preventive,110250,8430.0,0,Air Filter at 110250 km
3614,55,2023-08-18,Overheating,Breakdown,113229,92930.0,2,Overheating at 113229 km
3615,55,2023-09-16,Oil Change,Preventive,118184,17740.0,0,Oil Change at 118184 km
3616,55,2023-09-29,Wiper Replacement,Preventive,119741,4870.0,0,Wiper Replacement at 119741 km
3617,55,2023-10-30,Tire Rotation,Preventive,125331,4330.0,0,Tire Rotation at 125331 km
3618,55,2023-10-31,Battery Replacement,Preventive,125331,54790.0,0,Battery Replacement at 125331 km
3619,55,2023-11-12,Brake Inspection,Preventive,127184,41340.0,0,Brake Inspection at 127184 km
3620,55,2023-12-20,Lubrication Failure,Breakdown,135112,535700.0,8,Lubrication Failure at 135112 km
3621,55,2024-01-17,Air Filter,Preventive,138848,7780.0,0,Air Filter at 138848 km
3622,55,2024-01-20,Engine Failure,Breakdown,139617,262720.0,1,Engine Failure at 139617 km
3623,55,2024-01-24,Alignment,Preventive,140266,8780.0,0,Alignment at 140266 km
3624,55,2024-02-11,Tire Rotation,Preventive,144657,5670.0,0,Tire Rotation at 144657 km
3625,55,2024-03-11,Transmission Failure,Breakdown,151426,389140.0,6,Transmission Failure at 151426 km
3626,55,2024-04-02,Oil Change,Preventive,154239,31310.0,0,Oil Change at 154239 km
3627,55,2024-05-14,Overheating,Breakdown,162896,164530.0,2,Overheating at 162896 km
3628,55,2024-05-25,Tire Rotation,Preventive,164484,7220.0,0,Tire Rotation at 164484 km
3629,55,2024-05-30,Brake Inspection,Preventive,164872,31290.0,0,Brake Inspection at 164872 km
3630,55,2024-06-07,Brake Failure,Breakdown,166063,158890.0,6,Brake Failure at 166063 km
3631,55,2024-06-20,Air Filter,Preventive,167453,7930.0,0,Air Filter at 167453 km
3632,55,2024-07-25,Oil Change,Preventive,173559,31520.0,0,Oil Change at 173559 km
3633,55,2024-08-18,Alignment,Preventive,179364,8730.0,0,Alignment at 179364 km
3634,55,2024-09-09,Tire Rotation,Preventive,183775,6770.0,0,Tire Rotation at 183775 km
3635,55,2024-10-05,Lubrication Failure,Breakdown,190359,230580.0,2,Lubrication Failure at 190359 km
3636,55,2024-10-29,Overheating,Breakdown,194065,61600.0,1,Overheating at 194065 km
3637,55,2024-11-10,Air Filter,Preventive,196479,8050.0,0,Air Filter at 196479 km
3638,55,2024-11-11,Engine Tune-Up,Preventive,196479,43020.0,0,Engine Tune-Up at 196479 km
3639,55,2024-12-12,Brake Failure,Breakdown,204297,64880.0,1,Brake Failure at 204297 km
3640,55,2024-12-17,Tire Rotation,Preventive,204495,5510.0,0,Tire Rotation at 204495 km
3641,55,2024-12-31,Overheating,Breakdown,206365,141940.0,2,Overheating at 206365 km
3642,55,2025-01-22,Overheating,Breakdown,208863,46240.0,3,Overheating at 208863 km
3643,55,2025-01-30,Oil Change,Preventive,209470,34920.0,0,Oil Change at 209470 km
3644,55,2025-03-11,Wiper Replacement,Preventive,216742,7250.0,0,Wiper Replacement at 216742 km
3645,55,2025-03-18,Alignment,Preventive,218238,10140.0,0,Alignment at 218238 km
3646,55,2025-04-17,Tire Rotation,Preventive,224692,7120.0,0,Tire Rotation at 224692 km
3647,55,2025-04-19,Air Filter,Preventive,224833,5710.0,0,Air Filter at 224833 km
3648,55,2025-05-08,Lubrication Failure,Breakdown,227996,134100.0,3,Lubrication Failure at 227996 km
3649,55,2025-06-12,Brake Failure,Breakdown,235407,150170.0,9,Brake Failure at 235407 km
3650,55,2025-08-08,Tire Rotation,Preventive,243526,8680.0,0,Tire Rotation at 243526 km
3651,55,2025-08-11,Engine Failure,Breakdown,244214,1466430.0,6,Engine Failure at 244214 km
3652,55,2025-08-22,Lubrication Failure,Breakdown,245214,493770.0,3,Lubrication Failure at 245214 km
3653,55,2025-10-19,Air Filter,Preventive,255264,9150.0,0,Air Filter at 255264 km
3654,55,2025-10-21,Overheating,Breakdown,255884,106780.0,6,Overheating at 255884 km
3655,55,2025-10-30,Alignment,Preventive,256613,7080.0,0,Alignment at 256613 km
3656,55,2025-11-15,Lubrication Failure,Breakdown,260106,198500.0,6,Lubrication Failure at 260106 km
3657,55,2025-11-28,Brake Failure,Breakdown,261923,63000.0,2,Brake Failure at 261923 km
3658,55,2025-12-08,Tire Rotation,Preventive,263256,4950.0,0,Tire Rotation at 263256 km
3659,55,2025-12-12,Transmission Service,Preventive,264328,95570.0,0,Transmission Service at 264328 km
3660,56,2023-02-19,Air Filter,Preventive,59671,4190.0,0,Air Filter at 59671 km
3661,56,2023-03-01,Tire Rotation,Preventive,61674,4880.0,0,Tire Rotation at 61674 km
3662,56,2023-03-24,Oil Change,Preventive,66854,14560.0,0,Oil Change at 66854 km
3663,56,2023-05-11,Brake Inspection,Preventive,76026,24990.0,0,Brake Inspection at 76026 km
3664,56,2023-05-12,Alignment,Preventive,76026,7910.0,0,Alignment at 76026 km
3665,56,2023-05-15,Tire Rotation,Preventive,76618,4740.0,0,Tire Rotation at 76618 km
3666,56,2023-05-22,Engine Tune-Up,Preventive,78001,43410.0,0,Engine Tune-Up at 78001 km
3667,56,2023-05-25,Lubrication Failure,Breakdown,78726,126050.0,2,Lubrication Failure at 78726 km
3668,56,2023-06-11,Air Filter,Preventive,81878,8130.0,0,Air Filter at 81878 km
3669,56,2023-06-23,Wiper Replacement,Preventive,83924,2920.0,0,Wiper Replacement at 83924 km
3670,56,2023-07-27,Transmission Service,Preventive,90310,61550.0,0,Transmission Service at 90310 km
3671,56,2023-08-05,Tire Rotation,Preventive,92223,3980.0,0,Tire Rotation at 92223 km
3672,56,2023-08-07,Overheating,Breakdown,92514,37420.0,3,Overheating at 92514 km
3673,56,2023-08-16,Oil Change,Preventive,93679,30440.0,0,Oil Change at 93679 km
3674,56,2023-10-15,Air Filter,Preventive,105286,7380.0,0,Air Filter at 105286 km
3675,56,2023-10-22,Brake Inspection,Preventive,106256,31480.0,0,Brake Inspection at 106256 km
3676,56,2023-10-24,Alignment,Preventive,106256,6150.0,0,Alignment at 106256 km
3677,56,2023-10-30,Tire Rotation,Preventive,107393,6280.0,0,Tire Rotation at 107393 km
3678,56,2023-11-11,Oil Change,Preventive,109763,15960.0,0,Oil Change at 109763 km
3679,56,2024-01-09,Tire Rotation,Preventive,123007,5950.0,0,Tire Rotation at 123007 km
3680,56,2024-01-11,Engine Tune-Up,Preventive,123367,43120.0,0,Engine Tune-Up at 123367 km
3681,56,2024-01-17,Oil Change,Preventive,124725,32260.0,0,Oil Change at 124725 km
3682,56,2024-02-02,Air Filter,Preventive,127820,7340.0,0,Air Filter at 127820 km
3683,56,2024-03-22,Brake Inspection,Preventive,136350,44960.0,0,Brake Inspection at 136350 km
3684,56,2024-03-23,Alignment,Preventive,136350,6610.0,0,Alignment at 136350 km
3685,56,2024-04-03,Tire Rotation,Preventive,138941,4790.0,0,Tire Rotation at 138941 km
3686,56,2024-04-12,Oil Change,Preventive,140601,20480.0,0,Oil Change at 140601 km
3687,56,2024-06-05,Air Filter,Preventive,152201,8720.0,0,Air Filter at 152201 km
3688,56,2024-06-10,Coolant Flush,Preventive,152647,21830.0,0,Coolant Flush at 152647 km
3689,56,2024-07-03,Oil Change,Preventive,157804,15150.0,0,Oil Change at 157804 km
3690,56,2024-07-07,Tire Rotation,Preventive,158228,6430.0,0,Tire Rotation at 158228 km
3691,56,2024-07-31,Engine Failure,Breakdown,163559,203800.0,6,Engine Failure at 163559 km
3692,56,2024-08-20,Brake Inspection,Preventive,166362,22170.0,0,Brake Inspection at 166362 km
3693,56,2024-08-21,Alignment,Preventive,166362,9160.0,0,Alignment at 166362 km
3694,56,2024-09-18,Oil Change,Preventive,172942,29410.0,0,Oil Change at 172942 km
3695,56,2024-09-19,Wiper Replacement,Preventive,172942,4950.0,0,Wiper Replacement at 172942 km
3696,56,2024-09-24,Tire Rotation,Preventive,173327,5370.0,0,Tire Rotation at 173327 km
3697,56,2024-10-02,Air Filter,Preventive,175004,5800.0,0,Air Filter at 175004 km
3698,56,2024-10-09,Battery Replacement,Preventive,176411,59640.0,0,Battery Replacement at 176411 km
3699,56,2024-10-25,Transmission Service,Preventive,180806,116630.0,0,Transmission Service at 180806 km
3700,56,2024-11-23,Lubrication Failure,Breakdown,187634,80470.0,8,Lubrication Failure at 187634 km
3701,56,2024-12-07,Tire Rotation,Preventive,188522,4900.0,0,Tire Rotation at 188522 km
3702,56,2025-01-21,Brake Inspection,Preventive,196133,19890.0,0,Brake Inspection at 196133 km
3703,56,2025-01-29,Air Filter,Preventive,197226,14780.0,0,Air Filter at 197226 km
3704,56,2025-01-31,Alignment,Preventive,197415,11750.0,0,Alignment at 197415 km
3705,56,2025-02-20,Brake Failure,Breakdown,201245,54700.0,3,Brake Failure at 201245 km
3706,56,2025-02-26,Lubrication Failure,Breakdown,202247,81770.0,1,Lubrication Failure at 202247 km
3707,56,2025-03-09,Tire Rotation,Preventive,203808,7800.0,0,Tire Rotation at 203808 km
3708,56,2025-03-30,Engine Tune-Up,Preventive,208497,41280.0,0,Engine Tune-Up at 208497 km
3709,56,2025-04-19,Coolant Flush,Preventive,212213,12030.0,0,Coolant Flush at 212213 km
3710,56,2025-05-08,Lubrication Failure,Breakdown,215257,159640.0,5,Lubrication Failure at 215257 km
3711,56,2025-05-26,Tire Rotation,Preventive,219181,4710.0,0,Tire Rotation at 219181 km
3712,56,2025-06-01,Air Filter,Preventive,221079,10960.0,0,Air Filter at 221079 km
3713,56,2025-07-08,Alignment,Preventive,227565,12750.0,0,Alignment at 227565 km
3714,56,2025-07-23,Oil Change,Preventive,231093,33660.0,0,Oil Change at 231093 km
3715,56,2025-07-24,Brake Inspection,Preventive,231093,32260.0,0,Brake Inspection at 231093 km
3716,56,2025-08-22,Tire Rotation,Preventive,236853,5400.0,0,Tire Rotation at 236853 km
3717,56,2025-09-23,Lubrication Failure,Breakdown,243193,121490.0,2,Lubrication Failure at 243193 km
3718,56,2025-10-01,Air Filter,Preventive,244066,8000.0,0,Air Filter at 244066 km
3719,56,2025-11-06,Tire Rotation,Preventive,251776,9440.0,0,Tire Rotation at 251776 km
3720,56,2025-11-21,Overheating,Breakdown,255973,44860.0,4,Overheating at 255973 km
3721,56,2025-11-26,Engine Tune-Up,Preventive,255973,38180.0,0,Engine Tune-Up at 255973 km
3722,56,2025-12-04,Alignment,Preventive,257401,10010.0,0,Alignment at 257401 km
3723,56,2025-12-15,Oil Change,Preventive,258872,33600.0,0,Oil Change at 258872 km
3724,56,2025-12-22,Wiper Replacement,Preventive,260413,5990.0,0,Wiper Replacement at 260413 km
3725,56,2025-12-26,Brake Inspection,Preventive,261282,34760.0,0,Brake Inspection at 261282 km
3726,57,2023-03-13,Tire Rotation,Preventive,48705,3120.0,0,Tire Rotation at 48705 km
3727,57,2023-03-25,Brake Failure,Breakdown,51522,108900.0,3,Brake Failure at 51522 km
3728,57,2023-04-06,Oil Change,Preventive,52835,28360.0,0,Oil Change at 52835 km
3729,57,2023-04-24,Engine Failure,Breakdown,56496,134730.0,2,Engine Failure at 56496 km
3730,57,2023-05-22,Transmission Failure,Breakdown,62687,146560.0,2,Transmission Failure at 62687 km
3731,57,2023-05-25,Air Filter,Preventive,62687,9170.0,0,Air Filter at 62687 km
3732,57,2023-06-18,Tire Rotation,Preventive,67960,3300.0,0,Tire Rotation at 67960 km
3733,57,2023-06-26,Alignment,Preventive,69071,5590.0,0,Alignment at 69071 km
3734,57,2023-07-13,Oil Change,Preventive,72245,15960.0,0,Oil Change at 72245 km
3735,57,2023-09-05,Coolant Flush,Preventive,82988,14700.0,0,Coolant Flush at 82988 km
3736,57,2023-10-01,Tire Rotation,Preventive,87750,4450.0,0,Tire Rotation at 87750 km
3737,57,2023-10-09,Brake Inspection,Preventive,89371,25500.0,0,Brake Inspection at 89371 km
3738,57,2023-10-20,Oil Change,Preventive,90797,29870.0,0,Oil Change at 90797 km
3739,57,2023-11-03,Air Filter,Preventive,94396,5960.0,0,Air Filter at 94396 km
3740,57,2023-12-01,Wiper Replacement,Preventive,99160,6650.0,0,Wiper Replacement at 99160 km
3741,57,2024-01-05,Brake Failure,Breakdown,106686,106570.0,4,Brake Failure at 106686 km
3742,57,2024-01-11,Tire Rotation,Preventive,106686,4480.0,0,Tire Rotation at 106686 km
3743,57,2024-01-15,Alignment,Preventive,106686,7060.0,0,Alignment at 106686 km
3744,57,2024-01-22,Engine Failure,Breakdown,108600,164670.0,4,Engine Failure at 108600 km
3745,57,2024-02-01,Oil Change,Preventive,109709,20600.0,0,Oil Change at 109709 km
3746,57,2024-03-30,Air Filter,Preventive,122514,3910.0,0,Air Filter at 122514 km
3747,57,2024-04-12,Brake Failure,Breakdown,125398,122230.0,4,Brake Failure at 125398 km
3748,57,2024-04-22,Tire Rotation,Preventive,127028,8210.0,0,Tire Rotation at 127028 km
3749,57,2024-05-05,Oil Change,Preventive,129085,25280.0,0,Oil Change at 129085 km
3750,57,2024-07-17,Transmission Failure,Breakdown,142198,223920.0,2,Transmission Failure at 142198 km
3751,57,2024-07-31,Alignment,Preventive,144070,8650.0,0,Alignment at 144070 km
3752,57,2024-08-15,Tire Rotation,Preventive,146263,4430.0,0,Tire Rotation at 146263 km
3753,57,2024-08-27,Oil Change,Preventive,148000,24020.0,0,Oil Change at 148000 km
3754,57,2024-09-18,Air Filter,Preventive,151795,7490.0,0,Air Filter at 151795 km
3755,57,2024-09-19,Overheating,Breakdown,152041,100210.0,2,Overheating at 152041 km
3756,57,2024-09-27,Lubrication Failure,Breakdown,152934,133780.0,4,Lubrication Failure at 152934 km
3757,57,2024-10-25,Engine Failure,Breakdown,157332,563350.0,1,Engine Failure at 157332 km
3758,57,2024-11-04,Transmission Failure,Breakdown,159579,138810.0,1,Transmission Failure at 159579 km
3759,57,2024-11-09,Overheating,Breakdown,160406,76430.0,1,Overheating at 160406 km
3760,57,2024-11-23,Brake Inspection,Preventive,162861,31300.0,0,Brake Inspection at 162861 km
3761,57,2024-12-05,Tire Rotation,Preventive,164955,4690.0,0,Tire Rotation at 164955 km
3762,57,2024-12-23,Battery Replacement,Preventive,168705,64030.0,0,Battery Replacement at 168705 km
3763,57,2025-01-09,Oil Change,Preventive,172005,27970.0,0,Oil Change at 172005 km
3764,57,2025-02-12,Air Filter,Preventive,179698,7730.0,0,Air Filter at 179698 km
3765,57,2025-02-18,Alignment,Preventive,181275,8740.0,0,Alignment at 181275 km
3766,57,2025-03-10,Tire Rotation,Preventive,184792,5230.0,0,Tire Rotation at 184792 km
3767,57,2025-04-06,Oil Change,Preventive,190689,37200.0,0,Oil Change at 190689 km
3768,57,2025-05-06,Wiper Replacement,Preventive,195900,4100.0,0,Wiper Replacement at 195900 km
3769,57,2025-05-09,Brake Failure,Breakdown,196295,196300.0,3,Brake Failure at 196295 km
3770,57,2025-06-19,Tire Rotation,Preventive,203697,4340.0,0,Tire Rotation at 203697 km
3771,57,2025-07-11,Air Filter,Preventive,207608,9120.0,0,Air Filter at 207608 km
3772,57,2025-07-16,Brake Failure,Breakdown,208512,123030.0,4,Brake Failure at 208512 km
3773,57,2025-07-21,Engine Failure,Breakdown,208701,241500.0,2,Engine Failure at 208701 km
3774,57,2025-07-29,Oil Change,Preventive,209608,27680.0,0,Oil Change at 209608 km
3775,57,2025-09-07,Overheating,Breakdown,215726,71600.0,7,Overheating at 215726 km
3776,57,2025-09-30,Alignment,Preventive,218806,12130.0,0,Alignment at 218806 km
3777,57,2025-10-22,Tire Rotation,Preventive,222753,5680.0,0,Tire Rotation at 222753 km
3778,57,2025-10-24,Brake Failure,Breakdown,222943,74440.0,8,Brake Failure at 222943 km
3779,57,2025-11-27,Oil Change,Preventive,228167,19790.0,0,Oil Change at 228167 km
3780,58,2023-02-23,Lubrication Failure,Breakdown,111253,85190.0,3,Lubrication Failure at 111253 km
3781,58,2023-04-04,Tire Rotation,Preventive,118268,4020.0,0,Tire Rotation at 118268 km
3782,58,2023-04-12,Air Filter,Preventive,119841,9200.0,0,Air Filter at 119841 km
3783,58,2023-04-27,Alignment,Preventive,123982,8460.0,0,Alignment at 123982 km
3784,58,2023-05-02,Brake Inspection,Preventive,125298,21340.0,0,Brake Inspection at 125298 km
3785,58,2023-06-01,Oil Change,Preventive,129887,21760.0,0,Oil Change at 129887 km
3786,58,2023-07-02,Engine Tune-Up,Preventive,134823,25950.0,0,Engine Tune-Up at 134823 km
3787,58,2023-07-15,Tire Rotation,Preventive,137018,4970.0,0,Tire Rotation at 137018 km
3788,58,2023-08-02,Lubrication Failure,Breakdown,140404,151610.0,5,Lubrication Failure at 140404 km
3789,58,2023-09-03,Wiper Replacement,Preventive,145565,6140.0,0,Wiper Replacement at 145565 km
3790,58,2023-09-16,Air Filter,Preventive,147222,6910.0,0,Air Filter at 147222 km
3791,58,2023-10-19,Brake Failure,Breakdown,153779,138490.0,1,Brake Failure at 153779 km
3792,58,2023-10-30,Transmission Failure,Breakdown,154859,265700.0,6,Transmission Failure at 154859 km
3793,58,2023-11-09,Tire Rotation,Preventive,155916,4030.0,0,Tire Rotation at 155916 km
3794,58,2023-11-30,Oil Change,Preventive,160285,19530.0,0,Oil Change at 160285 km
3795,58,2023-12-05,Alignment,Preventive,160797,11050.0,0,Alignment at 160797 km
3796,58,2023-12-07,Coolant Flush,Preventive,161364,10270.0,0,Coolant Flush at 161364 km
3797,58,2024-02-12,Tire Rotation,Preventive,174777,6650.0,0,Tire Rotation at 174777 km
3798,58,2024-02-26,Air Filter,Preventive,176665,9070.0,0,Air Filter at 176665 km
3799,58,2024-03-04,Brake Failure,Breakdown,177806,113810.0,3,Brake Failure at 177806 km
3800,58,2024-03-15,Engine Failure,Breakdown,179540,212400.0,2,Engine Failure at 179540 km
3801,58,2024-03-19,Oil Change,Preventive,179728,17160.0,0,Oil Change at 179728 km
3802,58,2024-04-26,Overheating,Breakdown,187381,174390.0,1,Overheating at 187381 km
3803,58,2024-05-22,Tire Rotation,Preventive,193522,3170.0,0,Tire Rotation at 193522 km
3804,58,2024-06-10,Alignment,Preventive,197725,10620.0,0,Alignment at 197725 km
3805,58,2024-06-13,Oil Change,Preventive,197964,19570.0,0,Oil Change at 197964 km
3806,58,2024-07-20,Air Filter,Preventive,204335,8930.0,0,Air Filter at 204335 km
3807,58,2024-08-29,Tire Rotation,Preventive,212580,4000.0,0,Tire Rotation at 212580 km
3808,58,2024-09-03,Lubrication Failure,Breakdown,213721,100200.0,2,Lubrication Failure at 213721 km
3809,58,2024-09-11,Brake Inspection,Preventive,214369,54070.0,0,Brake Inspection at 214369 km
3810,58,2024-10-11,Lubrication Failure,Breakdown,221471,78770.0,6,Lubrication Failure at 221471 km
3811,58,2024-11-14,Engine Failure,Breakdown,226925,279220.0,3,Engine Failure at 226925 km
3812,58,2024-11-23,Engine Failure,Breakdown,228789,360800.0,1,Engine Failure at 228789 km
3813,58,2024-12-05,Tire Rotation,Preventive,230915,3640.0,0,Tire Rotation at 230915 km
3814,58,2024-12-12,Air Filter,Preventive,232712,6610.0,0,Air Filter at 232712 km
3815,58,2024-12-24,Alignment,Preventive,235161,8480.0,0,Alignment at 235161 km
3816,58,2025-01-02,Overheating,Breakdown,236909,66080.0,2,Overheating at 236909 km
3817,58,2025-01-07,Overheating,Breakdown,237372,77210.0,6,Overheating at 237372 km
3818,58,2025-01-20,Brake Failure,Breakdown,238655,57220.0,4,Brake Failure at 238655 km
3819,58,2025-02-01,Oil Change,Preventive,240052,20460.0,0,Oil Change at 240052 km
3820,58,2025-02-04,Transmission Failure,Breakdown,240650,226140.0,2,Transmission Failure at 240650 km
3821,58,2025-02-07,Wiper Replacement,Preventive,240650,5200.0,0,Wiper Replacement at 240650 km
3822,58,2025-02-13,Battery Replacement,Preventive,241701,68360.0,0,Battery Replacement at 241701 km
3823,58,2025-03-26,Tire Rotation,Preventive,249606,5750.0,0,Tire Rotation at 249606 km
3824,58,2025-05-16,Oil Change,Preventive,258463,17670.0,0,Oil Change at 258463 km
3825,58,2025-05-24,Air Filter,Preventive,260072,7610.0,0,Air Filter at 260072 km
3826,58,2025-05-27,Overheating,Breakdown,261050,43400.0,7,Overheating at 261050 km
3827,58,2025-06-15,Transmission Failure,Breakdown,264036,192300.0,2,Transmission Failure at 264036 km
3828,58,2025-07-15,Tire Rotation,Preventive,268519,7180.0,0,Tire Rotation at 268519 km
3829,58,2025-07-26,Alignment,Preventive,271712,14570.0,0,Alignment at 271712 km
3830,58,2025-08-01,Engine Failure,Breakdown,273091,237060.0,3,Engine Failure at 273091 km
3831,58,2025-08-11,Brake Failure,Breakdown,274448,108650.0,4,Brake Failure at 274448 km
3832,58,2025-08-27,Oil Change,Preventive,277087,19030.0,0,Oil Change at 277087 km
3833,58,2025-10-23,Tire Rotation,Preventive,288174,6480.0,0,Tire Rotation at 288174 km
3834,58,2025-10-25,Air Filter,Preventive,288174,9110.0,0,Air Filter at 288174 km
3835,58,2025-12-10,Oil Change,Preventive,296651,21380.0,0,Oil Change at 296651 km
