id,vehicle_id,reading_date,odometer_km,engine_rpm,lub_oil_pressure,fuel_pressure,coolant_pressure,lub_oil_temp,coolant_temp
1,1,2023-01-02,103281,854.0,3.046,6.861,1.253,73.392,87.655
2,1,2023-01-09,104897,729.0,3.107,6.621,2.587,77.243,68.687
3,1,2023-01-16,106297,1505.0,3.431,5.475,2.925,75.942,85.507
4,1,2023-01-23,107263,1002.0,3.29,10.325,2.558,76.74,79.598
5,1,2023-01-30,108276,707.0,2.593,8.76,1.57,80.712,70.542
6,1,2023-02-06,109279,889.0,2.994,8.054,5.314,74.312,81.951
7,1,2023-02-13,110210,960.0,3.652,9.396,3.338,76.622,86.445
8,1,2023-02-20,111641,1210.0,3.444,8.723,3.224,78.635,70.702
9,1,2023-02-27,112902,1079.0,2.589,5.559,2.175,77.482,75.707
10,1,2023-03-06,113861,627.0,3.935,5.897,2.04,77.188,63.85
11,1,2023-03-13,115461,1301.0,3.079,7.194,2.047,77.051,76.511
12,1,2023-03-20,117125,690.0,4.099,5.168,2.92,77.166,76.277
13,1,2023-03-27,117987,755.0,4.608,4.532,1.884,85.492,70.924
14,1,2023-04-03,118682,944.0,4.896,6.179,3.077,80.488,82.669
15,1,2023-04-10,119980,622.0,2.746,3.827,3.961,74.427,67.793
16,1,2023-04-17,121337,584.0,2.717,7.157,2.37,78.09,79.856
17,1,2023-04-24,123051,1230.0,4.011,10.341,1.423,77.115,76.953
18,1,2023-05-01,124075,1434.0,4.615,5.687,1.107,84.633,79.704
19,1,2023-05-08,125853,825.0,4.154,7.029,1.294,78.418,79.146
20,1,2023-05-15,126082,530.0,0.98,7.174,1.539,76.793,81.673
21,1,2023-05-22,127120,483.0,5.361,3.745,0.729,77.372,79.507
22,1,2023-05-29,128824,1296.0,2.413,7.132,1.991,77.425,75.388
23,1,2023-06-05,130331,1034.0,4.984,6.148,1.445,76.483,75.626
24,1,2023-06-12,131316,468.0,2.781,6.005,1.697,78.172,78.141
25,1,2023-06-19,132575,627.0,2.533,7.276,2.308,76.02,82.724
26,1,2023-06-26,133887,532.0,3.461,6.187,1.415,83.707,85.069
27,1,2023-07-03,135622,610.0,3.085,16.346,2.249,75.77,67.645
28,1,2023-07-10,136511,555.0,3.295,6.808,3.091,77.793,70.478
29,1,2023-07-17,137828,842.0,3.973,5.893,0.985,76.362,81.239
30,1,2023-07-24,138627,593.0,3.563,14.935,1.574,73.638,84.099
31,1,2023-07-31,139196,346.0,2.426,5.633,1.884,75.163,68.236
32,1,2023-08-07,140043,1026.0,3.54,4.751,1.941,86.879,82.723
33,1,2023-08-14,141517,1078.0,4.785,8.032,2.73,76.487,77.165
34,1,2023-08-21,142954,787.0,4.045,8.285,2.99,76.225,68.2
35,1,2023-08-28,144639,692.0,4.355,5.457,2.394,75.663,89.668
36,1,2023-09-04,146862,535.0,2.702,9.937,2.48,77.77,79.853
37,1,2023-09-11,147562,642.0,3.421,3.1,1.704,83.136,68.686
38,1,2023-09-18,148587,605.0,4.866,8.073,2.755,76.536,87.712
39,1,2023-09-25,149371,818.0,2.498,5.595,2.211,79.153,72.517
40,1,2023-10-02,150512,561.0,3.134,6.004,1.995,74.77,74.352
41,1,2023-10-09,151912,806.0,3.9,5.227,2.794,74.17,70.068
42,1,2023-10-16,153556,626.0,2.47,6.195,2.2,75.204,81.195
43,1,2023-10-23,154717,766.0,2.828,4.557,1.506,82.842,83.461
44,1,2023-10-30,157145,719.0,2.114,3.917,2.466,75.707,73.735
45,1,2023-11-06,158724,692.0,5.008,4.91,2.079,87.768,73.187
46,1,2023-11-13,159840,898.0,2.613,5.442,1.766,77.091,84.19
47,1,2023-11-20,161043,639.0,5.211,8.093,2.835,77.026,68.097
48,1,2023-11-27,162781,659.0,2.811,13.131,5.917,84.539,68.017
49,1,2023-12-04,163722,626.0,2.608,6.713,3.085,73.852,76.558
50,1,2023-12-11,164098,555.0,4.648,5.763,1.578,76.763,69.53
51,1,2023-12-18,165083,516.0,2.867,7.087,2.568,76.577,73.88
52,1,2023-12-25,166532,1128.0,3.072,8.674,1.456,77.662,71.668
53,1,2024-01-01,167897,717.0,3.031,7.099,1.951,75.686,81.908
54,1,2024-01-08,169015,681.0,1.88,5.973,2.914,79.109,72.128
55,1,2024-01-15,170768,451.0,2.348,5.803,1.157,75.373,82.144
56,1,2024-01-22,171295,599.0,2.593,3.681,3.657,81.887,73.95
57,1,2024-01-29,172885,874.0,2.18,5.193,1.354,76.561,72.372
58,1,2024-02-05,173776,428.0,3.84,5.791,2.237,74.269,72.483
59,1,2024-02-12,174591,427.0,3.657,9.633,1.423,77.258,66.449
60,1,2024-02-19,175080,512.0,4.179,4.532,2.324,76.363,79.625
61,1,2024-02-26,176802,579.0,4.38,8.426,2.358,76.218,84.939
62,1,2024-03-04,177702,940.0,2.576,2.289,2.05,78.118,78.55
63,1,2024-03-11,178717,847.0,2.773,5.065,2.046,77.785,67.919
64,1,2024-03-18,179948,595.0,2.581,15.79,1.42,76.33,72.86
65,1,2024-03-25,181291,609.0,2.253,9.82,1.472,73.927,77.867
66,1,2024-04-01,182855,1328.0,2.158,6.964,2.86,79.234,68.312
67,1,2024-04-08,183942,609.0,3.328,8.851,1.803,76.572,93.603
68,1,2024-04-15,185198,488.0,2.301,7.536,2.428,77.364,80.632
69,1,2024-04-22,186579,447.0,2.666,5.09,2.042,77.956,75.075
70,1,2024-04-29,187955,429.0,2.568,5.67,2.774,77.991,84.218
71,1,2024-05-06,189165,1016.0,1.583,5.535,1.686,75.949,73.094
72,1,2024-05-13,190261,877.0,2.879,4.829,1.464,75.723,83.613
73,1,2024-05-20,191861,866.0,2.756,6.347,3.737,74.977,79.164
74,1,2024-05-27,193011,787.0,2.441,11.364,1.886,74.623,75.234
75,1,2024-06-03,194129,540.0,2.714,6.559,3.255,76.524,82.046
76,1,2024-06-10,195477,633.0,4.103,5.145,1.662,74.746,69.809
77,1,2024-06-17,196820,722.0,4.692,3.606,3.209,78.154,69.717
78,1,2024-06-24,198701,970.0,4.347,3.744,1.172,84.507,87.992
79,1,2024-07-01,200371,507.0,2.324,11.766,2.306,75.068,85.098
80,1,2024-07-08,201169,508.0,4.193,5.292,2.241,76.352,85.61
81,1,2024-07-15,202659,701.0,2.566,6.43,1.577,75.331,75.203
82,1,2024-07-22,203697,691.0,4.553,9.368,1.69,77.082,93.785
83,1,2024-07-29,205347,1200.0,1.856,4.243,4.829,76.516,81.679
84,1,2024-08-05,206582,519.0,4.706,10.643,1.659,77.052,77.006
85,1,2024-08-12,207355,1052.0,3.336,6.074,1.432,77.53,73.36
86,1,2024-08-19,209256,798.0,2.322,7.675,1.832,77.123,72.51
87,1,2024-08-26,210960,537.0,2.862,4.277,1.646,73.957,77.007
88,1,2024-09-02,212556,1463.0,4.246,5.3,2.644,82.964,79.355
89,1,2024-09-09,213829,609.0,3.247,12.99,1.257,79.199,81.72
90,1,2024-09-16,215085,547.0,2.706,5.493,2.491,76.698,74.342
91,1,2024-09-23,216428,435.0,2.705,6.9,1.182,77.669,73.296
92,1,2024-09-30,217136,730.0,2.456,5.74,3.159,76.402,72.326
93,1,2024-10-07,218812,495.0,4.797,4.833,2.644,76.344,86.669
94,1,2024-10-14,220219,581.0,4.792,6.065,6.202,77.412,89.579
95,1,2024-10-21,221771,1123.0,2.21,5.535,1.773,77.227,83.675
96,1,2024-10-28,223284,661.0,1.608,16.181,2.15,75.0,76.515
97,1,2024-11-04,224549,664.0,2.295,4.082,2.841,75.743,75.768
98,1,2024-11-18,227262,768.0,3.192,4.494,2.583,78.097,84.971
99,1,2024-11-25,228850,940.0,4.048,7.404,1.739,76.117,80.775
100,1,2024-12-02,230260,811.0,4.128,4.0,2.003,85.728,79.396
101,1,2024-12-09,231232,1376.0,3.533,7.869,2.391,77.072,75.065
102,1,2024-12-16,232264,1150.0,3.499,4.032,3.18,82.307,75.143
103,1,2024-12-23,232781,1154.0,3.594,4.144,2.437,76.984,81.076
104,1,2024-12-30,234233,646.0,4.182,3.798,1.718,75.134,80.278
105,1,2025-01-06,235443,857.0,3.831,5.561,1.785,75.858,87.513
106,1,2025-01-13,236320,452.0,5.112,6.668,2.045,74.641,88.972
107,1,2025-01-20,237946,935.0,3.082,5.637,1.54,80.64,75.446
108,1,2025-01-27,239587,490.0,2.159,4.838,1.574,74.824,74.319
109,1,2025-02-03,241007,907.0,4.039,8.086,0.434,86.421,90.686
110,1,2025-02-10,242554,479.0,1.954,5.349,4.871,75.385,76.067
111,1,2025-02-17,243775,618.0,4.753,12.758,1.261,81.396,67.849
112,1,2025-02-24,244823,765.0,4.028,10.056,1.436,74.742,80.223
113,1,2025-03-03,246469,1050.0,3.625,3.011,1.394,78.201,80.523
114,1,2025-03-10,247503,1104.0,4.588,5.58,2.894,79.391,79.79
115,1,2025-03-24,250861,505.0,3.433,4.838,1.056,77.34,69.707
116,1,2025-03-31,251812,732.0,3.228,7.786,1.448,74.976,64.924
117,1,2025-04-07,253056,432.0,2.016,5.119,1.441,76.924,76.345
118,1,2025-04-21,254097,847.0,2.72,5.558,0.776,77.581,82.627
119,1,2025-04-28,255398,853.0,3.611,9.021,1.78,79.252,82.287
120,1,2025-05-05,256624,608.0,3.677,6.944,1.901,74.777,77.125
121,1,2025-05-12,258128,923.0,2.965,5.94,4.129,77.419,73.817
122,1,2025-05-19,258790,799.0,4.385,9.715,0.202,76.764,73.987
123,1,2025-05-26,260178,605.0,3.851,4.829,2.335,86.325,77.165
124,1,2025-06-02,261964,803.0,3.107,7.007,1.203,78.006,84.706
125,1,2025-06-09,264030,811.0,4.06,5.39,1.868,76.589,78.553
126,1,2025-06-16,265020,376.0,4.11,3.999,3.106,74.211,76.223
127,1,2025-06-23,266347,769.0,3.415,5.806,1.841,75.133,78.471
128,1,2025-06-30,268412,529.0,2.484,6.976,5.508,80.447,81.255
129,1,2025-07-07,269790,1094.0,3.311,6.015,1.105,76.065,67.487
130,1,2025-07-14,270661,585.0,3.635,5.104,1.918,77.146,74.179
131,1,2025-07-21,272108,735.0,2.004,5.424,2.252,87.886,78.752
132,1,2025-07-28,273484,1019.0,3.868,4.379,2.731,77.833,77.833
133,1,2025-08-04,274191,642.0,3.421,3.1,1.704,83.136,68.686
134,1,2025-08-11,275232,740.0,2.498,5.35,1.466,85.65,68.762
135,1,2025-08-18,276464,949.0,2.692,7.908,1.261,74.988,72.917
136,1,2025-09-01,277655,2163.0,4.335,3.147,1.504,77.097,77.616
137,1,2025-09-08,280005,1102.0,2.298,5.777,2.949,74.33,75.436
138,1,2025-09-15,281684,830.0,2.943,6.472,2.429,75.425,80.325
139,1,2025-09-22,282980,793.0,2.796,8.294,2.033,75.305,73.83
140,1,2025-09-29,283230,524.0,4.073,6.866,1.352,75.718,86.261
141,1,2025-10-06,284421,1043.0,4.532,5.603,1.424,74.86,89.829
142,1,2025-10-13,285344,1022.0,4.061,9.043,2.48,77.65,74.724
143,1,2025-10-20,286873,1196.0,2.944,9.668,1.416,78.145,73.863
144,1,2025-10-27,288021,993.0,3.192,5.181,1.456,77.558,76.506
145,1,2025-11-03,290081,535.0,4.149,3.912,5.22,84.961,63.288
146,1,2025-11-10,292179,812.0,2.004,6.799,1.465,84.288,87.098
147,1,2025-11-17,293447,1247.0,2.499,2.605,2.979,75.728,76.334
148,1,2025-11-24,294413,616.0,2.799,4.367,6.1,75.91,89.152
149,1,2025-12-01,296354,1050.0,3.441,5.184,1.977,74.593,86.838
150,1,2025-12-08,297429,1223.0,2.577,5.319,2.944,76.535,84.006
151,1,2025-12-15,298846,453.0,1.793,6.125,2.955,76.928,79.704
152,1,2025-12-22,300970,1081.0,2.55,6.103,2.291,76.193,75.078
153,1,2025-12-29,302384,704.0,2.268,10.013,2.148,76.248,88.933
154,2,2023-01-02,112817,477.0,2.868,4.133,6.946,77.071,76.215
155,2,2023-01-09,113868,631.0,4.706,5.593,3.204,75.955,81.251
156,2,2023-01-16,115556,871.0,2.8,15.397,2.948,76.102,75.567
157,2,2023-01-23,116875,723.0,3.729,5.262,3.731,83.842,73.901
158,2,2023-01-30,117970,1193.0,2.169,5.623,2.923,77.554,79.535
159,2,2023-02-06,118930,610.0,2.268,6.99,0.928,75.493,73.676
160,2,2023-02-13,119897,1110.0,3.199,15.043,2.474,76.527,80.061
161,2,2023-02-20,121511,681.0,4.68,6.322,2.082,77.826,84.125
162,2,2023-02-27,122480,838.0,2.882,13.325,4.403,77.391,77.745
163,2,2023-03-06,123427,837.0,4.952,6.138,1.469,79.488,88.798
164,2,2023-03-13,124927,719.0,2.363,10.284,2.761,76.589,72.016
165,2,2023-03-20,126451,466.0,2.407,7.453,1.359,76.753,88.498
166,2,2023-03-27,127781,672.0,5.852,6.092,2.219,77.812,68.727
167,2,2023-04-03,128488,777.0,2.902,14.999,0.716,77.463,85.684
168,2,2023-04-10,129857,453.0,4.206,5.789,4.07,78.039,79.052
169,2,2023-04-17,130691,935.0,3.846,5.382,2.675,74.571,80.241
170,2,2023-04-24,132244,1376.0,3.095,4.06,2.496,77.64,90.101
171,2,2023-05-01,133410,543.0,2.206,6.793,2.307,73.575,70.948
172,2,2023-05-08,134680,1330.0,2.574,8.465,1.868,77.071,83.94
173,2,2023-05-15,136396,919.0,3.616,5.616,3.022,76.919,78.004
174,2,2023-05-22,137492,805.0,3.983,12.727,1.684,81.113,80.709
175,2,2023-05-29,138646,1108.0,2.541,15.564,2.892,76.161,82.634
176,2,2023-06-05,139954,1330.0,4.325,4.926,2.114,79.996,68.985
177,2,2023-06-12,141492,727.0,3.38,6.096,3.022,75.252,79.408
178,2,2023-06-19,142827,658.0,2.044,9.326,2.102,86.235,83.897
179,2,2023-06-26,143792,642.0,2.871,16.356,2.152,77.717,80.658
180,2,2023-07-03,145563,691.0,3.115,8.881,2.53,76.42,84.946
181,2,2023-07-10,147606,389.0,3.246,11.097,1.448,76.668,75.544
182,2,2023-07-17,149361,655.0,2.711,5.944,2.488,75.984,72.754
183,2,2023-07-24,150166,493.0,3.791,9.372,2.123,77.698,64.997
184,2,2023-07-31,151627,816.0,2.428,3.109,2.849,76.676,75.859
185,2,2023-08-07,152748,1606.0,4.473,3.704,1.172,81.966,84.508
186,2,2023-08-14,154881,1047.0,2.527,4.303,5.141,77.999,77.287
187,2,2023-08-21,155408,701.0,2.264,5.336,0.855,77.335,78.013
188,2,2023-08-28,156861,742.0,3.747,4.959,2.176,79.961,75.685
189,2,2023-09-04,158224,866.0,4.684,8.392,4.536,75.922,81.695
190,2,2023-09-11,159690,576.0,1.655,6.678,1.919,77.643,77.759
191,2,2023-09-18,161303,641.0,2.487,7.211,1.745,75.477,72.833
192,2,2023-09-25,162732,673.0,4.591,2.331,1.712,75.842,74.277
193,2,2023-10-02,163911,489.0,4.471,7.377,1.206,80.625,70.107
194,2,2023-10-09,165077,503.0,3.809,7.975,3.216,74.234,72.927
195,2,2023-10-16,166670,917.0,2.775,16.566,2.685,75.793,81.853
196,2,2023-10-23,167822,1099.0,2.834,3.339,2.928,76.746,71.088
197,2,2023-10-30,170216,1205.0,2.035,6.295,2.741,76.116,81.346
198,2,2023-11-06,170436,566.0,4.256,12.606,1.387,74.882,77.867
199,2,2023-11-13,171780,701.0,5.882,4.43,1.662,76.08,79.458
200,2,2023-11-20,173050,562.0,4.202,4.101,2.561,75.896,84.932
201,2,2023-11-27,174655,1115.0,3.932,3.549,2.029,78.433,85.139
202,2,2023-12-04,176326,910.0,3.261,15.661,2.156,76.442,71.109
203,2,2023-12-11,177549,595.0,2.711,7.367,4.075,73.249,67.001
204,2,2023-12-18,178681,468.0,2.781,6.005,1.697,78.172,78.141
205,2,2023-12-25,179333,801.0,4.662,3.658,2.924,77.133,88.076
206,2,2024-01-01,180617,1276.0,3.862,7.228,1.538,73.973,89.837
207,2,2024-01-08,181132,714.0,2.423,4.973,5.29,76.957,87.864
208,2,2024-01-15,182489,1435.0,2.624,8.573,2.31,76.199,90.046
209,2,2024-01-22,183657,534.0,2.743,8.271,2.476,73.74,71.637
210,2,2024-01-29,185392,953.0,4.849,5.461,2.404,77.604,89.794
211,2,2024-02-05,186562,1196.0,2.944,9.668,1.416,78.145,73.863
212,2,2024-02-12,187403,932.0,2.146,5.141,1.354,74.529,69.285
213,2,2024-02-19,188946,738.0,2.772,8.3,1.195,76.085,79.279
214,2,2024-02-26,190413,720.0,2.906,5.108,1.506,75.624,77.252
215,2,2024-03-04,191299,567.0,2.523,7.335,2.592,76.497,72.616
216,2,2024-03-11,193340,812.0,3.11,5.864,1.316,78.34,89.33
217,2,2024-03-18,195265,931.0,4.303,8.465,1.776,74.078,85.882
218,2,2024-03-25,196133,500.0,3.26,6.392,3.067,76.068,86.473
219,2,2024-04-01,197992,907.0,3.656,6.398,6.269,84.983,77.235
220,2,2024-04-08,199575,969.0,3.747,9.109,1.873,75.684,76.192
221,2,2024-04-15,200519,1022.0,2.114,7.853,3.985,77.537,80.852
222,2,2024-04-22,201675,814.0,1.306,4.714,1.701,77.536,70.212
223,2,2024-04-29,203419,863.0,2.71,6.893,2.146,88.424,75.849
224,2,2024-05-06,204080,567.0,3.164,4.293,1.622,75.449,80.18
225,2,2024-05-13,205532,850.0,3.662,4.451,5.15,76.646,91.807
226,2,2024-05-20,207045,783.0,3.028,4.339,1.037,76.639,77.536
227,2,2024-05-27,208774,502.0,3.551,7.434,5.482,75.746,68.998
228,2,2024-06-03,210618,998.0,2.149,9.006,2.012,83.984,83.414
229,2,2024-06-10,211389,632.0,4.196,6.565,1.776,74.932,69.853
230,2,2024-06-17,212137,648.0,2.412,0.298,1.734,82.044,70.235
231,2,2024-06-24,213476,551.0,4.574,6.821,0.336,81.799,82.018
232,2,2024-07-01,214778,627.0,3.935,5.897,2.04,77.188,63.85
233,2,2024-07-08,216384,563.0,2.934,13.86,1.766,74.508,78.465
234,2,2024-07-15,217420,867.0,4.402,4.66,1.726,75.684,78.945
235,2,2024-07-22,218236,823.0,2.862,10.338,2.327,76.755,78.383
236,2,2024-07-29,219670,1186.0,3.626,7.057,1.698,80.646,68.319
237,2,2024-08-05,221322,1404.0,3.264,8.052,1.112,77.175,75.227
238,2,2024-08-12,222231,665.0,2.808,8.649,2.046,75.749,73.401
239,2,2024-08-19,223600,1160.0,1.938,5.514,2.079,76.704,74.458
240,2,2024-08-26,224277,662.0,2.472,4.56,3.172,76.63,77.293
241,2,2024-09-02,225499,685.0,2.238,8.059,3.378,76.821,73.618
242,2,2024-09-09,227601,675.0,3.141,6.207,1.753,77.58,76.916
243,2,2024-09-16,229036,1306.0,4.53,5.349,2.677,75.643,72.773
244,2,2024-09-23,229925,601.0,1.867,6.718,1.58,75.348,83.061
245,2,2024-09-30,231056,507.0,2.824,6.577,2.109,85.462,86.781
246,2,2024-10-07,232181,1027.0,2.539,6.921,1.333,77.728,72.767
247,2,2024-10-14,233911,743.0,2.113,3.676,2.125,76.8,85.062
248,2,2024-10-21,235302,968.0,2.962,5.093,1.098,75.53,81.091
249,2,2024-10-28,236657,635.0,2.136,5.858,1.197,74.294,72.665
250,2,2024-11-04,237115,450.0,3.403,8.446,2.792,77.067,73.674
251,2,2024-11-11,238728,694.0,2.901,6.424,1.572,76.422,69.99
252,2,2024-11-18,239857,606.0,2.516,5.785,6.091,76.725,75.825
253,2,2024-11-25,241483,685.0,5.057,8.183,1.8,76.211,85.795
254,2,2024-12-02,242748,787.0,2.726,5.339,2.158,73.711,85.694
255,2,2024-12-09,243882,411.0,4.724,4.928,2.077,76.133,78.571
256,2,2024-12-16,245152,916.0,4.537,7.719,7.138,76.894,74.348
257,2,2024-12-23,246763,576.0,4.059,8.382,5.305,76.519,91.641
258,2,2024-12-30,248672,1118.0,2.505,4.616,4.903,77.006,74.768
259,2,2025-01-06,250397,686.0,2.831,6.842,2.524,82.867,68.398
260,2,2025-01-13,251602,910.0,2.752,10.757,2.576,76.618,78.802
261,2,2025-01-20,253577,841.0,3.389,8.607,2.183,77.542,68.606
262,2,2025-01-27,254834,914.0,5.065,7.594,1.922,75.392,70.993
263,2,2025-02-03,256562,830.0,3.672,6.421,1.72,77.145,82.425
264,2,2025-02-10,258016,1265.0,2.353,10.167,2.473,76.291,84.679
265,2,2025-02-17,259129,415.0,4.089,5.039,1.971,85.151,74.017
266,2,2025-02-24,261012,429.0,4.528,17.888,6.53,76.797,80.07
267,2,2025-03-03,262108,855.0,2.711,4.274,4.787,77.533,82.278
268,2,2025-03-10,263152,515.0,4.243,6.827,3.068,77.193,91.532
269,2,2025-03-17,264530,527.0,2.6,7.067,2.633,82.472,81.09
270,2,2025-03-24,265568,642.0,4.072,4.658,1.395,77.615,68.612
271,2,2025-03-31,266582,883.0,5.014,7.307,1.275,76.567,79.517
272,2,2025-04-07,267576,668.0,4.09,7.945,2.627,85.631,84.537
273,2,2025-04-21,269632,433.0,2.939,9.807,2.212,75.463,71.195
274,2,2025-04-28,270206,500.0,1.879,1.769,1.512,75.249,72.622
275,2,2025-05-05,271422,787.0,4.55,4.146,1.507,77.66,77.491
276,2,2025-05-12,272975,703.0,5.129,7.951,3.061,79.176,84.169
277,2,2025-05-19,274764,636.0,5.235,6.998,2.437,74.873,84.004
278,2,2025-05-26,276671,714.0,2.815,4.878,2.977,73.781,85.103
279,2,2025-06-02,277935,786.0,4.09,6.255,2.023,75.629,81.815
280,2,2025-06-09,278925,683.0,4.354,6.025,3.333,79.952,80.579
281,2,2025-06-16,281160,980.0,1.923,6.315,2.982,81.972,74.107
282,2,2025-06-23,281973,617.0,4.525,3.117,2.914,80.521,72.234
283,2,2025-06-30,282715,663.0,3.125,5.647,2.986,76.086,74.525
284,2,2025-07-07,284670,770.0,2.204,7.418,1.409,75.541,76.968
285,2,2025-07-28,286303,1660.0,2.739,5.714,1.91,75.9,88.598
286,2,2025-08-04,287268,1076.0,4.461,8.998,3.122,81.325,75.209
287,2,2025-08-11,288358,915.0,5.331,7.455,3.158,76.271,65.333
288,2,2025-08-18,289530,694.0,2.734,4.946,0.806,75.924,84.293
289,2,2025-08-25,291502,407.0,2.481,4.011,2.575,77.848,84.937
290,2,2025-09-01,292374,864.0,4.174,6.186,2.557,74.785,82.94
291,2,2025-09-08,293128,955.0,2.395,6.369,1.982,74.624,80.35
292,2,2025-09-15,294996,628.0,4.047,6.471,2.945,75.186,84.149
293,2,2025-09-22,296000,884.0,2.286,11.479,2.495,76.985,80.892
294,2,2025-09-29,297413,636.0,3.135,7.054,1.714,77.158,89.171
295,2,2025-10-06,298768,801.0,4.96,6.064,2.404,83.48,83.616
296,2,2025-10-13,300045,1072.0,4.588,6.109,1.887,85.443,81.645
297,2,2025-10-20,301620,555.0,4.193,6.665,2.072,76.644,68.983
298,2,2025-10-27,302436,613.0,2.757,6.603,3.33,75.676,79.898
299,2,2025-11-03,303916,656.0,2.965,4.522,2.791,79.123,80.749
300,2,2025-11-10,305184,1047.0,4.526,9.852,1.437,77.491,85.095
301,2,2025-11-17,307408,787.0,2.838,8.8,1.523,77.893,80.512
302,2,2025-11-24,308788,603.0,3.962,4.79,1.693,76.98,79.126
303,2,2025-12-01,309850,451.0,3.962,5.367,1.601,77.994,84.211
304,2,2025-12-08,310819,497.0,2.378,5.32,4.306,74.702,71.297
305,2,2025-12-15,311848,708.0,2.522,5.337,2.582,75.762,67.938
306,2,2025-12-22,313398,733.0,3.889,7.109,2.332,74.707,79.598
307,2,2025-12-29,314772,847.0,4.153,9.805,2.95,76.422,72.291
308,3,2023-01-02,26702,566.0,2.749,3.629,2.605,78.364,75.316
309,3,2023-01-09,28193,673.0,2.07,6.279,1.379,75.195,77.034
310,3,2023-01-16,29683,861.0,4.179,8.848,1.377,76.172,81.141
311,3,2023-01-23,30583,501.0,3.562,5.902,2.219,75.976,76.083
312,3,2023-01-30,31994,515.0,4.476,10.311,2.412,77.721,71.123
313,3,2023-02-06,32774,692.0,3.629,7.165,1.376,84.676,78.647
314,3,2023-02-13,34304,792.0,2.641,6.095,1.702,81.187,82.334
315,3,2023-02-20,35887,612.0,3.521,6.021,2.758,76.149,87.679
316,3,2023-02-27,37890,415.0,4.431,8.899,3.827,77.424,68.716
317,3,2023-03-06,39632,570.0,2.692,8.216,3.057,82.997,67.075
318,3,2023-03-13,41083,543.0,1.923,5.531,2.435,77.616,85.346
319,3,2023-03-20,42929,857.0,1.872,3.124,1.267,81.921,84.439
320,3,2023-03-27,44285,984.0,4.31,7.528,2.754,76.235,68.037
321,3,2023-04-03,45716,545.0,2.879,7.144,1.106,80.733,87.375
322,3,2023-04-10,47415,444.0,3.037,7.542,1.687,74.056,81.556
323,3,2023-04-17,48688,953.0,3.782,9.728,2.884,75.485,78.794
324,3,2023-04-24,49887,814.0,3.683,6.412,2.493,76.635,86.139
325,3,2023-05-08,51129,825.0,5.076,4.545,4.488,75.576,80.175
326,3,2023-05-15,52008,1369.0,2.675,9.337,3.461,75.181,71.466
327,3,2023-05-29,53867,830.0,1.997,3.575,1.436,78.202,75.504
328,3,2023-06-05,55971,1275.0,3.18,6.813,3.015,77.691,79.396
329,3,2023-06-12,58040,1149.0,4.257,11.988,1.682,76.517,84.087
330,3,2023-06-19,59064,505.0,3.433,4.838,1.056,77.34,69.707
331,3,2023-06-26,61021,653.0,2.417,10.729,1.431,74.979,66.675
332,3,2023-07-03,62101,808.0,2.675,9.699,1.557,82.796,70.939
333,3,2023-07-10,64473,683.0,3.009,5.097,2.435,76.833,80.665
334,3,2023-07-17,65749,1376.0,3.435,4.178,4.356,77.061,73.332
335,3,2023-07-24,66788,756.0,2.244,6.409,2.197,75.025,76.168
336,3,2023-08-07,68340,571.0,5.172,7.442,2.281,76.505,68.764
337,3,2023-08-14,70436,511.0,3.45,12.84,1.836,74.368,78.903
338,3,2023-08-21,71785,792.0,4.274,6.724,2.223,76.861,90.038
339,3,2023-08-28,73069,657.0,3.614,14.19,1.629,75.889,80.222
340,3,2023-09-04,74428,413.0,1.682,8.23,2.489,73.679,80.507
341,3,2023-09-11,75882,587.0,3.128,5.318,1.568,74.99,71.837
342,3,2023-09-18,77350,1286.0,3.015,7.706,1.249,82.797,76.762
343,3,2023-09-25,78711,719.0,2.166,5.939,2.717,77.915,81.444
344,3,2023-10-02,79911,549.0,2.373,6.28,1.532,78.114,67.103
345,3,2023-10-09,81423,835.0,2.468,6.094,1.986,76.511,80.271
346,3,2023-10-16,83202,798.0,2.762,3.56,3.514,75.448,78.616
347,3,2023-10-23,84550,1206.0,2.845,4.304,1.631,77.007,73.593
348,3,2023-10-30,85265,1257.0,3.033,4.487,1.054,77.334,79.374
349,3,2023-11-06,86405,1126.0,2.86,7.256,2.024,75.019,77.782
350,3,2023-11-13,87683,1106.0,2.363,7.932,2.591,73.665,88.723
351,3,2023-11-20,89646,1025.0,3.615,7.025,1.448,83.77,89.233
352,3,2023-11-27,91424,827.0,2.51,4.059,3.146,77.769,79.127
353,3,2023-12-04,92566,2022.0,0.685,4.39,1.685,77.12,89.404
354,3,2023-12-11,93671,681.0,4.68,6.322,2.082,77.826,84.125
355,3,2023-12-18,95614,616.0,5.43,14.963,2.93,75.047,75.228
356,3,2023-12-25,96443,820.0,3.205,6.458,1.794,82.776,83.344
357,3,2024-01-01,98337,454.0,4.257,3.846,1.901,78.406,67.516
358,3,2024-01-08,100209,830.0,2.943,6.472,2.429,75.425,80.325
359,3,2024-01-15,101470,436.0,2.353,3.308,2.512,76.901,84.075
360,3,2024-01-22,102535,553.0,4.758,5.03,1.599,76.995,79.959
361,3,2024-01-29,103067,583.0,3.398,6.147,1.627,76.224,70.614
362,3,2024-02-05,104403,909.0,2.174,9.409,2.916,79.098,76.847
363,3,2024-02-12,106416,1082.0,2.469,5.989,1.691,84.701,72.825
364,3,2024-02-19,108452,1562.0,3.562,7.085,1.055,79.082,76.936
365,3,2024-02-26,109521,773.0,2.529,10.582,2.706,73.755,79.385
366,3,2024-03-04,111243,965.0,3.151,7.095,1.267,77.032,78.942
367,3,2024-03-11,112496,849.0,3.649,3.98,2.289,75.383,74.019
368,3,2024-03-18,113924,513.0,1.839,4.693,2.688,74.25,94.372
369,3,2024-03-25,114691,851.0,2.369,5.968,4.232,86.007,77.722
370,3,2024-04-01,114995,888.0,2.898,5.806,1.195,77.282,70.527
371,3,2024-04-08,116087,620.0,2.047,6.215,1.037,74.944,81.747
372,3,2024-04-15,117642,639.0,3.726,5.445,2.963,79.022,82.273
373,3,2024-04-22,119366,915.0,2.663,9.744,0.82,76.859,72.651
374,3,2024-04-29,120378,673.0,3.728,6.163,1.041,77.674,75.155
375,3,2024-05-06,122240,722.0,3.021,5.353,1.851,77.068,73.808
376,3,2024-05-13,123293,491.0,4.166,6.449,2.343,73.603,80.612
377,3,2024-05-20,124477,1172.0,2.052,5.899,2.344,74.28,74.677
378,3,2024-05-27,125672,701.0,4.486,3.57,2.712,75.039,72.821
379,3,2024-06-03,127185,419.0,3.214,4.285,2.362,76.632,74.552
380,3,2024-06-10,128801,1241.0,5.033,14.107,1.771,77.839,88.598
381,3,2024-06-17,130076,1135.0,3.111,4.677,1.685,75.697,74.76
382,3,2024-06-24,130882,669.0,2.453,10.836,1.101,78.884,76.944
383,3,2024-07-01,131394,881.0,2.635,5.959,4.511,73.284,77.08
384,3,2024-07-08,132835,1065.0,2.981,7.99,2.359,75.667,74.257
385,3,2024-07-15,134190,664.0,4.394,5.282,1.964,75.652,87.964
386,3,2024-07-22,135739,992.0,3.293,7.986,2.664,75.056,67.529
387,3,2024-07-29,137104,774.0,1.579,6.276,2.893,77.044,77.017
388,3,2024-08-05,138373,591.0,4.276,6.919,1.638,75.961,79.272
389,3,2024-08-12,140172,1111.0,3.758,12.745,1.327,73.999,75.549
390,3,2024-08-19,140969,640.0,4.911,13.781,1.636,75.87,76.218
391,3,2024-08-26,141751,520.0,4.234,2.377,2.776,77.68,85.787
392,3,2024-09-02,142774,704.0,2.449,4.011,4.402,80.799,67.953
393,3,2024-09-09,144719,758.0,3.194,6.816,2.865,75.534,73.196
394,3,2024-09-16,146245,1011.0,3.084,5.812,3.176,74.254,77.619
395,3,2024-09-23,147878,1055.0,3.506,6.899,3.584,75.066,73.651
396,3,2024-10-07,150597,1048.0,2.825,6.306,3.475,75.939,80.635
397,3,2024-10-14,152389,719.0,4.749,2.876,4.235,78.724,72.889
398,3,2024-10-21,153489,817.0,1.803,11.838,1.599,76.859,75.97
399,3,2024-10-28,154793,894.0,1.898,7.141,1.344,83.331,85.457
400,3,2024-11-11,156492,1289.0,5.455,4.621,1.347,75.881,84.459
401,3,2024-11-18,157473,1066.0,4.301,4.385,2.061,77.198,77.746
402,3,2024-11-25,159229,411.0,1.771,6.127,1.64,77.072,82.47
403,3,2024-12-02,160157,611.0,3.164,6.526,2.358,77.888,79.098
404,3,2024-12-09,161202,706.0,3.234,4.444,2.908,79.092,85.887
405,3,2024-12-16,162895,797.0,4.496,4.189,1.222,77.949,67.376
406,3,2024-12-23,164358,813.0,2.38,5.297,0.312,75.839,77.076
407,3,2024-12-30,165398,471.0,3.162,3.879,2.258,78.349,79.766
408,3,2025-01-06,166690,705.0,2.899,6.186,1.942,76.504,72.134
409,3,2025-01-13,168341,480.0,2.902,4.07,2.095,83.708,76.294
410,3,2025-01-20,169862,669.0,4.772,11.388,2.462,77.318,80.487
411,3,2025-01-27,171246,758.0,2.769,5.14,2.762,73.577,74.783
412,3,2025-02-03,172773,592.0,2.454,6.873,3.812,87.214,74.508
413,3,2025-02-10,174410,645.0,3.493,4.565,2.907,76.551,88.598
414,3,2025-02-17,175920,1162.0,4.001,3.254,2.714,77.85,83.828
415,3,2025-02-24,176967,1311.0,2.332,17.703,2.49,80.507,74.305
416,3,2025-03-03,178435,790.0,2.058,4.808,1.421,76.766,67.592
417,3,2025-03-10,180270,625.0,3.645,5.29,3.075,85.643,82.283
418,3,2025-03-17,182158,791.0,3.418,6.039,1.422,78.14,68.455
419,3,2025-03-24,183537,775.0,2.595,7.779,1.857,75.046,69.939
420,3,2025-03-31,184631,1407.0,4.891,7.623,1.825,75.331,72.061
421,3,2025-04-07,185850,841.0,2.434,6.862,2.012,77.138,74.351
422,3,2025-04-14,187608,619.0,4.903,8.235,6.096,75.689,80.176
423,3,2025-04-21,188793,550.0,2.803,4.953,1.499,75.601,71.339
424,3,2025-04-28,189924,647.0,3.854,5.376,2.025,76.745,88.075
425,3,2025-05-05,191873,401.0,2.598,7.166,1.544,83.205,79.089
426,3,2025-05-12,192764,383.0,1.961,5.852,3.339,85.793,88.129
427,3,2025-05-19,194066,894.0,3.59,8.507,3.156,82.338,85.599
428,3,2025-05-26,194798,1656.0,2.271,8.631,2.309,84.545,73.216
429,3,2025-06-02,195817,721.0,2.927,7.306,1.293,86.134,76.7
430,3,2025-06-09,196839,681.0,3.599,7.301,1.083,76.207,69.849
431,3,2025-06-16,198432,494.0,4.132,6.18,6.01,77.951,82.965
432,3,2025-06-23,199451,740.0,3.2,8.654,2.114,83.795,72.847
433,3,2025-06-30,200804,1302.0,1.827,6.451,1.45,77.205,80.031
434,3,2025-07-07,202884,567.0,2.277,5.433,1.935,76.347,70.314
435,3,2025-07-14,205089,520.0,4.405,6.023,0.919,76.973,75.283
436,3,2025-07-21,206033,432.0,2.344,10.064,2.123,79.391,79.571
437,3,2025-07-28,207655,1341.0,4.626,6.188,1.503,76.927,78.884
438,3,2025-08-04,208963,723.0,2.968,4.624,1.024,76.698,79.878
439,3,2025-08-11,210489,1046.0,1.7,5.905,2.591,79.57,67.405
440,3,2025-08-18,211555,673.0,1.936,7.017,1.442,83.111,80.362
441,3,2025-08-25,212655,664.0,3.081,7.879,1.428,77.335,76.044
442,3,2025-09-01,214109,993.0,3.337,5.129,1.667,87.366,75.936
443,3,2025-09-08,214950,780.0,2.805,14.771,1.934,74.684,79.049
444,3,2025-09-15,216448,700.0,2.745,4.818,3.144,76.256,76.016
445,3,2025-09-29,218747,697.0,3.275,5.006,1.853,76.187,70.265
446,3,2025-10-06,220428,696.0,4.104,6.618,1.74,77.59,67.576
447,3,2025-10-13,221411,804.0,3.569,10.678,1.35,74.345,82.287
448,3,2025-10-20,222190,814.0,3.97,3.556,1.141,76.657,85.632
449,3,2025-10-27,223630,1057.0,3.727,4.57,2.326,84.341,92.115
450,3,2025-11-03,225167,586.0,2.432,8.08,2.079,79.907,74.445
451,3,2025-11-10,226400,454.0,2.942,6.684,3.769,74.584,66.477
452,3,2025-11-17,227689,620.0,3.786,8.759,1.158,86.02,80.062
453,3,2025-11-24,229224,822.0,2.967,9.302,2.001,74.696,89.479
454,3,2025-12-01,231115,586.0,2.673,6.368,2.904,74.633,79.722
455,3,2025-12-08,232943,620.0,2.97,6.529,3.002,77.388,79.376
456,3,2025-12-15,234178,901.0,2.351,10.479,2.202,77.565,80.029
457,3,2025-12-22,234990,493.0,2.659,11.154,3.342,75.215,71.401
458,3,2025-12-29,237173,443.0,2.847,10.2,1.334,76.326,82.343
459,4,2023-01-02,101838,348.0,5.007,6.472,1.332,74.004,71.031
460,4,2023-01-09,102923,1140.0,3.385,11.231,1.493,76.91,70.935
461,4,2023-01-16,104673,746.0,2.36,5.866,6.832,75.248,77.352
462,4,2023-01-23,106389,710.0,2.291,6.531,2.856,76.45,75.03
463,4,2023-01-30,108252,755.0,4.71,5.824,0.99,74.764,76.878
464,4,2023-02-06,109851,636.0,2.544,4.235,1.81,88.327,84.791
465,4,2023-02-13,111355,723.0,1.756,6.706,3.35,77.35,83.816
466,4,2023-02-20,113120,880.0,3.881,7.998,3.295,77.954,85.743
467,4,2023-02-27,115454,620.0,5.697,6.108,2.702,75.951,79.161
468,4,2023-03-06,117182,864.0,3.265,3.892,1.399,85.243,77.458
469,4,2023-03-13,117819,393.0,2.629,4.129,2.565,77.996,78.753
470,4,2023-03-20,119012,836.0,2.321,7.182,1.642,80.858,75.462
471,4,2023-03-27,120248,926.0,2.163,11.175,0.87,76.477,79.582
472,4,2023-04-03,121544,513.0,2.335,6.249,0.917,79.84,71.693
473,4,2023-04-10,123289,939.0,3.336,4.884,2.14,75.836,77.251
474,4,2023-04-17,125619,507.0,2.814,8.455,1.911,76.558,76.067
475,4,2023-04-24,126620,610.0,2.36,9.929,3.286,74.699,69.936
476,4,2023-05-01,127898,1583.0,2.642,9.121,1.685,84.673,72.482
477,4,2023-05-08,129054,512.0,4.006,7.318,3.594,76.476,70.584
478,4,2023-05-15,129293,813.0,2.709,4.964,3.598,75.035,80.394
479,4,2023-05-22,130474,524.0,2.559,6.156,5.843,76.324,82.616
480,4,2023-05-29,131804,1048.0,4.667,8.348,3.691,75.161,86.437
481,4,2023-06-05,133381,1101.0,3.058,6.931,1.578,75.477,84.155
482,4,2023-06-12,134727,724.0,3.032,7.646,1.821,77.34,78.031
483,4,2023-06-19,135479,1008.0,4.032,7.998,1.343,77.011,70.385
484,4,2023-06-26,137094,706.0,2.313,5.003,2.707,74.855,88.702
485,4,2023-07-03,138542,690.0,2.566,7.424,3.306,75.534,77.482
486,4,2023-07-10,140148,557.0,2.155,9.899,1.731,76.285,89.471
487,4,2023-07-17,141275,959.0,4.342,2.965,1.69,81.846,69.648
488,4,2023-07-24,142881,1333.0,3.714,4.002,4.444,77.516,71.571
489,4,2023-07-31,143591,593.0,3.563,14.935,1.574,73.638,84.099
490,4,2023-08-07,144895,722.0,3.041,5.466,5.727,77.827,68.161
491,4,2023-08-14,145919,744.0,3.173,4.235,1.514,77.301,76.675
492,4,2023-08-21,147677,666.0,2.702,4.248,1.274,77.636,77.841
493,4,2023-08-28,149342,1378.0,2.099,5.523,5.523,84.683,80.888
494,4,2023-09-04,150284,939.0,2.923,1.044,2.247,75.621,86.309
495,4,2023-09-11,151571,559.0,3.369,6.358,1.773,73.887,75.987
496,4,2023-09-18,153494,377.0,1.87,5.15,1.705,77.867,77.531
497,4,2023-09-25,154538,1205.0,2.035,6.295,2.741,76.116,81.346
498,4,2023-10-02,155933,726.0,1.231,2.592,2.111,77.655,90.51
499,4,2023-10-09,157583,699.0,4.051,4.879,1.452,77.759,70.642
500,4,2023-10-16,159077,867.0,3.709,5.771,1.288,77.509,74.564
501,4,2023-10-23,160587,436.0,5.325,7.105,3.063,75.218,85.707
502,4,2023-10-30,161572,504.0,2.909,4.121,2.124,76.656,86.749
503,4,2023-11-06,162776,632.0,2.653,5.916,1.818,78.677,71.061
504,4,2023-11-13,164528,772.0,5.623,3.859,2.506,77.0,73.565
505,4,2023-11-20,165824,675.0,4.823,5.364,2.26,75.224,76.193
506,4,2023-11-27,167601,517.0,4.274,5.646,2.75,78.646,90.675
507,4,2023-12-04,169254,620.0,2.865,10.744,4.368,74.358,82.627
508,4,2023-12-11,170847,461.0,2.494,10.65,2.08,76.281,84.541
509,4,2023-12-18,172836,729.0,2.192,6.722,2.164,76.186,77.016
510,4,2024-01-01,174709,1064.0,3.732,4.422,1.139,77.863,88.581
511,4,2024-01-08,175530,643.0,3.88,7.233,2.449,76.925,78.885
512,4,2024-01-15,176148,533.0,3.738,3.72,3.273,85.943,81.85
513,4,2024-01-22,176752,919.0,3.467,5.899,3.114,77.433,72.507
514,4,2024-01-29,177756,947.0,1.963,5.607,1.612,73.012,77.413
515,4,2024-02-05,179348,674.0,3.143,9.443,3.254,77.787,74.412
516,4,2024-02-12,180747,496.0,2.287,3.069,1.191,74.837,65.218
517,4,2024-02-19,182008,448.0,2.876,4.758,2.265,76.839,77.579
518,4,2024-02-26,183614,517.0,4.181,5.445,1.249,77.638,79.015
519,4,2024-03-04,184934,566.0,3.778,3.082,2.147,88.2,78.933
520,4,2024-03-11,186039,626.0,2.558,7.757,2.251,75.048,70.155
521,4,2024-03-18,187435,960.0,2.902,6.07,1.819,77.788,68.992
522,4,2024-03-25,188486,733.0,3.936,4.003,0.913,84.59,84.37
523,4,2024-04-01,189724,920.0,1.932,7.938,3.459,74.14,69.898
524,4,2024-04-08,190546,886.0,2.43,5.588,2.396,75.673,86.334
525,4,2024-04-15,191612,473.0,3.747,5.008,2.021,74.113,86.588
526,4,2024-04-22,192139,601.0,4.531,10.739,1.74,75.825,90.1
527,4,2024-04-29,192650,802.0,1.838,10.004,2.716,76.881,82.982
528,4,2024-05-06,193640,529.0,2.21,2.031,1.601,78.469,75.273
529,4,2024-05-13,194675,922.0,4.901,6.273,1.913,77.009,84.863
530,4,2024-05-20,195910,735.0,3.742,5.933,0.345,81.85,74.752
531,4,2024-05-27,196960,905.0,4.24,6.143,1.112,85.568,88.374
532,4,2024-06-03,198377,800.0,2.343,4.648,1.48,76.078,77.958
533,4,2024-06-10,200358,1131.0,3.388,6.956,0.864,74.058,80.739
534,4,2024-06-17,202298,596.0,2.994,8.131,1.683,81.211,75.578
535,4,2024-06-24,204282,1105.0,3.98,3.066,1.924,75.689,65.378
536,4,2024-07-01,206232,900.0,2.042,8.295,1.968,74.468,69.024
537,4,2024-07-08,207658,1877.0,5.209,8.083,2.173,77.501,86.514
538,4,2024-07-15,209281,1169.0,1.721,3.002,4.797,75.424,87.546
539,4,2024-07-22,210023,1335.0,4.271,4.824,1.464,77.01,85.576
540,4,2024-07-29,211818,1133.0,3.785,5.209,2.476,84.768,74.829
541,4,2024-08-05,212358,811.0,2.557,4.424,2.364,75.925,75.853
542,4,2024-08-12,213642,876.0,2.537,5.9,1.064,77.685,70.478
543,4,2024-08-19,214805,730.0,5.867,15.459,3.757,74.162,66.796
544,4,2024-08-26,215777,933.0,4.95,2.67,1.337,77.671,75.225
545,4,2024-09-02,217163,494.0,3.742,4.744,1.984,84.096,79.722
546,4,2024-09-09,218607,798.0,5.582,9.218,2.24,74.899,72.276
547,4,2024-09-16,219802,1097.0,3.81,7.886,3.027,75.496,79.046
548,4,2024-09-23,221237,648.0,3.544,7.598,2.498,74.288,68.744
549,4,2024-09-30,222710,961.0,1.048,3.693,1.511,81.213,75.662
550,4,2024-10-07,223457,785.0,4.632,5.94,2.787,76.66,82.316
551,4,2024-10-14,225126,1001.0,2.379,8.545,2.694,76.402,83.867
552,4,2024-10-21,225658,472.0,2.968,4.994,1.394,76.253,69.299
553,4,2024-10-28,226640,612.0,3.004,7.534,2.641,75.505,79.511
554,4,2024-11-04,227856,780.0,2.194,4.843,1.588,74.325,70.877
555,4,2024-11-11,229609,371.0,3.58,3.966,1.696,86.195,91.628
556,4,2024-11-18,230865,972.0,2.582,6.905,1.229,74.27,84.004
557,4,2024-11-25,232234,806.0,2.473,2.725,3.137,77.63,77.184
558,4,2024-12-02,233945,383.0,2.456,5.113,7.212,76.341,85.659
559,4,2024-12-09,235437,493.0,3.024,4.382,2.79,81.37,78.577
560,4,2024-12-16,237258,1667.0,3.631,4.266,1.815,77.03,68.609
561,4,2024-12-23,238743,421.0,3.119,3.49,2.026,76.012,80.272
562,4,2024-12-30,240159,670.0,5.281,10.434,3.122,73.212,66.105
563,4,2025-01-06,241928,1067.0,2.597,6.11,1.831,74.989,82.248
564,4,2025-01-13,243130,536.0,4.14,5.826,2.279,75.897,76.715
565,4,2025-01-20,244998,614.0,4.327,12.305,1.855,75.139,73.953
566,4,2025-01-27,245710,791.0,3.94,6.451,1.481,76.978,65.069
567,4,2025-02-03,246541,617.0,2.991,6.549,6.198,76.405,84.033
568,4,2025-02-10,248320,1370.0,3.721,16.268,2.091,86.126,81.932
569,4,2025-02-17,249903,660.0,3.679,5.827,2.795,74.298,68.579
570,4,2025-02-24,250853,940.0,4.541,7.158,1.407,76.642,72.079
571,4,2025-03-03,251895,407.0,1.852,4.313,2.329,76.383,80.692
572,4,2025-03-10,253497,1232.0,2.115,7.392,2.034,76.536,79.793
573,4,2025-03-17,254880,997.0,4.0,5.765,1.74,75.907,79.497
574,4,2025-03-24,255871,660.0,3.913,4.416,1.167,85.533,73.036
575,4,2025-03-31,256415,903.0,2.368,8.953,1.126,75.408,88.855
576,4,2025-04-07,256673,384.0,5.234,7.677,1.308,75.766,85.742
577,4,2025-04-14,258104,660.0,2.925,8.0,2.782,74.659,68.495
578,4,2025-04-21,259295,861.0,4.084,6.003,2.27,79.53,89.491
579,4,2025-04-28,261378,465.0,2.983,10.057,2.654,76.569,77.075
580,4,2025-05-05,262230,927.0,2.544,6.639,3.777,89.214,79.814
581,4,2025-05-12,263224,592.0,2.469,5.696,2.092,77.665,86.353
582,4,2025-05-19,264200,766.0,3.042,6.944,1.331,76.469,80.781
583,4,2025-05-26,266088,723.0,3.206,2.787,2.52,76.501,76.128
584,4,2025-06-02,267517,703.0,2.052,6.489,2.225,82.995,77.52
585,4,2025-06-09,268186,1366.0,4.612,5.463,2.132,76.494,69.36
586,4,2025-06-16,269082,603.0,2.834,8.813,2.706,74.443,82.792
587,4,2025-06-23,270112,932.0,2.456,11.977,2.531,73.808,82.669
588,4,2025-06-30,271014,794.0,5.008,5.407,1.546,77.179,75.791
589,4,2025-07-07,272223,861.0,4.717,8.256,1.669,77.531,72.803
590,4,2025-07-14,273128,381.0,4.965,10.445,2.41,78.101,77.868
591,4,2025-07-21,274828,799.0,2.449,5.292,2.235,77.141,69.323
592,4,2025-07-28,276227,727.0,2.808,5.747,1.136,78.332,84.401
593,4,2025-08-04,278274,535.0,2.915,6.178,2.131,75.385,77.791
594,4,2025-08-18,281269,769.0,4.573,6.257,1.824,78.002,86.743
595,4,2025-08-25,282705,392.0,1.91,6.344,3.35,72.54,76.055
596,4,2025-09-01,284400,565.0,2.622,7.638,1.535,76.378,69.748
597,4,2025-09-08,285724,675.0,2.406,5.885,4.499,83.569,79.284
598,4,2025-09-15,287198,750.0,5.5,13.053,2.45,77.409,74.885
599,4,2025-09-22,288517,1087.0,4.473,6.528,3.686,78.562,77.925
600,4,2025-09-29,289661,470.0,2.424,6.259,2.821,75.91,83.821
601,4,2025-10-06,290578,863.0,5.524,6.927,5.544,77.633,68.757
602,4,2025-10-13,292560,758.0,2.919,5.256,1.609,76.321,76.214
603,4,2025-10-20,293326,639.0,2.083,6.702,3.107,75.547,68.373
604,4,2025-10-27,294328,852.0,2.627,7.235,5.249,74.622,80.876
605,4,2025-11-03,296701,628.0,3.93,4.728,1.783,82.99,75.231
606,4,2025-11-10,297442,1413.0,5.309,6.118,2.541,75.805,86.46
607,4,2025-11-17,299060,668.0,2.747,7.757,1.423,81.304,78.121
608,4,2025-11-24,299673,574.0,4.23,8.229,3.102,74.975,75.876
609,4,2025-12-01,300921,753.0,2.003,9.155,1.759,75.413,81.638
610,4,2025-12-08,301843,580.0,3.747,7.361,1.863,77.452,81.037
611,4,2025-12-15,302978,500.0,4.441,8.366,2.696,84.983,85.399
612,4,2025-12-22,304674,1127.0,3.944,1.588,1.17,76.492,85.127
613,4,2025-12-29,305677,927.0,5.049,11.484,1.701,73.97,78.793
614,5,2023-01-02,30524,1221.0,4.701,17.711,1.687,85.252,92.651
615,5,2023-01-09,32160,597.0,4.505,7.868,2.903,76.481,74.154
616,5,2023-01-16,34583,1349.0,3.279,6.405,1.348,77.431,77.765
617,5,2023-01-23,36066,817.0,3.201,7.377,1.521,76.267,69.321
618,5,2023-01-30,37845,1096.0,2.656,4.646,4.549,75.922,80.448
619,5,2023-02-06,38872,706.0,3.269,11.141,2.851,74.506,73.078
620,5,2023-02-13,40485,932.0,2.952,9.357,1.655,74.326,88.921
621,5,2023-02-20,41112,692.0,2.194,4.562,2.539,77.443,82.705
622,5,2023-02-27,42197,850.0,2.657,4.487,1.639,77.704,87.959
623,5,2023-03-06,43338,629.0,1.95,4.731,1.471,77.661,92.551
624,5,2023-03-13,45148,966.0,5.465,6.058,1.513,76.91,82.033
625,5,2023-03-20,46992,872.0,2.823,7.136,2.124,74.184,88.644
626,5,2023-03-27,48710,543.0,3.352,6.544,2.026,77.337,81.451
627,5,2023-04-03,49301,890.0,3.363,4.033,1.591,77.261,86.687
628,5,2023-04-10,49996,1202.0,3.268,5.674,2.336,76.74,72.961
629,5,2023-04-17,51144,532.0,2.584,6.979,2.517,81.484,67.733
630,5,2023-04-24,53152,987.0,4.312,4.082,2.507,76.501,77.402
631,5,2023-05-01,54445,533.0,1.979,6.485,5.95,76.684,88.987
632,5,2023-05-08,55031,873.0,2.404,3.996,2.939,76.95,81.08
633,5,2023-05-15,56582,806.0,2.473,2.725,3.137,77.63,77.184
634,5,2023-05-22,57817,702.0,3.978,7.037,2.326,75.528,71.496
635,5,2023-05-29,58935,942.0,2.839,5.015,2.232,77.629,81.399
636,5,2023-06-05,59535,567.0,3.218,7.216,1.831,76.908,74.73
637,5,2023-06-12,60910,753.0,3.581,10.775,1.548,84.756,82.643
638,5,2023-06-19,62343,737.0,4.645,6.017,2.398,76.587,81.465
639,5,2023-07-10,64926,712.0,3.024,7.533,0.92,76.28,81.186
640,5,2023-07-17,66760,428.0,3.84,5.791,2.237,74.269,72.483
641,5,2023-07-24,68493,509.0,1.962,5.534,1.671,79.035,68.704
642,5,2023-07-31,69574,727.0,3.03,8.259,1.89,80.659,67.429
643,5,2023-08-07,70810,687.0,3.733,2.563,3.479,84.447,80.873
644,5,2023-08-14,72144,637.0,4.141,6.828,1.787,77.238,73.856
645,5,2023-08-21,73626,572.0,3.74,6.799,2.844,75.32,74.814
646,5,2023-08-28,74522,816.0,3.666,6.333,1.806,75.425,80.748
647,5,2023-09-04,75911,863.0,2.987,9.988,2.053,77.661,84.376
648,5,2023-09-11,77411,500.0,4.441,8.366,2.696,84.983,85.399
649,5,2023-09-18,78810,1086.0,4.508,5.901,1.191,75.3,69.165
650,5,2023-09-25,80481,536.0,2.345,6.002,3.131,76.096,85.363
651,5,2023-10-02,82675,1411.0,3.329,5.411,1.407,75.517,73.407
652,5,2023-10-09,83555,604.0,2.958,7.558,3.694,74.429,69.006
653,5,2023-10-16,85126,792.0,2.373,5.942,1.652,77.85,82.039
654,5,2023-10-23,85814,429.0,1.922,6.217,3.287,75.702,90.616
655,5,2023-10-30,87019,1199.0,2.791,16.393,4.124,73.66,75.142
656,5,2023-11-06,88753,816.0,3.189,5.365,1.688,75.25,72.777
657,5,2023-11-13,90078,1435.0,2.071,7.739,1.686,77.532,74.611
658,5,2023-11-20,90754,1176.0,1.743,4.394,1.745,77.33,74.766
659,5,2023-11-27,92890,382.0,3.617,8.694,1.098,75.921,81.659
660,5,2023-12-04,94190,1363.0,3.677,4.377,5.053,84.853,89.775
661,5,2023-12-11,95956,1011.0,2.489,0.045,1.121,82.466,77.324
662,5,2023-12-18,97091,459.0,3.515,5.873,1.059,76.652,86.679
663,5,2023-12-25,98552,456.0,3.957,6.866,1.873,83.582,79.07
664,5,2024-01-01,99942,596.0,2.467,5.978,0.939,81.991,81.334
665,5,2024-01-08,101165,954.0,2.131,5.764,1.423,85.337,85.635
666,5,2024-01-15,102338,1041.0,4.124,4.611,2.52,77.307,81.564
667,5,2024-01-29,104924,1026.0,3.54,4.751,1.941,86.879,82.723
668,5,2024-02-12,107530,1109.0,5.401,4.99,4.071,84.92,69.507
669,5,2024-02-19,108307,583.0,2.903,2.105,2.449,76.706,85.838
670,5,2024-02-26,109871,772.0,3.531,12.207,1.553,75.156,72.199
671,5,2024-03-04,110952,1015.0,2.964,2.238,2.891,75.85,75.748
672,5,2024-03-11,112218,574.0,3.811,7.186,2.012,72.758,75.035
673,5,2024-03-18,112986,681.0,4.461,15.868,3.22,74.05,77.152
674,5,2024-03-25,115141,614.0,3.747,10.302,6.9,74.619,71.172
675,5,2024-04-01,116118,605.0,3.894,5.298,5.027,86.704,72.099
676,5,2024-04-08,117316,1090.0,5.179,16.458,5.215,83.52,91.832
677,5,2024-04-15,118768,557.0,3.913,6.807,1.622,83.722,74.31
678,5,2024-04-22,119891,694.0,3.07,6.212,2.064,77.599,78.519
679,5,2024-04-29,121641,871.0,2.8,15.397,2.948,76.102,75.567
680,5,2024-05-06,122798,855.0,2.711,4.274,4.787,77.533,82.278
681,5,2024-05-13,124190,891.0,2.372,4.372,3.75,81.727,81.88
682,5,2024-05-20,125418,578.0,2.411,5.488,2.175,83.452,89.716
683,5,2024-05-27,126097,1400.0,5.027,6.052,1.395,74.609,83.529
684,5,2024-06-03,127953,510.0,3.421,8.979,1.834,75.887,86.516
685,5,2024-06-10,129669,959.0,2.745,4.697,0.902,77.902,81.162
686,5,2024-06-17,131146,924.0,3.593,6.934,3.314,74.342,77.591
687,5,2024-06-24,132165,808.0,2.371,9.812,1.178,77.333,79.274
688,5,2024-07-01,133292,827.0,2.077,7.527,1.334,75.853,74.761
689,5,2024-07-08,134550,1322.0,3.09,4.921,1.629,76.085,91.106
690,5,2024-07-15,135744,625.0,2.295,5.765,1.766,76.411,76.843
691,5,2024-07-22,137091,789.0,3.142,7.632,2.192,73.438,86.47
692,5,2024-07-29,138652,918.0,4.79,3.596,2.555,77.173,67.902
693,5,2024-08-12,140535,921.0,4.049,5.639,2.885,76.997,78.633
694,5,2024-08-19,141834,812.0,2.064,4.765,1.619,86.585,78.512
695,5,2024-08-26,143528,745.0,4.397,8.662,2.607,74.982,78.212
696,5,2024-09-02,144007,915.0,2.802,7.624,2.509,76.135,73.3
697,5,2024-09-09,145235,942.0,2.152,2.151,2.392,73.979,70.299
698,5,2024-09-16,146352,598.0,4.561,5.076,1.518,76.766,72.711
699,5,2024-09-30,148446,891.0,1.853,2.873,1.46,77.829,76.703
700,5,2024-10-07,149086,668.0,2.231,6.498,2.892,76.586,81.56
701,5,2024-10-14,150007,516.0,2.014,7.454,1.0,76.274,72.964
702,5,2024-10-21,151474,1764.0,4.64,5.994,1.881,77.051,71.219
703,5,2024-10-28,153168,1010.0,2.743,8.22,1.734,74.311,68.201
704,5,2024-11-04,154535,828.0,3.196,8.561,2.308,85.825,75.126
705,5,2024-11-11,155997,939.0,3.062,6.073,2.653,74.74,88.092
706,5,2024-11-18,157598,536.0,2.496,7.856,2.515,76.672,88.806
707,5,2024-11-25,159257,909.0,1.935,10.258,3.063,86.955,70.666
708,5,2024-12-02,160764,1471.0,2.922,6.382,2.725,77.819,71.371
709,5,2024-12-09,162023,536.0,3.107,7.474,2.591,76.854,79.592
710,5,2024-12-16,163451,392.0,4.152,12.181,1.552,77.415,69.243
711,5,2024-12-23,164847,1111.0,3.066,7.693,1.463,85.827,71.815
712,5,2024-12-30,165881,411.0,2.281,5.913,1.583,76.9,82.999
713,5,2025-01-06,167346,891.0,2.482,1.847,2.857,80.225,79.348
714,5,2025-01-13,168472,600.0,1.836,6.271,2.569,74.591,76.518
715,5,2025-01-20,169802,938.0,5.449,10.424,2.606,77.259,83.227
716,5,2025-01-27,170897,789.0,4.713,7.096,1.282,75.776,70.857
717,5,2025-02-03,171939,452.0,3.069,13.783,2.532,76.463,78.846
718,5,2025-02-10,173983,749.0,1.048,7.278,1.01,77.512,69.82
719,5,2025-02-17,175427,795.0,2.38,6.353,2.27,77.205,75.49
720,5,2025-02-24,176679,688.0,3.092,5.593,1.948,74.399,79.883
721,5,2025-03-03,177661,1001.0,3.162,2.842,1.966,79.809,87.371
722,5,2025-03-10,178588,730.0,2.895,7.2,1.611,76.207,76.35
723,5,2025-03-17,179148,1512.0,2.61,5.747,2.156,80.749,70.039
724,5,2025-03-24,180504,1182.0,2.171,3.86,1.577,77.386,84.033
725,5,2025-03-31,181139,626.0,4.041,6.296,2.759,78.601,83.517
726,5,2025-04-07,182890,563.0,4.131,7.81,2.403,77.316,81.605
727,5,2025-04-14,184585,1344.0,3.073,8.596,1.306,77.125,79.097
728,5,2025-04-21,185226,488.0,2.525,13.717,2.675,76.969,78.184
729,5,2025-04-28,186584,553.0,5.151,2.146,2.248,75.14,70.325
730,5,2025-05-05,187115,404.0,3.875,4.356,1.925,75.676,73.055
731,5,2025-05-12,187900,538.0,2.21,5.154,1.511,74.75,74.279
732,5,2025-05-19,189054,1104.0,4.616,7.405,3.386,76.511,77.866
733,5,2025-05-26,190792,803.0,2.079,9.489,4.171,85.47,77.341
734,5,2025-06-02,191747,890.0,2.928,9.082,1.524,77.567,84.528
735,5,2025-06-09,192640,703.0,2.277,6.269,1.915,77.272,73.287
736,5,2025-06-16,193344,632.0,2.159,3.396,1.543,83.513,79.8
737,5,2025-06-23,194209,973.0,3.655,4.953,2.912,74.641,80.173
738,5,2025-07-07,195589,818.0,3.498,9.515,2.198,74.937,75.401
739,5,2025-07-14,196766,865.0,3.129,4.413,2.513,78.501,89.717
740,5,2025-07-21,197435,852.0,4.408,3.742,1.85,76.774,81.846
741,5,2025-08-04,199024,845.0,2.665,4.893,1.265,77.2,87.158
742,5,2025-08-11,200022,398.0,2.592,5.653,1.094,75.635,86.055
743,5,2025-08-18,200945,1158.0,4.757,7.019,1.237,76.724,77.713
744,5,2025-08-25,202645,737.0,4.01,12.316,1.691,76.902,75.743
745,5,2025-09-08,203917,545.0,4.727,5.083,1.329,76.101,85.334
746,5,2025-09-15,205296,501.0,2.877,6.562,2.274,77.081,83.314
747,5,2025-09-22,206947,910.0,2.816,6.706,2.008,83.214,68.599
748,5,2025-09-29,208537,1432.0,2.988,5.901,1.484,79.61,82.278
749,5,2025-10-06,209969,710.0,1.924,5.236,2.92,76.32,87.759
750,5,2025-10-13,211311,575.0,3.818,12.589,1.617,87.155,78.732
751,5,2025-10-20,212412,811.0,3.031,7.955,4.658,76.618,78.226
752,5,2025-10-27,213490,1265.0,2.212,17.563,1.742,76.755,74.426
753,5,2025-11-03,214570,604.0,1.955,3.531,2.526,76.215,75.227
754,5,2025-11-10,215870,1241.0,5.033,14.107,1.771,77.839,88.598
755,5,2025-11-17,216334,1075.0,2.292,6.753,5.745,76.12,88.253
756,5,2025-11-24,217139,499.0,3.549,4.844,3.467,75.713,82.376
757,5,2025-12-01,219099,459.0,3.998,7.068,6.032,74.528,84.172
758,5,2025-12-08,219817,669.0,3.832,10.15,2.175,81.119,72.266
759,5,2025-12-15,220902,798.0,4.836,4.94,4.916,77.603,84.049
760,5,2025-12-22,221638,882.0,2.05,13.417,1.735,78.019,70.113
761,5,2025-12-29,222920,1042.0,2.948,6.44,2.321,75.906,67.608
762,6,2023-01-02,57864,502.0,2.367,3.367,4.734,76.52,81.937
763,6,2023-01-09,59639,662.0,3.724,4.541,2.868,74.61,77.379
764,6,2023-01-16,60786,1306.0,3.656,6.607,2.289,76.736,72.71
765,6,2023-01-23,61525,1244.0,3.943,5.019,1.29,73.747,75.363
766,6,2023-01-30,62885,688.0,1.946,4.491,2.206,77.496,75.152
767,6,2023-02-06,64420,533.0,4.184,6.085,1.302,76.851,79.456
768,6,2023-02-13,65790,753.0,4.715,3.953,2.716,73.92,88.089
769,6,2023-02-20,67236,1335.0,5.892,7.151,3.187,75.108,71.641
770,6,2023-02-27,67795,581.0,2.767,5.749,2.972,76.64,86.732
771,6,2023-03-06,69565,820.0,1.058,5.297,2.996,75.803,76.145
772,6,2023-03-13,70245,573.0,2.686,4.949,1.964,75.373,77.005
773,6,2023-03-20,71401,404.0,2.912,3.404,3.302,84.943,83.732
774,6,2023-03-27,73290,684.0,2.181,8.897,3.004,74.855,80.604
775,6,2023-04-03,74250,627.0,3.938,3.24,2.168,76.337,86.365
776,6,2023-04-10,76104,1088.0,3.876,6.593,1.154,82.164,83.658
777,6,2023-04-17,77885,1190.0,4.597,8.119,2.416,78.657,77.467
778,6,2023-04-24,78955,740.0,3.807,5.71,2.612,77.071,76.145
779,6,2023-05-01,80125,833.0,2.662,7.046,2.922,76.525,80.997
780,6,2023-05-08,81003,729.0,2.443,3.57,3.35,75.714,85.497
781,6,2023-05-15,82998,1072.0,5.565,9.235,2.877,76.396,72.636
782,6,2023-05-22,84535,1197.0,3.565,6.686,2.434,76.746,64.459
783,6,2023-05-29,85746,791.0,4.018,6.778,3.889,86.802,92.771
784,6,2023-06-05,86710,701.0,3.794,7.714,2.739,80.473,71.186
785,6,2023-06-12,88604,1395.0,2.485,2.711,1.775,79.661,76.795
786,6,2023-06-19,90096,1068.0,3.704,8.209,5.832,76.702,85.648
787,6,2023-06-26,91007,869.0,4.855,5.247,3.269,75.883,87.301
788,6,2023-07-03,92760,869.0,5.373,2.713,3.125,75.3,80.981
789,6,2023-07-10,93731,512.0,2.821,7.335,0.83,75.358,69.657
790,6,2023-07-17,95140,998.0,4.036,5.62,1.819,81.81,78.998
791,6,2023-07-24,96805,519.0,3.878,8.281,2.264,80.723,79.814
792,6,2023-08-07,98978,876.0,2.942,3.638,3.744,77.66,68.539
793,6,2023-08-14,99795,571.0,2.697,3.291,1.49,75.123,88.373
794,6,2023-08-21,100407,1235.0,2.925,5.59,2.756,85.933,66.611
795,6,2023-08-28,101425,670.0,3.302,7.156,3.602,77.295,86.947
796,6,2023-09-04,102557,351.0,1.806,6.071,1.806,76.023,65.583
797,6,2023-09-11,103835,608.0,2.941,6.625,2.323,74.323,75.977
798,6,2023-09-18,104919,531.0,4.039,12.952,1.059,76.725,72.016
799,6,2023-09-25,106771,582.0,2.607,3.667,1.324,75.419,76.794
800,6,2023-10-02,108203,1453.0,2.533,5.862,3.321,77.68,77.795
801,6,2023-10-09,108203,763.0,2.68,5.707,3.085,76.612,81.384
802,6,2023-10-16,109247,1129.0,3.53,4.296,0.908,75.454,77.844
803,6,2023-10-23,110533,567.0,4.476,3.263,1.614,76.941,73.824
804,6,2023-10-30,111722,463.0,4.367,6.63,2.92,75.653,69.964
805,6,2023-11-06,112793,610.0,3.002,9.176,2.832,76.958,80.866
806,6,2023-11-13,113630,847.0,2.72,5.558,0.776,77.581,82.627
807,6,2023-11-20,115133,563.0,4.643,10.11,1.081,77.32,83.199
808,6,2023-11-27,116290,787.0,4.371,6.572,2.203,76.775,69.36
809,6,2023-12-04,118360,735.0,2.564,6.825,2.437,73.771,82.651
810,6,2023-12-11,119747,989.0,3.092,7.211,4.803,75.623,73.521
811,6,2023-12-18,120824,1324.0,2.701,4.145,2.245,81.29,78.727
812,6,2023-12-25,122761,1197.0,3.565,6.686,2.434,76.746,64.459
813,6,2024-01-01,124216,817.0,3.336,8.374,1.701,85.392,86.128
814,6,2024-01-08,125003,1041.0,2.174,12.136,2.105,76.024,73.177
815,6,2024-01-15,126017,1104.0,1.782,5.858,2.239,77.366,75.387
816,6,2024-01-29,127653,1035.0,4.657,0.745,1.475,76.319,82.138
817,6,2024-02-05,129108,603.0,1.949,6.109,2.561,77.565,70.964
818,6,2024-02-12,130524,724.0,5.109,4.571,1.427,72.761,77.76
819,6,2024-02-19,131369,877.0,2.884,4.006,1.658,76.92,79.431
820,6,2024-02-26,132392,478.0,3.682,6.431,3.046,74.075,70.077
821,6,2024-03-04,133605,737.0,3.844,9.071,1.168,77.103,86.97
822,6,2024-03-11,134983,539.0,3.584,5.898,2.562,76.693,71.764
823,6,2024-03-18,135812,604.0,2.958,7.558,3.694,74.429,69.006
824,6,2024-03-25,137902,476.0,3.339,7.578,1.603,75.24,70.507
825,6,2024-04-01,138836,556.0,2.999,4.563,3.422,76.108,69.021
826,6,2024-04-15,140799,720.0,4.144,7.702,3.334,77.078,76.72
827,6,2024-04-22,141825,502.0,4.159,6.76,1.232,76.616,81.764
828,6,2024-04-29,142936,650.0,3.034,11.275,2.636,74.633,80.472
829,6,2024-05-06,143916,652.0,3.295,4.748,1.84,75.169,73.217
830,6,2024-05-13,145167,749.0,3.232,3.833,3.502,75.251,76.534
831,6,2024-05-20,146471,1391.0,4.647,14.056,2.801,78.051,69.625
832,6,2024-05-27,147877,808.0,2.559,4.759,1.637,76.083,68.97
833,6,2024-06-03,148883,376.0,2.987,7.198,3.02,73.745,86.772
834,6,2024-06-10,150834,707.0,3.678,7.553,1.625,76.728,81.1
835,6,2024-06-17,152441,924.0,2.419,8.257,4.139,75.482,83.454
836,6,2024-06-24,153961,563.0,5.201,14.226,1.217,78.401,85.016
837,6,2024-07-01,154470,815.0,3.399,5.063,3.444,76.714,72.863
838,6,2024-07-08,155122,734.0,2.886,4.784,1.553,75.246,85.344
839,6,2024-07-15,155983,545.0,2.199,5.147,2.137,79.343,85.509
840,6,2024-07-22,157647,964.0,4.132,5.57,1.536,84.429,69.055
841,6,2024-07-29,158913,1147.0,4.445,10.561,2.832,78.101,70.431
842,6,2024-08-05,159937,678.0,0.48,9.163,3.78,75.922,69.48
843,6,2024-08-12,161883,637.0,2.329,3.834,2.357,75.102,87.27
844,6,2024-08-19,162668,652.0,1.922,5.892,1.932,77.036,75.943
845,6,2024-08-26,164270,787.0,3.528,5.274,3.155,82.629,73.534
846,6,2024-09-02,166024,649.0,3.464,6.824,1.599,74.086,70.706
847,6,2024-09-09,167984,601.0,4.531,10.739,1.74,75.825,90.1
848,6,2024-09-16,168755,775.0,4.191,7.746,4.081,81.792,78.975
849,6,2024-09-23,170232,785.0,2.275,11.272,2.247,76.855,89.289
850,6,2024-09-30,171882,785.0,2.67,3.985,2.342,76.457,85.099
851,6,2024-10-07,173916,1158.0,2.746,5.576,1.322,74.766,78.653
852,6,2024-10-21,175547,837.0,4.942,7.887,1.867,73.961,72.826
853,6,2024-10-28,176775,737.0,3.844,9.071,1.168,77.103,86.97
854,6,2024-11-04,178240,699.0,3.311,13.78,3.025,77.245,72.065
855,6,2024-11-11,179322,874.0,4.265,8.058,1.488,75.911,74.291
856,6,2024-11-18,180212,487.0,3.722,15.7,3.502,75.798,81.033
857,6,2024-11-25,181551,623.0,3.359,7.226,1.415,77.59,68.967
858,6,2024-12-02,182809,457.0,3.884,5.938,2.135,76.593,88.163
859,6,2024-12-09,184300,1315.0,4.213,6.697,6.509,78.638,82.904
860,6,2024-12-16,185577,739.0,0.613,6.358,5.225,82.547,77.673
861,6,2024-12-23,186499,622.0,2.746,3.827,3.961,74.427,67.793
862,6,2024-12-30,187079,962.0,2.916,7.406,1.46,82.732,85.791
863,6,2025-01-06,188247,1033.0,2.705,8.561,1.632,83.26,80.601
864,6,2025-01-13,190175,632.0,2.851,7.922,1.099,75.821,74.675
865,6,2025-01-20,191228,618.0,2.944,7.124,2.64,74.489,73.489
866,6,2025-01-27,192604,685.0,2.63,3.727,2.749,76.461,79.803
867,6,2025-02-03,193880,667.0,5.714,8.033,0.91,74.342,73.566
868,6,2025-02-10,194942,808.0,2.186,4.16,2.835,76.04,76.997
869,6,2025-02-17,196745,842.0,2.452,9.529,2.388,78.231,85.85
870,6,2025-02-24,198157,669.0,3.55,7.334,1.374,76.917,79.502
871,6,2025-03-03,199209,697.0,3.675,6.145,1.354,78.021,67.406
872,6,2025-03-17,201148,502.0,2.947,7.823,3.497,76.665,85.895
873,6,2025-03-24,203306,584.0,3.196,7.168,2.336,78.428,67.33
874,6,2025-03-31,204059,1488.0,3.936,3.404,2.299,89.14,81.981
875,6,2025-04-07,205475,1224.0,2.999,7.296,1.462,81.153,71.346
876,6,2025-04-14,206942,646.0,2.806,3.731,3.262,76.505,87.246
877,6,2025-04-21,208188,461.0,3.062,7.165,0.896,77.225,81.861
878,6,2025-04-28,209237,589.0,2.934,6.358,2.461,77.535,75.404
879,6,2025-05-05,211049,918.0,3.733,13.916,1.398,86.292,89.158
880,6,2025-05-12,212523,1856.0,1.836,9.359,1.609,77.782,82.48
881,6,2025-05-19,213793,586.0,3.058,12.152,3.007,74.849,70.691
882,6,2025-05-26,215951,1320.0,3.956,6.336,1.188,77.359,81.231
883,6,2025-06-02,217942,1195.0,2.068,5.521,1.722,75.286,90.412
884,6,2025-06-09,219356,437.0,3.865,5.742,3.877,75.603,82.406
885,6,2025-06-16,220209,466.0,3.693,7.214,1.422,86.014,92.521
886,6,2025-06-23,221997,845.0,2.054,7.681,2.002,86.79,86.644
887,6,2025-06-30,222902,793.0,2.092,8.575,1.611,80.333,79.796
888,6,2025-07-07,223630,766.0,3.042,6.944,1.331,76.469,80.781
889,6,2025-07-14,224177,946.0,4.948,6.774,1.412,77.81,77.317
890,6,2025-07-21,225379,671.0,2.219,4.209,4.462,84.612,80.514
891,6,2025-07-28,226527,1014.0,2.944,8.486,1.603,80.987,67.514
892,6,2025-08-04,227439,690.0,4.592,9.031,2.145,85.121,73.623
893,6,2025-08-11,228903,623.0,2.434,4.145,3.438,77.441,72.949
894,6,2025-08-18,229935,952.0,5.187,11.544,2.012,78.135,79.846
895,6,2025-08-25,231780,937.0,2.859,12.153,1.38,77.746,79.67
896,6,2025-09-01,233302,1021.0,5.229,11.216,2.147,74.566,76.3
897,6,2025-09-08,235505,597.0,4.147,9.556,2.134,75.52,80.371
898,6,2025-09-15,236683,473.0,3.105,7.374,1.104,77.591,75.593
899,6,2025-10-06,239335,385.0,3.035,7.025,1.248,77.358,71.707
900,6,2025-10-13,239937,517.0,4.274,5.646,2.75,78.646,90.675
901,6,2025-10-20,240526,929.0,3.04,7.296,3.884,75.213,63.419
902,6,2025-10-27,241286,764.0,3.274,5.06,1.902,77.209,80.864
903,6,2025-11-03,243003,745.0,2.972,6.75,2.729,75.681,68.867
904,6,2025-11-10,243921,500.0,4.368,5.916,3.215,75.947,84.219
905,6,2025-11-17,245602,1077.0,2.033,7.23,1.227,75.8,82.412
906,6,2025-11-24,246895,540.0,1.824,7.034,4.135,76.084,75.916
907,6,2025-12-01,247792,793.0,2.032,8.443,3.078,76.539,75.678
908,6,2025-12-08,249016,903.0,3.724,6.054,5.171,76.747,85.273
909,6,2025-12-15,249745,499.0,3.005,7.097,1.478,75.904,76.585
910,6,2025-12-22,250875,603.0,2.389,3.936,1.569,76.446,76.034
911,6,2025-12-29,251939,918.0,3.75,6.006,2.362,80.337,79.349
912,7,2023-01-02,88627,673.0,1.936,7.017,1.442,83.111,80.362
913,7,2023-01-09,90607,486.0,2.751,4.981,1.947,77.915,82.366
914,7,2023-01-16,92016,521.0,2.73,4.818,1.827,74.066,85.271
915,7,2023-01-23,94107,374.0,3.697,7.41,1.25,77.495,80.053
916,7,2023-01-30,95157,714.0,4.406,10.398,2.345,74.949,84.615
917,7,2023-02-06,96486,747.0,2.538,7.939,3.041,77.335,75.96
918,7,2023-02-13,97948,966.0,2.817,8.061,1.087,77.377,90.487
919,7,2023-02-20,98238,1172.0,4.464,5.831,1.359,76.343,73.18
920,7,2023-02-27,99149,562.0,4.81,6.096,3.415,83.226,76.534
921,7,2023-03-06,100461,638.0,2.615,5.069,1.237,76.026,73.069
922,7,2023-03-13,101632,773.0,2.095,4.683,1.702,75.903,67.178
923,7,2023-03-20,102881,1326.0,3.272,12.161,1.805,76.821,73.468
924,7,2023-03-27,104601,779.0,2.505,9.672,1.689,73.067,67.234
925,7,2023-04-03,105544,772.0,3.914,6.709,1.642,78.188,81.886
926,7,2023-04-10,106441,803.0,4.453,3.141,1.786,82.475,72.09
927,7,2023-04-17,107781,1046.0,2.653,6.999,1.498,80.706,79.848
928,7,2023-04-24,108985,894.0,3.238,8.619,0.824,74.519,76.306
929,7,2023-05-01,110467,464.0,3.635,5.954,3.386,76.565,83.177
930,7,2023-05-08,111711,524.0,1.869,5.641,2.109,76.066,90.346
931,7,2023-05-15,113029,626.0,3.902,8.126,2.44,76.798,85.275
932,7,2023-05-22,115218,1383.0,2.305,15.084,3.85,76.537,69.873
933,7,2023-05-29,116937,1522.0,3.194,3.344,3.24,76.597,79.45
934,7,2023-06-05,118066,632.0,2.159,3.396,1.543,83.513,79.8
935,7,2023-06-12,119930,817.0,3.009,8.745,2.888,74.212,86.876
936,7,2023-06-19,121603,572.0,4.638,7.871,1.653,74.646,85.792
937,7,2023-06-26,123134,739.0,4.867,5.401,1.671,74.826,76.558
938,7,2023-07-03,124178,679.0,2.345,6.239,4.141,79.372,87.473
939,7,2023-07-10,124655,454.0,2.803,5.438,2.93,79.596,82.551
940,7,2023-07-17,125363,484.0,3.807,7.708,2.568,76.42,71.832
941,7,2023-07-24,127149,915.0,4.398,5.189,2.27,77.239,85.07
942,7,2023-07-31,128301,875.0,2.441,7.272,2.414,77.619,80.203
943,7,2023-08-07,130534,406.0,2.126,5.137,1.795,77.034,77.208
944,7,2023-08-14,131828,994.0,2.429,3.603,5.112,86.35,82.276
945,7,2023-08-21,132924,694.0,2.443,3.431,1.503,75.869,69.483
946,7,2023-08-28,134228,559.0,5.032,4.135,1.942,77.921,71.335
947,7,2023-09-04,135751,482.0,2.313,7.688,3.192,77.791,67.105
948,7,2023-09-11,137361,776.0,3.462,8.928,1.227,86.282,80.146
949,7,2023-09-18,138609,821.0,4.116,7.712,3.557,82.506,83.394
950,7,2023-09-25,139736,760.0,3.233,7.885,2.254,77.216,80.069
951,7,2023-10-02,141502,697.0,4.687,6.027,2.0,75.257,82.645
952,7,2023-10-09,142655,538.0,4.322,8.6,0.804,85.069,65.29
953,7,2023-10-16,144156,1398.0,2.331,9.947,5.407,74.23,88.31
954,7,2023-10-23,146054,728.0,5.285,7.368,2.692,75.657,80.351
955,7,2023-10-30,147087,916.0,3.947,4.295,2.284,77.756,69.825
956,7,2023-11-06,148508,1281.0,3.025,6.218,3.071,75.573,87.537
957,7,2023-11-13,149919,609.0,2.637,10.031,6.971,74.617,76.636
958,7,2023-11-20,150808,462.0,4.766,5.526,1.178,77.836,78.45
959,7,2023-11-27,152064,483.0,2.43,6.759,2.733,85.034,83.883
960,7,2023-12-04,153766,1241.0,4.824,6.447,2.242,74.688,81.113
961,7,2023-12-11,155248,901.0,3.089,6.69,1.519,75.833,67.515
962,7,2023-12-18,156410,414.0,1.873,6.322,5.418,76.225,85.1
963,7,2023-12-25,157600,737.0,3.115,10.546,2.543,74.969,80.243
964,7,2024-01-01,159438,547.0,4.365,6.9,1.473,73.989,79.25
965,7,2024-01-08,160296,394.0,1.929,8.929,6.229,77.891,75.077
966,7,2024-01-15,161583,715.0,2.399,5.344,3.013,75.195,81.961
967,7,2024-01-22,162870,817.0,2.192,6.263,1.415,79.817,75.214
968,7,2024-01-29,163747,452.0,2.901,8.871,2.714,76.562,73.309
969,7,2024-02-05,164414,670.0,2.128,6.182,2.546,76.104,76.426
970,7,2024-02-12,165742,975.0,3.473,5.41,0.625,76.122,71.313
971,7,2024-02-19,166844,418.0,3.234,6.637,2.726,78.387,81.79
972,7,2024-02-26,168370,681.0,2.852,5.195,1.188,76.848,81.142
973,7,2024-03-04,170341,370.0,2.606,14.663,1.315,76.673,78.28
974,7,2024-03-11,172356,1036.0,4.414,6.861,1.169,74.906,80.613
975,7,2024-03-18,174349,467.0,4.372,10.278,2.976,77.933,83.524
976,7,2024-03-25,175544,931.0,4.987,4.481,2.713,78.184,75.468
977,7,2024-04-01,176964,866.0,2.445,14.898,1.227,76.815,83.692
978,7,2024-04-08,178633,729.0,3.107,6.621,2.587,77.243,68.687
979,7,2024-04-15,180125,592.0,2.264,10.113,2.954,76.515,70.81
980,7,2024-04-22,180988,632.0,2.159,3.396,1.543,83.513,79.8
981,7,2024-04-29,183089,894.0,5.039,4.382,2.742,74.838,76.818
982,7,2024-05-06,184749,678.0,2.269,4.389,1.615,77.662,89.252
983,7,2024-05-13,186198,894.0,2.385,11.954,2.541,78.13,76.664
984,7,2024-05-20,188266,691.0,4.215,6.054,2.754,74.175,81.148
985,7,2024-05-27,189678,549.0,3.011,6.063,2.031,77.917,90.549
986,7,2024-06-03,190604,500.0,2.568,5.768,1.78,77.084,75.621
987,7,2024-06-10,191676,712.0,3.619,5.21,1.512,76.394,70.19
988,7,2024-06-17,192829,758.0,2.681,18.731,3.266,75.313,73.448
989,7,2024-06-24,195004,680.0,4.834,0.649,1.445,76.094,83.525
990,7,2024-07-01,195765,578.0,4.229,4.451,1.824,78.617,68.469
991,7,2024-07-08,197408,1244.0,2.53,5.838,2.752,74.371,79.671
992,7,2024-07-15,198913,853.0,1.698,2.195,2.141,75.24,84.821
993,7,2024-07-22,200068,446.0,2.539,7.984,2.961,76.51,76.637
994,7,2024-07-29,201020,396.0,2.639,6.468,2.764,75.226,65.439
995,7,2024-08-05,202095,438.0,3.156,6.957,1.465,78.355,69.363
996,7,2024-08-12,203287,1046.0,2.619,6.923,2.083,82.801,76.356
997,7,2024-08-19,204968,465.0,2.983,10.057,2.654,76.569,77.075
998,7,2024-08-26,205876,910.0,3.146,7.098,1.623,78.045,71.52
999,7,2024-09-02,207542,650.0,2.514,6.753,5.571,80.477,82.156
1000,7,2024-09-09,208963,621.0,2.555,5.704,2.77,78.219,79.205
1001,7,2024-09-16,209932,641.0,2.021,6.322,2.011,76.339,75.588
1002,7,2024-09-23,211431,521.0,3.896,6.663,0.376,77.402,75.034
1003,7,2024-09-30,212455,1405.0,5.337,1.359,2.594,75.628,82.16
1004,7,2024-10-07,213138,789.0,3.201,8.668,3.289,76.356,87.84
1005,7,2024-10-14,213996,685.0,3.07,6.378,1.588,78.096,70.064
1006,7,2024-10-21,215115,761.0,2.031,5.514,2.708,75.763,84.701
1007,7,2024-10-28,216611,1313.0,3.624,6.67,2.645,76.32,71.958
1008,7,2024-11-04,217338,820.0,3.201,7.561,2.603,88.135,75.979
1009,7,2024-11-11,218025,604.0,3.616,6.717,1.314,76.261,74.047
1010,7,2024-11-18,218940,1031.0,4.811,4.488,1.916,85.53,78.622
1011,7,2024-11-25,220343,785.0,3.166,7.024,1.638,76.938,84.322
1012,7,2024-12-02,221553,1050.0,2.582,8.289,3.953,84.843,80.465
1013,7,2024-12-09,223092,594.0,3.599,12.218,2.781,75.771,89.777
1014,7,2024-12-16,223761,692.0,2.766,7.739,1.432,76.975,76.504
1015,7,2024-12-23,225624,483.0,3.349,7.629,1.435,76.658,88.493
1016,7,2024-12-30,227209,580.0,4.721,2.671,2.027,77.963,68.345
1017,7,2025-01-06,229205,635.0,2.955,2.302,1.682,84.362,83.248
1018,7,2025-01-13,230241,481.0,3.974,4.448,2.029,87.484,69.008
1019,7,2025-01-20,231572,1232.0,5.097,2.49,0.857,76.6,85.247
1020,7,2025-01-27,232343,621.0,3.341,6.462,1.517,77.707,81.889
1021,7,2025-02-03,233682,769.0,3.415,5.806,1.841,75.133,78.471
1022,7,2025-02-10,234956,1048.0,2.365,6.153,1.371,75.377,73.932
1023,7,2025-02-17,235999,644.0,2.361,7.392,1.584,77.698,88.555
1024,7,2025-02-24,237751,985.0,2.519,9.05,1.67,76.504,80.175
1025,7,2025-03-03,239470,754.0,2.743,3.846,3.348,77.548,85.235
1026,7,2025-03-10,240745,519.0,1.722,10.154,3.252,81.77,68.832
1027,7,2025-03-17,242224,657.0,2.639,4.276,2.532,83.527,81.634
1028,7,2025-03-24,243380,423.0,2.985,9.495,2.123,75.566,71.561
1029,7,2025-03-31,244983,820.0,4.777,4.614,4.634,75.644,71.879
1030,7,2025-04-07,246115,750.0,4.108,4.291,2.514,77.013,77.871
1031,7,2025-04-14,246479,1729.0,2.454,5.754,3.969,83.982,79.165
1032,7,2025-04-21,248584,922.0,2.909,10.872,2.069,78.449,67.987
1033,7,2025-04-28,250028,1097.0,5.35,6.647,2.752,76.411,74.284
1034,7,2025-05-05,250980,416.0,4.32,6.294,1.749,77.679,70.008
1035,7,2025-05-12,252240,754.0,3.587,7.611,1.825,76.777,71.547
1036,7,2025-05-19,253032,727.0,3.208,7.499,1.568,75.385,88.6
1037,7,2025-05-26,254156,1163.0,4.513,5.45,1.376,74.883,88.995
1038,7,2025-06-02,256161,422.0,2.933,4.885,1.465,83.582,81.421
1039,7,2025-06-09,257212,777.0,3.797,2.276,1.842,78.024,82.964
1040,7,2025-06-16,258739,606.0,4.531,4.695,1.221,75.21,74.851
1041,7,2025-06-23,259924,657.0,2.859,4.103,1.118,76.118,76.086
1042,7,2025-06-30,262133,792.0,2.641,6.095,1.702,81.187,82.334
1043,7,2025-07-07,263092,413.0,1.682,8.23,2.489,73.679,80.507
1044,7,2025-07-14,264091,578.0,2.562,7.444,2.434,73.881,74.836
1045,7,2025-07-21,265097,605.0,2.622,6.582,2.212,73.421,69.316
1046,7,2025-07-28,266798,553.0,2.6,8.405,7.417,77.183,80.011
1047,7,2025-08-04,268170,778.0,4.57,5.512,2.688,81.075,84.235
1048,7,2025-08-11,269664,1047.0,1.809,9.986,3.294,74.313,74.827
1049,7,2025-08-18,270864,694.0,2.585,15.845,2.189,75.718,74.729
1050,7,2025-08-25,272402,1006.0,2.554,6.993,0.873,74.262,74.367
1051,7,2025-09-01,273484,915.0,3.872,10.455,1.805,75.767,79.03
1052,7,2025-09-08,274139,419.0,2.537,6.904,2.44,73.633,74.807
1053,7,2025-09-15,275528,550.0,1.754,7.608,1.787,75.491,69.405
1054,7,2025-09-22,277302,1028.0,4.295,8.984,2.43,75.694,78.535
1055,7,2025-09-29,278482,1154.0,3.4,6.827,2.721,75.941,74.682
1056,7,2025-10-06,280356,999.0,3.859,8.138,0.84,77.999,85.429
1057,7,2025-10-13,281446,504.0,2.056,5.475,3.15,75.559,84.257
1058,7,2025-10-20,282798,964.0,2.747,9.098,1.508,75.956,87.079
1059,7,2025-10-27,283640,1150.0,4.341,4.748,4.516,76.102,83.696
1060,7,2025-11-03,284025,1064.0,1.976,6.094,1.974,77.081,88.95
1061,7,2025-11-10,285982,526.0,3.824,6.724,1.127,74.739,82.752
1062,7,2025-11-17,287220,749.0,3.092,7.155,1.117,76.093,79.62
1063,7,2025-11-24,287676,544.0,5.155,8.963,1.719,76.875,75.934
1064,7,2025-12-01,289040,769.0,3.181,11.343,2.448,75.012,81.455
1065,7,2025-12-08,290337,572.0,3.876,5.386,2.423,75.487,76.026
1066,7,2025-12-15,292113,722.0,3.041,5.466,5.727,77.827,68.161
1067,7,2025-12-22,293659,372.0,3.701,4.294,5.34,77.883,84.817
1068,7,2025-12-29,294418,693.0,3.388,6.262,3.676,77.336,74.73
1069,8,2023-01-02,66044,967.0,3.072,8.66,1.73,75.253,65.6
1070,8,2023-01-09,67362,1147.0,2.582,4.207,2.095,77.423,90.961
1071,8,2023-01-16,68619,701.0,3.794,7.714,2.739,80.473,71.186
1072,8,2023-01-23,70100,689.0,2.689,3.075,1.867,74.255,73.181
1073,8,2023-01-30,71207,757.0,5.542,7.53,2.925,77.077,77.197
1074,8,2023-02-06,72673,563.0,3.593,8.518,1.735,74.492,65.98
1075,8,2023-02-13,73714,521.0,2.571,6.798,3.069,76.509,86.484
1076,8,2023-02-20,75173,863.0,4.809,4.058,1.206,87.691,82.479
1077,8,2023-02-27,76149,666.0,2.059,2.236,1.778,77.372,79.126
1078,8,2023-03-06,77392,1175.0,3.095,9.642,1.379,88.005,75.367
1079,8,2023-03-13,79054,540.0,3.187,5.25,3.207,74.452,68.914
1080,8,2023-03-20,79959,723.0,3.206,2.787,2.52,76.501,76.128
1081,8,2023-03-27,80850,589.0,3.629,7.894,1.834,74.053,81.126
1082,8,2023-04-03,81969,1320.0,3.383,6.779,2.423,80.537,78.963
1083,8,2023-04-10,83217,680.0,2.5,8.196,1.318,76.475,77.258
1084,8,2023-04-17,84260,426.0,4.954,11.624,3.156,76.465,85.782
1085,8,2023-04-24,85759,601.0,2.559,5.487,1.355,77.123,75.103
1086,8,2023-05-01,86706,706.0,2.313,5.003,2.707,74.855,88.702
1087,8,2023-05-08,87871,503.0,3.686,4.829,3.727,80.732,80.118
1088,8,2023-05-15,89489,907.0,2.365,9.173,2.782,83.628,72.252
1089,8,2023-05-22,90836,798.0,3.205,4.83,1.943,74.371,77.259
1090,8,2023-05-29,92119,586.0,2.581,5.688,2.659,76.228,72.425
1091,8,2023-06-05,93877,610.0,2.969,6.679,3.815,77.098,86.901
1092,8,2023-06-12,95046,618.0,3.584,8.553,2.402,78.438,79.057
1093,8,2023-06-19,95188,959.0,2.417,5.585,1.545,77.576,82.522
1094,8,2023-06-26,96257,585.0,2.448,5.081,2.571,75.341,80.898
1095,8,2023-07-03,97471,1046.0,2.619,6.923,2.083,82.801,76.356
1096,8,2023-07-10,98410,595.0,2.581,15.79,1.42,76.33,72.86
1097,8,2023-07-17,99903,711.0,4.017,6.26,0.943,76.413,73.996
1098,8,2023-07-24,101190,647.0,3.487,4.357,2.856,76.495,90.321
1099,8,2023-07-31,102477,874.0,3.496,6.353,1.16,82.236,83.488
1100,8,2023-08-07,103609,1454.0,3.641,9.96,1.235,76.798,73.645
1101,8,2023-08-14,105056,624.0,2.141,7.808,2.624,75.507,82.512
1102,8,2023-08-21,106397,452.0,2.324,4.72,2.925,75.447,85.54
1103,8,2023-08-28,107497,488.0,4.488,6.699,1.63,74.253,75.831
1104,8,2023-09-04,108851,580.0,3.923,5.271,2.033,77.545,74.781
1105,8,2023-09-11,110345,515.0,3.213,7.412,2.29,76.635,69.998
1106,8,2023-09-18,111902,501.0,4.707,8.398,6.238,81.619,88.373
1107,8,2023-09-25,112605,1067.0,4.034,5.938,3.463,76.27,91.958
1108,8,2023-10-02,113460,496.0,2.002,10.865,1.415,74.48,78.369
1109,8,2023-10-09,114414,847.0,4.909,7.496,2.187,74.56,81.933
1110,8,2023-10-16,115713,486.0,3.987,10.196,2.414,77.262,80.3
1111,8,2023-10-23,116981,895.0,4.084,1.598,1.667,76.144,81.331
1112,8,2023-10-30,117587,965.0,4.017,2.694,4.393,77.555,79.629
1113,8,2023-11-06,119524,888.0,2.898,5.806,1.195,77.282,70.527
1114,8,2023-11-13,120135,761.0,2.26,6.11,3.147,77.7,73.747
1115,8,2023-11-20,121047,631.0,2.671,6.218,2.19,77.785,71.546
1116,8,2023-11-27,122588,850.0,4.104,8.798,3.093,75.901,90.522
1117,8,2023-12-04,124160,952.0,3.234,6.924,1.77,83.004,76.954
1118,8,2023-12-11,125112,459.0,2.152,6.578,1.449,74.453,75.569
1119,8,2023-12-18,126185,423.0,2.577,7.185,1.36,84.046,82.593
1120,8,2023-12-25,127701,687.0,4.362,15.608,1.145,74.838,74.298
1121,8,2024-01-01,129081,838.0,3.161,7.442,2.065,77.991,83.282
1122,8,2024-01-08,130989,626.0,5.063,6.779,1.085,75.847,79.996
1123,8,2024-01-15,132286,797.0,3.207,7.136,2.741,75.816,81.471
1124,8,2024-01-22,133980,1512.0,5.142,6.065,2.039,74.91,78.13
1125,8,2024-01-29,135584,508.0,5.154,7.189,1.741,75.784,84.973
1126,8,2024-02-05,136167,1178.0,4.53,13.088,1.432,77.845,78.822
1127,8,2024-02-12,137314,383.0,2.451,4.521,1.675,75.253,86.458
1128,8,2024-02-19,138043,915.0,3.872,10.455,1.805,75.767,79.03
1129,8,2024-02-26,139785,822.0,2.967,9.302,2.001,74.696,89.479
1130,8,2024-03-04,140710,887.0,2.461,13.206,1.616,74.757,84.131
1131,8,2024-03-11,142172,779.0,4.429,5.829,2.593,75.976,75.948
1132,8,2024-03-18,143283,934.0,2.3,4.848,1.274,76.568,87.324
1133,8,2024-03-25,144350,682.0,2.491,6.277,1.69,81.736,89.132
1134,8,2024-04-01,146045,563.0,3.169,7.247,3.629,76.608,74.184
1135,8,2024-04-08,147652,368.0,3.801,6.217,3.596,79.531,83.1
1136,8,2024-04-15,149245,654.0,2.852,11.89,2.462,76.293,77.24
1137,8,2024-04-22,150299,536.0,2.399,7.262,2.919,76.235,75.756
1138,8,2024-04-29,152053,514.0,3.542,5.793,1.719,75.163,88.753
1139,8,2024-05-06,153731,570.0,2.43,7.929,2.157,75.667,87.39
1140,8,2024-05-13,154963,538.0,3.893,4.866,2.813,76.161,75.155
1141,8,2024-05-20,157263,1187.0,2.593,6.89,1.833,78.102,84.967
1142,8,2024-05-27,159024,459.0,2.053,9.94,2.399,75.079,81.264
1143,8,2024-06-03,159678,582.0,3.04,14.682,1.755,75.536,86.815
1144,8,2024-06-10,160353,1083.0,3.392,5.95,1.844,79.716,65.84
1145,8,2024-06-17,161832,601.0,3.504,5.896,1.923,75.763,78.684
1146,8,2024-06-24,162887,481.0,1.87,5.696,2.78,75.456,87.307
1147,8,2024-07-01,164147,1221.0,4.309,10.514,1.95,81.032,75.923
1148,8,2024-07-08,164678,631.0,2.676,4.405,1.95,76.519,68.504
1149,8,2024-07-15,166530,610.0,2.124,6.455,2.705,75.944,70.828
1150,8,2024-07-22,167728,606.0,2.828,11.63,3.506,76.921,65.248
1151,8,2024-07-29,169841,1460.0,3.401,4.919,1.667,76.716,88.613
1152,8,2024-08-05,170616,919.0,3.467,5.899,3.114,77.433,72.507
1153,8,2024-08-12,172671,511.0,2.753,4.139,5.911,75.877,86.892
1154,8,2024-08-19,174393,1238.0,2.767,5.264,1.942,82.993,68.424
1155,8,2024-08-26,175140,838.0,5.603,4.66,2.79,75.62,74.286
1156,8,2024-09-02,176175,1192.0,5.385,4.031,1.419,78.438,84.745
1157,8,2024-09-09,177449,1014.0,2.944,8.486,1.603,80.987,67.514
1158,8,2024-09-16,178948,751.0,2.967,7.896,2.097,76.789,77.328
1159,8,2024-09-23,180060,837.0,4.546,6.451,3.181,77.096,75.127
1160,8,2024-09-30,181268,1012.0,3.198,2.17,3.044,75.997,79.64
1161,8,2024-10-07,182377,481.0,2.708,4.368,2.326,78.333,85.766
1162,8,2024-10-14,184348,796.0,2.598,12.917,2.124,74.767,87.42
1163,8,2024-10-21,185551,1295.0,2.837,5.859,2.39,77.521,77.4
1164,8,2024-10-28,186970,380.0,2.395,7.578,1.213,78.513,78.786
1165,8,2024-11-04,188288,669.0,3.231,13.043,1.148,74.977,72.395
1166,8,2024-11-11,189661,892.0,3.714,6.729,1.353,83.091,82.883
1167,8,2024-11-18,191063,943.0,5.064,2.387,2.064,78.281,75.802
1168,8,2024-11-25,192358,806.0,3.9,5.227,2.794,74.17,70.068
1169,8,2024-12-02,193542,1073.0,2.672,6.22,1.619,85.437,72.25
1170,8,2024-12-09,194757,728.0,5.178,5.534,2.03,82.782,80.157
1171,8,2024-12-16,196081,768.0,2.733,13.65,2.112,77.16,81.13
1172,8,2024-12-23,197642,876.0,2.537,5.9,1.064,77.685,70.478
1173,8,2024-12-30,198734,692.0,2.784,6.283,1.107,84.804,80.886
1174,8,2025-01-06,200089,572.0,2.878,6.853,1.475,76.831,92.426
1175,8,2025-01-13,201210,640.0,3.304,7.85,2.788,74.236,69.085
1176,8,2025-01-20,202751,1020.0,3.536,3.19,4.95,78.283,76.798
1177,8,2025-01-27,204112,1017.0,5.061,4.923,1.877,73.672,78.624
1178,8,2025-02-03,205644,1383.0,2.676,3.607,1.773,76.718,69.122
1179,8,2025-02-10,206960,607.0,5.564,9.538,1.095,86.756,78.052
1180,8,2025-02-17,208510,617.0,5.853,8.241,2.479,76.061,69.238
1181,8,2025-02-24,209490,590.0,2.939,4.904,1.383,81.629,87.969
1182,8,2025-03-03,210371,790.0,4.246,7.813,1.987,78.362,90.821
1183,8,2025-03-10,211506,1341.0,1.913,6.001,2.523,77.685,88.737
1184,8,2025-03-17,213087,539.0,4.19,9.141,2.292,76.225,77.494
1185,8,2025-03-24,214146,468.0,3.032,5.136,0.866,76.092,81.79
1186,8,2025-03-31,215793,658.0,3.874,7.008,1.86,77.162,71.142
1187,8,2025-04-07,217011,931.0,2.545,10.117,1.774,76.69,79.847
1188,8,2025-04-14,218284,500.0,4.441,8.366,2.696,84.983,85.399
1189,8,2025-04-21,219527,770.0,3.384,3.251,2.15,82.754,80.021
1190,8,2025-04-28,220738,499.0,3.846,5.609,2.76,76.375,81.739
1191,8,2025-05-05,222612,937.0,2.771,0.512,0.855,76.155,75.141
1192,8,2025-05-12,224120,811.0,2.736,14.929,3.467,77.21,82.14
1193,8,2025-05-19,226200,907.0,2.223,5.443,1.544,88.133,81.57
1194,8,2025-05-26,227488,637.0,2.77,5.336,1.416,76.82,80.52
1195,8,2025-06-02,228083,516.0,2.014,7.454,1.0,76.274,72.964
1196,8,2025-06-09,229300,789.0,2.881,5.337,5.844,76.77,70.636
1197,8,2025-06-16,230454,711.0,2.985,8.124,1.944,75.884,85.208
1198,8,2025-06-23,231349,459.0,2.698,7.061,2.435,75.436,82.158
1199,8,2025-06-30,232466,672.0,2.497,8.857,2.572,77.685,86.948
1200,8,2025-07-07,234006,688.0,2.481,4.054,2.496,82.921,69.947
1201,8,2025-07-14,235270,898.0,2.45,7.14,4.561,74.993,74.38
1202,8,2025-07-21,235783,749.0,3.005,7.464,2.491,75.195,74.782
1203,8,2025-07-28,236741,1056.0,3.107,5.739,1.809,75.411,74.33
1204,8,2025-08-04,238081,506.0,5.009,5.358,1.006,80.567,77.424
1205,8,2025-08-11,238705,952.0,3.628,3.046,2.285,75.022,83.577
1206,8,2025-08-18,239727,647.0,2.38,3.343,3.201,77.991,73.466
1207,8,2025-08-25,240192,548.0,4.841,6.119,3.181,76.493,66.143
1208,8,2025-09-01,241332,720.0,5.548,5.051,2.88,74.939,71.004
1209,8,2025-09-08,242586,824.0,5.387,8.949,2.174,77.284,69.259
1210,8,2025-09-15,243605,365.0,2.24,4.911,1.559,75.427,64.665
1211,8,2025-09-22,244803,761.0,3.134,5.748,2.654,86.611,81.695
1212,8,2025-09-29,246192,1202.0,2.257,8.021,3.126,82.689,73.716
1213,8,2025-10-06,248452,854.0,2.873,5.84,2.118,81.575,73.062
1214,8,2025-10-13,249737,1148.0,3.947,9.125,1.218,76.132,82.487
1215,8,2025-10-20,250647,590.0,2.524,5.79,2.785,74.777,84.215
1216,8,2025-10-27,251851,603.0,1.949,6.109,2.561,77.565,70.964
1217,8,2025-11-03,252835,752.0,2.478,10.768,2.206,75.574,78.451
1218,8,2025-11-10,253939,927.0,1.934,4.239,2.799,81.89,73.975
1219,8,2025-11-17,255309,958.0,2.201,3.152,2.041,83.731,73.528
1220,8,2025-11-24,256800,839.0,5.072,5.285,0.981,76.467,75.637
1221,8,2025-12-01,258172,838.0,4.443,6.189,1.731,86.376,86.314
1222,8,2025-12-08,259174,362.0,2.69,9.815,1.625,77.982,83.934
1223,8,2025-12-15,260192,1159.0,3.264,9.702,1.434,75.337,86.032
1224,8,2025-12-22,261359,584.0,2.757,6.78,3.351,76.491,69.654
1225,8,2025-12-29,263077,778.0,2.296,4.974,1.511,76.127,71.243
1226,9,2023-01-02,78568,583.0,3.291,5.312,1.712,77.705,80.128
1227,9,2023-01-09,80079,366.0,3.636,9.466,2.935,77.496,82.205
1228,9,2023-01-16,81486,947.0,1.177,5.923,2.253,75.478,83.534
1229,9,2023-01-23,82870,760.0,4.783,4.615,1.99,75.069,77.329
1230,9,2023-01-30,84315,1197.0,5.802,5.386,0.997,84.437,74.912
1231,9,2023-02-06,85524,664.0,3.978,7.537,4.854,76.413,84.565
1232,9,2023-02-13,86762,439.0,3.019,7.511,1.475,74.273,66.27
1233,9,2023-02-20,88694,786.0,4.694,5.658,2.185,83.65,77.092
1234,9,2023-02-27,89926,1105.0,2.47,5.279,2.264,80.713,79.439
1235,9,2023-03-13,91601,1249.0,0.298,6.774,2.399,85.184,86.336
1236,9,2023-03-20,92600,653.0,3.769,5.491,1.279,86.92,88.619
1237,9,2023-03-27,93380,455.0,4.759,13.971,2.449,80.6,75.812
1238,9,2023-04-03,94559,583.0,2.244,17.219,2.551,77.053,82.963
1239,9,2023-04-10,95931,698.0,3.297,6.101,3.439,77.151,72.256
1240,9,2023-04-17,96544,852.0,3.537,7.695,2.319,76.47,83.707
1241,9,2023-04-24,97998,870.0,2.362,9.573,2.65,80.109,76.999
1242,9,2023-05-01,99113,1414.0,3.986,6.625,4.529,78.129,88.42
1243,9,2023-05-08,100292,1041.0,2.086,7.164,1.022,77.939,79.048
1244,9,2023-05-15,101330,931.0,2.581,5.002,2.25,75.183,70.14
1245,9,2023-05-22,102332,633.0,3.271,5.198,1.57,81.87,88.198
1246,9,2023-05-29,103528,886.0,4.5,6.132,1.45,77.529,77.505
1247,9,2023-06-05,105402,1386.0,3.768,3.462,1.583,75.892,74.907
1248,9,2023-06-12,106399,698.0,4.779,7.297,1.243,75.915,74.429
1249,9,2023-06-19,108532,632.0,3.107,7.482,1.444,75.281,72.412
1250,9,2023-06-26,109157,1469.0,3.36,4.833,2.418,85.228,74.379
1251,9,2023-07-03,110478,771.0,3.178,4.29,1.41,77.972,65.641
1252,9,2023-07-10,111692,600.0,3.173,7.075,1.836,76.93,73.388
1253,9,2023-07-17,112843,1252.0,5.675,5.945,1.6,76.015,71.998
1254,9,2023-07-24,114464,809.0,2.166,7.619,1.969,86.754,78.911
1255,9,2023-07-31,116031,749.0,2.111,4.654,1.664,75.602,84.083
1256,9,2023-08-07,116835,640.0,4.484,6.79,2.159,78.058,75.513
1257,9,2023-08-14,118672,1103.0,3.214,7.849,3.065,77.023,74.896
1258,9,2023-08-21,120223,375.0,3.071,4.383,5.663,87.306,84.208
1259,9,2023-08-28,121391,1460.0,3.401,4.919,1.667,76.716,88.613
1260,9,2023-09-04,123448,915.0,4.398,5.189,2.27,77.239,85.07
1261,9,2023-09-11,124777,770.0,3.132,5.124,2.357,76.569,82.078
1262,9,2023-09-18,125627,473.0,1.782,5.037,6.216,76.452,80.951
1263,9,2023-09-25,127768,778.0,4.582,5.371,3.484,75.408,86.41
1264,9,2023-10-02,129327,463.0,2.147,8.839,2.537,74.497,83.269
1265,9,2023-10-16,131045,1413.0,3.598,6.421,1.335,72.631,65.31
1266,9,2023-10-23,132443,705.0,3.489,2.827,1.843,76.201,80.232
1267,9,2023-10-30,134161,950.0,3.001,7.651,2.356,78.289,78.916
1268,9,2023-11-06,135204,607.0,4.109,5.087,2.195,75.749,87.93
1269,9,2023-11-13,135936,942.0,5.736,6.017,1.459,75.956,71.826
1270,9,2023-11-20,137679,830.0,2.277,5.804,2.631,77.177,82.715
1271,9,2023-11-27,138280,697.0,4.483,5.159,1.828,77.706,75.354
1272,9,2023-12-04,139893,889.0,2.305,2.15,2.056,78.706,75.96
1273,9,2023-12-11,141544,672.0,2.527,2.972,3.147,78.199,80.209
1274,9,2023-12-18,142786,770.0,2.204,7.418,1.409,75.541,76.968
1275,9,2023-12-25,144566,798.0,3.546,7.221,2.101,76.643,66.016
1276,9,2024-01-01,145978,603.0,2.77,6.971,2.439,77.411,78.5
1277,9,2024-01-08,147126,1577.0,4.321,3.913,0.735,77.736,68.867
1278,9,2024-01-15,148902,613.0,3.812,6.711,2.869,77.292,79.047
1279,9,2024-01-22,149793,614.0,3.747,10.302,6.9,74.619,71.172
1280,9,2024-01-29,150890,776.0,3.462,8.928,1.227,86.282,80.146
1281,9,2024-02-05,151877,628.0,3.93,4.728,1.783,82.99,75.231
1282,9,2024-02-12,152871,928.0,2.099,7.34,3.719,81.938,91.215
1283,9,2024-02-19,154351,566.0,3.81,4.611,2.77,76.449,70.231
1284,9,2024-02-26,155615,1270.0,3.86,14.082,1.826,75.509,82.89
1285,9,2024-03-04,156642,730.0,0.807,8.83,2.587,77.676,79.772
1286,9,2024-03-11,157894,1021.0,5.856,5.926,2.794,76.929,67.906
1287,9,2024-03-25,159005,1021.0,5.229,11.216,2.147,74.566,76.3
1288,9,2024-04-01,160757,662.0,3.482,4.916,2.15,74.259,68.962
1289,9,2024-04-08,161988,527.0,3.062,11.075,2.867,76.243,84.739
1290,9,2024-04-15,163247,693.0,2.395,7.139,5.034,77.244,70.917
1291,9,2024-04-22,165011,881.0,4.749,4.899,1.418,75.712,66.49
1292,9,2024-04-29,166873,1117.0,2.657,12.668,1.106,77.143,84.082
1293,9,2024-05-06,168315,698.0,2.828,6.31,2.65,74.244,77.012
1294,9,2024-05-13,169793,1185.0,2.51,0.174,2.264,75.571,70.456
1295,9,2024-05-20,171308,450.0,2.176,5.678,1.059,85.835,81.025
1296,9,2024-06-03,173156,536.0,3.36,6.303,2.533,76.411,72.709
1297,9,2024-06-10,174452,635.0,1.971,10.172,5.517,75.877,91.019
1298,9,2024-06-17,176162,686.0,3.526,7.433,2.512,77.127,75.578
1299,9,2024-06-24,177558,860.0,2.785,9.722,2.332,74.037,75.217
1300,9,2024-07-01,178549,663.0,2.027,7.593,1.633,82.748,94.727
1301,9,2024-07-08,178883,739.0,3.005,6.631,1.194,78.062,74.603
1302,9,2024-07-15,180153,510.0,4.89,5.881,1.838,81.213,84.037
1303,9,2024-07-22,181318,1034.0,3.443,18.1,3.069,75.08,73.29
1304,9,2024-07-29,183113,959.0,3.631,5.186,3.656,76.308,82.79
1305,9,2024-08-05,183981,700.0,3.949,4.537,1.657,77.459,81.828
1306,9,2024-08-12,185071,1101.0,3.058,6.931,1.578,75.477,84.155
1307,9,2024-08-19,186571,948.0,4.216,2.906,0.765,75.08,76.723
1308,9,2024-08-26,188258,943.0,3.14,15.881,1.602,82.009,72.704
1309,9,2024-09-02,189436,486.0,4.273,3.462,1.69,75.569,73.464
1310,9,2024-09-09,190915,546.0,2.288,6.561,1.139,77.07,80.362
1311,9,2024-09-16,192103,621.0,3.115,5.1,2.794,75.068,75.354
1312,9,2024-09-23,193541,891.0,4.514,15.545,0.767,80.15,81.824
1313,9,2024-09-30,195090,618.0,5.392,11.56,5.492,77.109,86.504
1314,9,2024-10-07,196197,509.0,2.265,5.517,2.547,75.218,75.053
1315,9,2024-10-14,197031,817.0,2.295,4.359,1.244,76.921,83.603
1316,9,2024-10-21,198950,382.0,2.163,7.775,2.727,77.001,71.624
1317,9,2024-10-28,201042,1243.0,3.469,7.044,2.023,75.038,84.517
1318,9,2024-11-04,202739,349.0,3.025,8.336,2.98,77.129,87.039
1319,9,2024-11-11,205372,644.0,3.615,18.091,4.594,75.975,65.746
1320,9,2024-11-18,206896,765.0,3.778,5.98,1.28,76.851,73.794
1321,9,2024-11-25,208678,610.0,2.969,6.679,3.815,77.098,86.901
1322,9,2024-12-02,210086,731.0,3.631,5.809,2.131,76.804,66.735
1323,9,2024-12-09,211340,907.0,2.365,9.173,2.782,83.628,72.252
1324,9,2024-12-16,212703,654.0,4.364,5.394,1.065,77.064,67.107
1325,9,2024-12-30,214300,915.0,2.802,7.624,2.509,76.135,73.3
1326,9,2025-01-06,215297,530.0,2.156,2.779,2.797,76.452,78.165
1327,9,2025-01-13,216472,691.0,4.271,5.459,1.89,74.863,84.751
1328,9,2025-01-20,218051,711.0,3.47,12.184,1.301,74.619,87.765
1329,9,2025-01-27,219127,499.0,4.997,8.615,2.45,76.005,73.295
1330,9,2025-02-03,221016,583.0,2.637,4.16,2.42,74.978,71.767
1331,9,2025-02-10,222880,718.0,2.461,6.986,5.528,76.607,80.892
1332,9,2025-02-17,224757,1296.0,4.114,6.912,2.804,78.449,75.219
1333,9,2025-02-24,225121,990.0,3.09,4.214,4.811,77.347,78.061
1334,9,2025-03-03,225838,625.0,2.653,5.03,1.926,76.251,82.369
1335,9,2025-03-17,227122,535.0,2.067,1.425,2.897,77.709,83.361
1336,9,2025-03-24,228467,572.0,3.876,5.386,2.423,75.487,76.026
1337,9,2025-03-31,230253,518.0,2.369,5.182,5.214,83.402,77.983
1338,9,2025-04-07,232023,1123.0,3.289,8.633,1.751,76.69,68.594
1339,9,2025-04-14,233537,733.0,3.143,5.343,1.377,76.417,75.766
1340,9,2025-04-21,234712,609.0,4.78,7.031,2.336,75.186,78.289
1341,9,2025-04-28,236261,612.0,3.07,5.382,1.823,81.327,79.053
1342,9,2025-05-05,237533,623.0,2.189,5.139,3.02,76.022,74.926
1343,9,2025-05-12,240216,1015.0,2.964,2.238,2.891,75.85,75.748
1344,9,2025-05-19,241329,1248.0,4.926,5.321,1.375,76.615,84.471
1345,9,2025-05-26,242564,1439.0,2.397,8.617,1.725,75.985,79.878
1346,9,2025-06-02,243942,572.0,3.416,1.726,5.623,78.458,77.537
1347,9,2025-06-09,244346,631.0,2.786,4.439,1.25,77.448,79.897
1348,9,2025-06-16,246045,1115.0,4.106,4.936,1.203,76.843,76.759
1349,9,2025-06-23,247094,1027.0,2.764,7.494,2.729,76.399,77.328
1350,9,2025-06-30,248350,550.0,2.174,14.326,2.974,75.068,81.801
1351,9,2025-07-07,249951,639.0,3.73,5.317,2.454,78.922,74.204
1352,9,2025-07-14,251380,367.0,2.395,4.404,1.813,82.359,82.588
1353,9,2025-07-21,252782,848.0,4.339,9.803,1.033,75.6,76.707
1354,9,2025-07-28,253394,670.0,4.754,8.44,4.138,85.562,69.837
1355,9,2025-08-04,254568,462.0,4.01,5.705,1.313,76.038,72.435
1356,9,2025-08-11,255766,701.0,3.267,8.085,5.467,76.052,74.575
1357,9,2025-08-18,257211,728.0,4.908,5.722,2.615,75.464,89.462
1358,9,2025-08-25,258901,1330.0,2.431,6.626,4.658,75.333,79.408
1359,9,2025-09-01,259730,893.0,3.428,5.38,2.733,75.823,83.113
1360,9,2025-09-08,261416,487.0,4.213,6.327,5.384,81.743,74.339
1361,9,2025-09-15,262742,423.0,4.653,7.759,3.091,73.216,69.979
1362,9,2025-09-22,264156,458.0,2.66,5.225,3.099,77.086,73.936
1363,9,2025-09-29,265053,631.0,2.643,7.3,1.428,75.191,85.948
1364,9,2025-10-06,265962,763.0,5.071,4.683,2.549,85.756,84.705
1365,9,2025-10-13,267775,630.0,4.4,7.022,2.566,75.354,78.319
1366,9,2025-10-20,268956,563.0,2.423,2.284,1.283,76.424,71.633
1367,9,2025-10-27,269877,562.0,2.365,8.741,1.806,76.544,78.168
1368,9,2025-11-03,271409,678.0,3.025,3.983,1.942,75.918,72.044
1369,9,2025-11-10,272983,535.0,2.44,10.896,2.8,74.328,79.597
1370,9,2025-11-17,274435,513.0,4.832,10.263,1.161,75.808,65.907
1371,9,2025-12-01,277810,803.0,2.483,6.708,1.486,76.509,76.78
1372,9,2025-12-08,279268,643.0,2.219,5.798,0.842,84.88,84.588
1373,9,2025-12-15,281639,886.0,4.5,6.132,1.45,77.529,77.505
1374,9,2025-12-22,283143,824.0,2.213,5.209,3.295,73.25,73.926
1375,9,2025-12-29,284326,969.0,2.324,6.704,2.389,75.572,71.858
1376,10,2023-01-02,109561,468.0,3.032,5.136,0.866,76.092,81.79
1377,10,2023-01-09,110893,841.0,2.182,8.047,2.466,75.162,82.917
1378,10,2023-01-16,112402,701.0,4.734,11.168,3.295,75.677,74.705
1379,10,2023-01-23,113751,736.0,2.574,6.127,2.897,74.032,76.51
1380,10,2023-01-30,115206,714.0,3.475,6.343,3.492,76.93,88.991
1381,10,2023-02-06,115502,457.0,3.323,4.96,1.638,83.917,68.566
1382,10,2023-02-13,116500,1223.0,2.577,5.319,2.944,76.535,84.006
1383,10,2023-02-20,117900,1215.0,4.368,6.062,1.37,75.416,79.352
1384,10,2023-02-27,118599,620.0,3.558,7.593,1.545,77.01,73.551
1385,10,2023-03-06,119888,563.0,5.201,14.226,1.217,78.401,85.016
1386,10,2023-03-13,120146,477.0,2.793,7.007,2.76,73.632,80.152
1387,10,2023-03-20,121224,548.0,4.439,5.393,2.277,82.663,71.092
1388,10,2023-03-27,122691,525.0,2.816,6.983,1.195,74.32,68.374
1389,10,2023-04-03,124275,847.0,2.279,4.836,2.095,76.176,79.464
1390,10,2023-04-10,125423,1109.0,3.342,6.255,2.533,78.074,82.825
1391,10,2023-04-17,126154,778.0,2.101,4.647,2.495,77.709,76.773
1392,10,2023-04-24,126608,377.0,2.513,10.677,1.619,78.073,77.646
1393,10,2023-05-01,128445,472.0,2.523,9.689,1.859,83.494,84.333
1394,10,2023-05-08,129212,904.0,1.586,7.533,1.351,77.893,81.594
1395,10,2023-05-15,130583,825.0,3.733,8.471,2.594,77.087,72.635
1396,10,2023-05-22,131697,539.0,2.748,4.712,1.802,75.936,66.843
1397,10,2023-05-29,132700,1376.0,4.054,4.8,2.901,74.592,82.378
1398,10,2023-06-05,134199,899.0,4.137,7.294,4.214,76.659,85.259
1399,10,2023-06-12,135223,925.0,3.246,5.385,1.779,75.509,75.187
1400,10,2023-06-19,136538,1149.0,3.035,8.349,1.629,76.317,73.82
1401,10,2023-06-26,137821,734.0,4.129,7.398,2.649,76.123,72.14
1402,10,2023-07-03,139876,391.0,4.298,9.092,1.885,74.504,65.072
1403,10,2023-07-10,141887,916.0,3.687,3.585,3.109,75.54,71.12
1404,10,2023-07-17,143898,795.0,2.38,6.353,2.27,77.205,75.49
1405,10,2023-07-24,145408,981.0,3.236,7.455,4.277,73.299,80.963
1406,10,2023-07-31,146605,465.0,2.785,6.344,2.039,81.665,74.462
1407,10,2023-08-07,148151,1009.0,4.155,7.46,3.038,82.522,87.007
1408,10,2023-08-14,149660,1186.0,3.626,7.057,1.698,80.646,68.319
1409,10,2023-08-21,150649,1230.0,4.011,10.341,1.423,77.115,76.953
1410,10,2023-08-28,151767,817.0,4.064,5.52,2.018,75.83,80.66
1411,10,2023-09-04,152789,561.0,1.973,7.583,1.294,74.518,72.277
1412,10,2023-09-11,153910,593.0,2.362,6.135,1.212,77.348,74.513
1413,10,2023-09-18,155800,705.0,3.05,9.87,5.371,82.767,72.157
1414,10,2023-09-25,157538,728.0,2.327,4.433,3.068,76.781,72.831
1415,10,2023-10-02,158281,1148.0,4.804,7.179,2.537,73.206,88.452
1416,10,2023-10-09,160213,741.0,5.472,7.233,2.415,78.568,80.836
1417,10,2023-10-16,161561,673.0,3.921,8.217,2.707,76.457,75.24
1418,10,2023-10-23,162729,769.0,2.718,8.623,4.518,76.942,88.945
1419,10,2023-10-30,163644,540.0,2.906,6.409,3.557,75.151,72.146
1420,10,2023-11-06,164461,412.0,4.73,6.713,1.487,77.174,84.309
1421,10,2023-11-13,165817,1156.0,2.651,10.987,2.807,78.409,80.764
1422,10,2023-11-20,167000,680.0,3.761,2.886,1.686,80.768,69.537
1423,10,2023-11-27,168589,522.0,2.571,6.108,2.682,76.53,67.539
1424,10,2023-12-04,169347,762.0,0.822,6.427,1.543,83.462,74.134
1425,10,2023-12-11,171093,817.0,2.986,8.134,3.512,82.605,84.561
1426,10,2023-12-18,171772,495.0,4.596,6.536,2.983,74.914,88.456
1427,10,2023-12-25,173062,740.0,3.223,11.647,2.239,76.243,74.999
1428,10,2024-01-01,174210,556.0,2.835,5.773,3.037,76.461,85.708
1429,10,2024-01-08,175407,1355.0,3.557,6.338,3.149,87.025,93.046
1430,10,2024-01-15,176986,535.0,3.693,13.815,1.608,85.469,68.719
1431,10,2024-01-22,178819,1132.0,4.431,11.979,1.108,78.637,85.292
1432,10,2024-01-29,179985,720.0,4.144,7.702,3.334,77.078,76.72
1433,10,2024-02-05,181236,580.0,4.175,11.5,2.535,79.009,71.231
1434,10,2024-02-12,182294,630.0,3.655,7.47,1.244,77.984,89.411
1435,10,2024-02-19,183630,1293.0,2.828,8.366,1.175,87.466,77.353
1436,10,2024-02-26,184875,956.0,3.104,5.295,2.852,74.158,82.14
1437,10,2024-03-04,186596,798.0,2.297,4.224,2.189,85.803,83.06
1438,10,2024-03-11,187525,1123.0,2.51,4.805,2.114,81.11,85.276
1439,10,2024-03-18,188812,413.0,4.029,4.463,4.477,76.103,85.377
1440,10,2024-03-25,189930,424.0,3.048,7.696,2.601,74.992,80.581
1441,10,2024-04-01,190710,2022.0,4.13,5.583,1.743,74.229,82.847
1442,10,2024-04-08,191147,688.0,1.961,7.795,2.202,77.314,69.623
1443,10,2024-04-15,192689,476.0,2.65,4.162,1.703,78.773,75.599
1444,10,2024-04-22,194047,706.0,3.323,6.614,2.175,75.465,69.857
1445,10,2024-04-29,195309,768.0,3.93,8.669,1.478,76.458,74.764
1446,10,2024-05-06,196924,806.0,3.738,4.482,1.296,80.352,82.814
1447,10,2024-05-13,197673,463.0,5.324,4.719,3.25,73.879,69.37
1448,10,2024-05-20,198698,688.0,3.491,5.473,2.737,78.945,78.307
1449,10,2024-05-27,200358,481.0,3.119,7.459,2.768,77.611,81.748
1450,10,2024-06-03,200960,566.0,3.168,7.186,1.654,73.381,73.686
1451,10,2024-06-10,202545,595.0,2.581,15.79,1.42,76.33,72.86
1452,10,2024-06-17,204308,61.0,3.937,8.088,1.845,77.227,74.088
1453,10,2024-06-24,205532,539.0,3.536,7.932,2.609,81.116,85.76
1454,10,2024-07-01,206142,599.0,3.712,5.474,2.88,85.68,80.887
1455,10,2024-07-08,206707,635.0,2.748,5.269,2.305,76.607,81.766
1456,10,2024-07-15,208088,1459.0,4.499,5.902,1.63,74.414,74.449
1457,10,2024-07-22,209430,760.0,3.755,7.935,1.67,78.114,71.523
1458,10,2024-07-29,210274,612.0,2.642,5.0,1.97,75.975,81.355
1459,10,2024-08-05,211033,922.0,2.435,11.469,2.19,73.255,66.345
1460,10,2024-08-12,212210,720.0,2.226,15.842,2.372,75.145,78.41
1461,10,2024-08-19,213229,728.0,4.282,7.247,1.9,74.827,72.805
1462,10,2024-08-26,214686,728.0,2.483,6.562,1.726,74.176,76.737
1463,10,2024-09-02,216278,932.0,3.322,3.874,1.874,77.382,76.616
1464,10,2024-09-09,217383,902.0,2.314,0.115,1.479,79.781,75.426
1465,10,2024-09-16,218395,1447.0,3.296,12.904,1.759,77.112,72.192
1466,10,2024-09-23,219060,650.0,5.094,5.309,1.405,78.065,81.382
1467,10,2024-09-30,220928,553.0,2.044,5.048,2.399,75.376,78.58
1468,10,2024-10-07,222407,1053.0,3.229,6.718,2.943,76.169,73.928
1469,10,2024-10-14,223889,589.0,1.911,3.981,3.051,77.764,75.208
1470,10,2024-10-21,224937,823.0,3.139,10.611,3.108,75.664,71.098
1471,10,2024-10-28,226284,977.0,2.96,6.713,2.425,77.808,71.489
1472,10,2024-11-04,227611,605.0,4.866,8.073,2.755,76.536,87.712
1473,10,2024-11-11,228900,591.0,2.761,5.205,2.168,78.62,81.323
1474,10,2024-11-18,230489,1018.0,4.238,8.273,1.617,77.053,78.435
1475,10,2024-11-25,231688,995.0,2.518,4.659,1.952,74.184,71.861
1476,10,2024-12-02,232755,1122.0,4.113,8.033,3.657,77.753,72.779
1477,10,2024-12-09,234731,702.0,3.955,10.319,2.856,75.987,72.981
1478,10,2024-12-16,236111,580.0,2.098,4.479,1.606,82.402,73.531
1479,10,2024-12-23,237450,496.0,2.776,7.044,1.435,86.341,81.79
1480,10,2024-12-30,239528,1011.0,4.534,11.072,1.071,77.786,75.058
1481,10,2025-01-06,240370,778.0,4.226,6.895,1.77,77.665,82.598
1482,10,2025-01-13,241653,684.0,2.652,4.71,2.858,76.244,79.782
1483,10,2025-01-20,243233,417.0,4.052,8.169,1.418,76.447,78.817
1484,10,2025-01-27,244627,825.0,3.585,5.337,2.193,83.055,83.552
1485,10,2025-02-03,246309,821.0,2.26,6.65,1.425,77.936,79.171
1486,10,2025-02-10,246901,434.0,2.292,7.111,0.905,75.312,70.54
1487,10,2025-02-17,248526,762.0,3.163,4.722,2.696,75.007,77.603
1488,10,2025-02-24,249794,494.0,3.273,7.327,3.811,76.533,80.008
1489,10,2025-03-03,250817,555.0,2.571,5.937,1.445,78.05,70.092
1490,10,2025-03-10,251923,922.0,3.053,9.975,1.496,77.263,66.115
1491,10,2025-03-17,253523,763.0,1.83,4.084,1.049,76.017,83.265
1492,10,2025-03-24,254810,786.0,3.271,6.78,1.686,83.718,82.587
1493,10,2025-03-31,256031,473.0,3.242,6.685,1.086,77.431,74.798
1494,10,2025-04-07,256666,617.0,3.18,4.649,1.682,75.134,69.832
1495,10,2025-04-14,257754,731.0,3.631,5.809,2.131,76.804,66.735
1496,10,2025-04-21,259699,1044.0,3.356,5.027,3.73,76.457,77.576
1497,10,2025-04-28,260533,643.0,1.869,2.794,2.902,75.048,80.664
1498,10,2025-05-05,261835,598.0,4.691,5.259,2.513,74.609,80.299
1499,10,2025-05-12,263062,1299.0,3.108,5.691,1.4,85.529,81.048
1500,10,2025-05-19,264048,682.0,3.182,5.094,2.063,75.157,81.64
1501,10,2025-05-26,264546,676.0,2.471,5.404,2.928,78.025,69.559
1502,10,2025-06-02,266052,864.0,4.178,6.505,2.637,76.266,81.098
1503,10,2025-06-09,267782,970.0,4.474,4.269,2.53,77.401,83.017
1504,10,2025-06-16,268791,761.0,3.335,12.416,2.937,83.719,77.929
1505,10,2025-06-23,270066,632.0,3.134,6.866,4.881,75.936,76.668
1506,10,2025-06-30,271295,575.0,4.241,7.495,1.404,77.874,82.426
1507,10,2025-07-07,272891,996.0,5.172,3.092,4.168,78.2,86.473
1508,10,2025-07-14,273296,617.0,3.462,6.336,1.495,73.983,67.663
1509,10,2025-07-21,274366,504.0,2.574,9.349,1.842,76.776,76.894
1510,10,2025-07-28,275929,805.0,3.499,5.743,1.373,76.811,78.091
1511,10,2025-08-04,277636,698.0,4.711,4.049,2.102,75.695,80.542
1512,10,2025-08-11,279258,526.0,3.974,9.999,2.59,80.122,75.684
1513,10,2025-08-18,280477,902.0,2.849,4.187,1.921,76.596,76.446
1514,10,2025-08-25,281677,706.0,4.803,9.787,1.859,74.743,75.634
1515,10,2025-09-01,283123,457.0,2.64,6.533,1.987,76.387,79.829
1516,10,2025-09-08,284301,797.0,3.054,11.098,2.433,79.368,90.904
1517,10,2025-09-15,285714,1292.0,2.856,3.586,3.058,74.711,76.87
1518,10,2025-09-22,287011,691.0,2.661,12.825,1.789,86.311,79.577
1519,10,2025-09-29,288514,851.0,2.58,3.393,1.27,76.77,79.756
1520,10,2025-10-06,290634,789.0,3.013,5.713,1.574,75.711,86.594
1521,10,2025-10-13,291732,1441.0,2.347,4.596,1.341,86.824,75.215
1522,10,2025-10-20,293000,1391.0,4.23,9.165,4.725,76.901,87.548
1523,10,2025-10-27,294292,729.0,5.607,5.566,2.003,76.438,83.11
1524,10,2025-11-03,295707,718.0,4.63,6.875,5.449,74.94,84.502
1525,10,2025-11-10,297238,737.0,2.479,4.858,1.766,76.855,69.261
1526,10,2025-11-17,298062,1158.0,4.191,5.513,3.322,84.039,64.577
1527,10,2025-11-24,299980,612.0,3.004,7.534,2.641,75.505,79.511
1528,10,2025-12-01,301879,801.0,3.511,6.683,1.212,74.297,77.529
1529,10,2025-12-08,303940,619.0,4.543,6.522,2.667,79.443,72.123
1530,10,2025-12-15,304915,407.0,2.06,7.772,1.722,75.741,67.702
1531,10,2025-12-22,306288,790.0,3.672,9.162,2.048,87.573,80.324
1532,10,2025-12-29,307787,1424.0,3.41,8.954,1.957,77.88,72.71
1533,11,2023-01-02,101495,422.0,2.775,5.577,2.491,76.631,68.386
1534,11,2023-01-09,102517,849.0,3.056,17.964,4.114,77.043,71.597
1535,11,2023-01-16,103094,733.0,1.91,5.468,2.262,78.099,85.19
1536,11,2023-01-23,104370,918.0,2.71,7.918,2.464,75.21,80.819
1537,11,2023-01-30,105907,982.0,5.68,4.926,6.315,74.42,76.475
1538,11,2023-02-06,107101,1302.0,2.314,5.586,1.863,75.027,88.1
1539,11,2023-02-13,108680,631.0,2.135,4.959,2.264,76.649,88.512
1540,11,2023-02-20,109833,866.0,4.783,4.945,1.227,76.107,81.972
1541,11,2023-02-27,110873,509.0,2.593,5.44,1.178,77.635,80.447
1542,11,2023-03-06,112160,650.0,4.744,9.63,1.765,80.682,77.693
1543,11,2023-03-13,113113,360.0,2.782,8.144,1.886,80.987,86.42
1544,11,2023-03-20,114459,1052.0,4.169,2.304,1.645,77.096,84.186
1545,11,2023-03-27,115354,640.0,3.988,4.946,3.056,83.243,74.342
1546,11,2023-04-03,117628,765.0,2.37,3.379,2.259,76.674,71.925
1547,11,2023-04-10,118369,499.0,3.939,4.605,1.578,81.062,74.473
1548,11,2023-04-24,121911,556.0,2.346,4.898,0.096,76.816,90.492
1549,11,2023-05-01,123106,785.0,3.166,7.024,1.638,76.938,84.322
1550,11,2023-05-08,124602,627.0,2.942,14.301,2.97,76.787,72.981
1551,11,2023-05-15,125745,1369.0,2.971,6.996,1.305,77.03,80.118
1552,11,2023-05-22,127503,653.0,2.406,7.189,1.233,75.465,69.093
1553,11,2023-05-29,129258,1255.0,3.544,1.795,1.869,76.38,71.025
1554,11,2023-06-05,130814,903.0,4.778,6.323,1.344,77.901,84.314
1555,11,2023-06-12,131847,884.0,3.692,5.567,2.42,79.244,72.174
1556,11,2023-06-19,133053,606.0,4.531,4.695,1.221,75.21,74.851
1557,11,2023-06-26,134556,922.0,4.16,2.709,2.614,77.853,70.457
1558,11,2023-07-03,135156,842.0,3.973,5.893,0.985,76.362,81.239
1559,11,2023-07-10,136314,776.0,4.907,8.525,1.224,80.017,78.055
1560,11,2023-07-17,138329,695.0,2.515,6.355,2.689,77.556,71.156
1561,11,2023-07-24,140411,887.0,5.171,2.949,2.099,76.729,71.431
1562,11,2023-07-31,141203,663.0,2.756,10.689,1.644,75.831,73.891
1563,11,2023-08-07,142211,750.0,3.785,5.116,0.941,79.006,81.381
1564,11,2023-08-14,143696,746.0,2.611,5.473,3.307,77.34,83.956
1565,11,2023-08-21,145554,652.0,4.555,8.081,1.981,75.341,92.587
1566,11,2023-08-28,146720,458.0,3.77,6.081,3.639,75.862,85.216
1567,11,2023-09-04,147452,737.0,2.333,6.421,2.268,83.53,72.976
1568,11,2023-09-11,148716,804.0,4.818,6.035,2.248,76.773,82.494
1569,11,2023-09-18,149828,496.0,0.396,7.201,2.068,75.686,83.708
1570,11,2023-09-25,150733,546.0,4.54,6.442,1.385,77.785,81.148
1571,11,2023-10-02,152244,874.0,4.391,4.126,1.521,76.006,78.419
1572,11,2023-10-09,153333,494.0,5.316,5.117,1.666,75.746,74.657
1573,11,2023-10-16,154273,793.0,0.623,4.446,2.122,77.594,75.861
1574,11,2023-10-23,155860,659.0,2.895,4.992,1.881,77.969,77.337
1575,11,2023-10-30,156654,621.0,4.544,11.355,2.412,77.315,79.634
1576,11,2023-11-06,158101,688.0,1.946,4.491,2.206,77.496,75.152
1577,11,2023-11-13,159407,475.0,4.777,5.771,2.013,76.298,85.407
1578,11,2023-11-20,161468,546.0,2.984,5.579,2.06,77.562,78.089
1579,11,2023-11-27,162886,930.0,2.169,6.797,2.202,76.961,76.769
1580,11,2023-12-04,164225,386.0,3.589,9.402,1.96,76.71,72.292
1581,11,2023-12-11,165720,656.0,2.661,8.161,1.809,75.965,81.909
1582,11,2023-12-18,167673,674.0,3.092,4.375,2.922,83.842,78.495
1583,11,2023-12-25,169405,761.0,3.729,6.294,1.252,77.638,75.465
1584,11,2024-01-01,171404,725.0,3.296,6.932,1.086,76.841,79.2
1585,11,2024-01-08,172495,877.0,4.854,8.568,2.146,75.128,78.712
1586,11,2024-01-15,173866,985.0,4.143,5.222,4.334,76.989,77.373
1587,11,2024-01-22,175434,885.0,2.595,6.281,1.307,78.017,82.996
1588,11,2024-01-29,175861,513.0,3.176,6.178,4.232,76.612,79.186
1589,11,2024-02-05,177280,497.0,3.432,8.469,1.326,74.467,75.251
1590,11,2024-02-12,178617,828.0,3.975,5.674,1.332,76.186,81.335
1591,11,2024-02-19,179073,930.0,3.941,10.457,2.16,75.862,74.049
1592,11,2024-02-26,181113,567.0,2.253,8.463,2.927,75.73,90.902
1593,11,2024-03-04,183446,464.0,2.085,6.893,1.632,74.108,80.112
1594,11,2024-03-11,184691,1092.0,3.307,6.706,1.836,79.355,76.927
1595,11,2024-03-18,185966,790.0,2.567,16.208,1.297,77.565,82.975
1596,11,2024-03-25,188022,457.0,2.056,2.863,3.007,75.471,72.234
1597,11,2024-04-01,189514,590.0,4.213,5.782,1.389,74.56,78.416
1598,11,2024-04-08,190942,638.0,2.494,6.092,1.08,78.295,79.16
1599,11,2024-04-15,191892,648.0,1.946,7.265,2.084,76.802,85.2
1600,11,2024-04-22,193011,535.0,4.409,5.6,2.9,76.484,69.486
1601,11,2024-04-29,194122,886.0,2.025,5.319,1.953,85.851,85.162
1602,11,2024-05-06,195683,676.0,3.008,6.3,2.767,82.428,77.212
1603,11,2024-05-13,197337,915.0,2.481,6.747,5.507,76.876,79.94
1604,11,2024-05-20,198651,580.0,2.243,5.242,1.471,76.885,87.098
1605,11,2024-05-27,200098,541.0,2.83,5.299,2.439,76.78,78.41
1606,11,2024-06-10,202378,539.0,2.624,12.588,2.081,83.324,68.67
1607,11,2024-06-17,203338,688.0,1.909,5.672,1.135,78.188,71.21
1608,11,2024-06-24,204170,1045.0,2.779,12.083,1.722,76.033,74.927
1609,11,2024-07-01,205330,986.0,3.315,5.959,1.706,75.108,80.575
1610,11,2024-07-08,206618,549.0,2.802,13.422,2.941,76.661,71.234
1611,11,2024-07-15,208216,476.0,1.87,5.459,2.303,76.773,83.261
1612,11,2024-07-22,209878,656.0,2.74,6.091,3.966,75.558,82.967
1613,11,2024-07-29,210962,660.0,4.53,4.17,2.242,74.235,75.762
1614,11,2024-08-05,213300,708.0,2.677,5.856,2.755,76.964,90.653
1615,11,2024-08-12,214008,892.0,1.95,4.987,2.647,77.292,78.281
1616,11,2024-08-19,215906,635.0,2.955,2.302,1.682,84.362,83.248
1617,11,2024-08-26,216930,497.0,2.549,6.554,3.32,75.973,74.023
1618,11,2024-09-02,217773,936.0,3.592,6.01,2.347,77.2,75.424
1619,11,2024-09-09,219129,919.0,4.901,8.546,2.924,77.52,85.727
1620,11,2024-09-16,220410,776.0,2.272,6.135,1.204,74.755,79.097
1621,11,2024-09-23,221575,603.0,3.962,4.79,1.693,76.98,79.126
1622,11,2024-09-30,222955,694.0,3.068,6.148,1.673,76.977,80.989
1623,11,2024-10-07,224224,865.0,4.365,10.23,1.556,77.651,86.205
1624,11,2024-10-14,225371,731.0,3.192,6.063,1.707,75.407,86.09
1625,11,2024-10-21,226066,2047.0,4.176,6.366,2.192,75.349,80.552
1626,11,2024-10-28,227873,589.0,4.687,5.144,6.168,74.414,66.485
1627,11,2024-11-04,229188,1013.0,2.716,8.35,2.272,74.786,71.478
1628,11,2024-11-11,230420,622.0,2.925,4.634,2.186,77.162,81.699
1629,11,2024-11-25,232488,415.0,4.431,8.899,3.827,77.424,68.716
1630,11,2024-12-02,233476,1167.0,3.01,4.616,1.843,83.825,79.916
1631,11,2024-12-09,234095,432.0,2.812,5.359,1.087,77.503,73.614
1632,11,2024-12-16,235055,970.0,2.525,6.74,2.074,75.635,81.941
1633,11,2024-12-23,236386,61.0,3.937,8.088,1.845,77.227,74.088
1634,11,2024-12-30,237873,694.0,1.757,7.696,3.391,78.944,88.182
1635,11,2025-01-06,239101,1476.0,3.733,5.752,1.624,77.053,72.638
1636,11,2025-01-13,240265,520.0,3.522,5.382,1.72,77.642,75.552
1637,11,2025-01-20,241924,458.0,3.041,3.493,1.47,78.443,72.137
1638,11,2025-01-27,243245,626.0,3.821,5.662,3.296,77.202,89.785
1639,11,2025-02-03,244241,620.0,3.04,12.27,2.339,76.15,76.52
1640,11,2025-02-10,245573,833.0,4.487,4.713,1.604,75.975,89.057
1641,11,2025-02-17,246033,547.0,2.971,3.544,3.338,75.287,73.4
1642,11,2025-02-24,246546,1190.0,4.442,15.156,2.696,78.241,75.137
1643,11,2025-03-03,247996,1394.0,4.834,12.539,4.841,76.648,77.173
1644,11,2025-03-10,248993,401.0,3.129,6.47,2.71,73.78,70.228
1645,11,2025-03-17,250408,593.0,2.287,2.976,2.241,79.707,83.984
1646,11,2025-03-24,251975,650.0,2.79,7.13,2.956,77.777,77.927
1647,11,2025-03-31,253096,688.0,3.82,7.314,4.354,80.033,71.501
1648,11,2025-04-07,253940,942.0,2.16,5.18,1.374,75.7,92.25
1649,11,2025-04-14,255247,1381.0,2.198,7.444,2.241,82.824,80.398
1650,11,2025-04-21,256948,579.0,4.508,10.267,1.33,73.313,77.693
1651,11,2025-04-28,258875,624.0,4.393,4.761,1.184,76.297,71.26
1652,11,2025-05-05,260741,887.0,5.171,2.949,2.099,76.729,71.431
1653,11,2025-05-12,262279,686.0,2.817,3.471,1.328,77.212,89.717
1654,11,2025-05-19,263100,675.0,3.323,3.688,2.334,76.79,78.851
1655,11,2025-05-26,264971,655.0,2.922,6.73,2.596,73.766,78.228
1656,11,2025-06-02,265458,1099.0,4.002,3.065,1.238,74.916,68.71
1657,11,2025-06-09,266550,796.0,2.665,7.235,3.828,85.791,78.486
1658,11,2025-06-16,267514,924.0,2.298,5.988,1.086,74.672,76.787
1659,11,2025-06-23,268451,486.0,4.273,3.462,1.69,75.569,73.464
1660,11,2025-06-30,269790,1136.0,3.54,9.264,2.817,77.384,76.298
1661,11,2025-07-07,271260,926.0,3.07,3.922,2.749,77.499,82.39
1662,11,2025-07-14,272774,712.0,2.911,7.611,1.965,76.269,81.288
1663,11,2025-07-21,274240,439.0,3.019,7.511,1.475,74.273,66.27
1664,11,2025-07-28,275593,965.0,3.484,10.505,1.157,77.183,80.382
1665,11,2025-08-04,276652,567.0,2.837,12.457,2.991,79.355,75.972
1666,11,2025-08-11,278222,1016.0,1.996,4.926,3.369,78.422,89.139
1667,11,2025-08-18,279544,692.0,3.039,4.881,2.523,76.959,84.291
1668,11,2025-08-25,281046,733.0,3.538,3.952,0.941,78.448,73.273
1669,11,2025-09-01,281303,1046.0,3.147,7.308,2.97,75.582,86.955
1670,11,2025-09-08,282549,989.0,3.092,7.211,4.803,75.623,73.521
1671,11,2025-09-15,284123,404.0,3.739,4.547,2.146,75.698,83.232
1672,11,2025-09-22,285590,628.0,4.662,5.908,3.148,74.797,84.216
1673,11,2025-09-29,286787,669.0,3.086,5.721,3.176,78.68,74.282
1674,11,2025-10-06,288505,694.0,2.663,5.212,1.778,75.931,70.107
1675,11,2025-10-13,289597,673.0,3.7,3.862,1.721,76.602,83.645
1676,11,2025-10-20,290860,1112.0,2.251,5.081,2.957,76.847,80.6
1677,11,2025-10-27,291099,605.0,2.903,12.132,0.929,77.445,74.07
1678,11,2025-11-03,292302,647.0,2.38,3.343,3.201,77.991,73.466
1679,11,2025-11-10,294217,561.0,2.394,5.979,2.036,74.758,76.444
1680,11,2025-11-17,295082,1474.0,3.791,6.645,3.055,73.955,83.481
1681,11,2025-11-24,297012,414.0,2.41,8.355,2.921,75.706,71.334
1682,11,2025-12-01,297712,688.0,3.092,5.593,1.948,74.399,79.883
1683,11,2025-12-08,298818,732.0,5.446,5.124,2.476,76.887,85.784
1684,11,2025-12-15,300102,822.0,2.805,4.454,0.514,78.209,78.412
1685,11,2025-12-22,301457,564.0,4.469,5.765,1.305,74.776,72.134
1686,11,2025-12-29,302670,471.0,2.273,1.732,3.032,76.85,87.611
1687,12,2023-01-02,125914,828.0,3.377,4.442,1.47,78.067,80.545
1688,12,2023-01-09,127336,706.0,3.234,4.444,2.908,79.092,85.887
1689,12,2023-01-16,129329,1009.0,4.155,7.46,3.038,82.522,87.007
1690,12,2023-01-23,130388,499.0,1.953,4.807,3.002,76.939,78.156
1691,12,2023-01-30,131952,672.0,1.835,11.853,3.082,75.322,83.413
1692,12,2023-02-06,132455,591.0,3.913,4.838,1.857,77.873,81.664
1693,12,2023-02-13,134399,945.0,3.554,5.77,3.399,77.899,76.301
1694,12,2023-02-20,136141,563.0,4.614,6.512,1.64,73.731,74.4
1695,12,2023-02-27,137245,553.0,2.999,11.204,1.699,75.394,75.806
1696,12,2023-03-06,139220,939.0,3.849,5.115,2.551,86.532,90.822
1697,12,2023-03-13,140216,731.0,3.136,5.498,3.002,75.399,73.64
1698,12,2023-03-20,141270,758.0,5.133,2.84,1.075,76.932,71.947
1699,12,2023-03-27,143033,489.0,2.369,7.164,2.936,76.301,68.3
1700,12,2023-04-03,144609,675.0,2.406,5.885,4.499,83.569,79.284
1701,12,2023-04-10,146514,630.0,4.4,7.022,2.566,75.354,78.319
1702,12,2023-04-17,148059,1046.0,3.147,7.308,2.97,75.582,86.955
1703,12,2023-04-24,149742,711.0,2.005,6.802,2.918,85.096,87.445
1704,12,2023-05-01,150604,968.0,5.189,6.27,2.241,76.782,65.994
1705,12,2023-05-08,151860,667.0,2.557,7.254,1.474,77.106,81.029
1706,12,2023-05-15,153519,508.0,2.65,13.78,2.125,76.951,73.155
1707,12,2023-05-22,154538,389.0,3.246,11.097,1.448,76.668,75.544
1708,12,2023-05-29,155403,1019.0,4.706,7.255,1.279,75.37,69.301
1709,12,2023-06-05,155486,999.0,2.066,5.061,1.478,78.507,85.541
1710,12,2023-06-12,156839,628.0,2.054,6.794,1.274,76.909,89.344
1711,12,2023-06-19,158305,634.0,4.0,7.85,1.779,75.123,77.906
1712,12,2023-06-26,160124,471.0,3.456,5.164,2.983,76.973,65.421
1713,12,2023-07-03,161849,807.0,2.223,6.581,1.529,77.293,76.503
1714,12,2023-07-10,163105,698.0,2.78,8.481,1.992,79.043,74.153
1715,12,2023-07-17,164349,1413.0,2.87,5.065,1.716,77.48,77.13
1716,12,2023-07-24,165415,510.0,4.641,3.946,1.855,78.017,74.075
1717,12,2023-07-31,166461,633.0,2.966,6.667,2.904,77.048,82.154
1718,12,2023-08-07,167726,785.0,2.344,1.947,1.604,76.212,73.715
1719,12,2023-08-14,169603,585.0,3.958,14.61,2.522,74.303,83.567
1720,12,2023-08-21,170494,994.0,2.741,9.548,0.91,76.289,76.643
1721,12,2023-08-28,171077,462.0,3.533,6.938,5.998,77.045,65.763
1722,12,2023-09-04,172438,893.0,5.159,2.684,1.512,80.771,74.109
1723,12,2023-09-11,173481,443.0,3.754,12.816,1.311,77.058,70.581
1724,12,2023-09-18,174995,1061.0,4.767,4.373,2.128,75.297,64.95
1725,12,2023-09-25,175832,924.0,4.979,13.328,1.02,77.683,79.624
1726,12,2023-10-02,176950,832.0,4.072,6.7,1.737,74.51,85.696
1727,12,2023-10-09,178139,515.0,3.213,7.412,2.29,76.635,69.998
1728,12,2023-10-16,179733,858.0,4.62,8.04,3.179,77.312,82.101
1729,12,2023-10-23,180366,863.0,2.927,9.281,1.032,75.852,69.525
1730,12,2023-10-30,181319,1341.0,2.358,4.388,1.677,77.238,86.26
1731,12,2023-11-06,182857,544.0,3.002,5.559,2.46,76.093,77.27
1732,12,2023-11-13,183670,1063.0,4.398,6.434,3.618,77.699,85.5
1733,12,2023-11-20,185514,878.0,4.158,2.538,1.05,75.832,76.736
1734,12,2023-11-27,187132,654.0,3.339,4.414,2.983,82.863,65.852
1735,12,2023-12-04,187839,698.0,2.542,4.872,1.581,75.332,88.595
1736,12,2023-12-11,189396,1608.0,4.049,7.123,4.785,76.264,80.356
1737,12,2023-12-18,190333,687.0,3.733,2.563,3.479,84.447,80.873
1738,12,2023-12-25,191716,644.0,3.37,9.156,1.36,78.03,73.277
1739,12,2024-01-01,193511,832.0,4.846,5.581,0.691,76.012,79.207
1740,12,2024-01-08,194307,761.0,2.147,6.031,1.809,76.545,73.397
1741,12,2024-01-15,195856,1331.0,5.42,7.996,2.56,76.56,87.261
1742,12,2024-01-22,197247,485.0,4.698,6.142,2.984,77.432,85.145
1743,12,2024-01-29,197783,640.0,4.775,6.672,1.58,76.222,79.245
1744,12,2024-02-05,198792,916.0,5.354,7.991,2.009,75.647,75.52
1745,12,2024-02-12,199269,1349.0,2.611,0.353,5.112,76.655,81.689
1746,12,2024-02-19,199935,669.0,3.408,3.354,3.859,76.431,78.315
1747,12,2024-02-26,201250,1018.0,3.767,7.732,1.673,75.572,75.798
1748,12,2024-03-04,203184,423.0,2.558,7.252,1.772,76.478,86.269
1749,12,2024-03-11,204638,894.0,3.0,7.384,2.244,83.484,76.269
1750,12,2024-03-18,206273,704.0,3.628,6.208,2.092,78.01,82.768
1751,12,2024-03-25,207390,763.0,2.268,3.468,2.805,74.423,72.056
1752,12,2024-04-01,208556,761.0,3.777,4.24,1.328,76.416,70.713
1753,12,2024-04-08,209749,710.0,3.301,3.996,3.152,80.161,79.003
1754,12,2024-04-15,210896,991.0,2.447,5.164,2.422,76.118,77.923
1755,12,2024-04-22,211588,563.0,3.396,5.167,1.587,76.577,70.786
1756,12,2024-04-29,213003,809.0,2.525,7.397,2.54,78.506,86.336
1757,12,2024-05-06,213963,693.0,4.566,5.736,2.465,76.162,82.874
1758,12,2024-05-13,215142,657.0,1.954,5.188,2.858,79.882,76.18
1759,12,2024-05-20,215865,451.0,1.706,7.099,1.495,76.266,76.103
1760,12,2024-05-27,217849,864.0,3.055,8.636,1.298,75.95,72.523
1761,12,2024-06-03,218771,576.0,2.936,7.738,2.019,74.977,77.255
1762,12,2024-06-10,220066,529.0,3.698,6.329,3.526,76.148,74.773
1763,12,2024-06-17,221078,504.0,2.909,4.121,2.124,76.656,86.749
1764,12,2024-06-24,222421,381.0,3.931,6.987,3.58,84.114,83.264
1765,12,2024-07-01,224067,700.0,2.745,4.818,3.144,76.256,76.016
1766,12,2024-07-08,225009,468.0,4.576,4.213,1.741,77.358,77.806
1767,12,2024-07-15,226681,932.0,4.758,3.437,2.289,76.013,70.238
1768,12,2024-07-22,227758,872.0,4.466,9.74,3.176,74.311,88.543
1769,12,2024-07-29,228997,991.0,4.069,6.265,1.543,75.201,82.343
1770,12,2024-08-05,230480,879.0,3.168,1.964,2.094,75.79,74.128
1771,12,2024-08-12,232481,928.0,4.861,6.101,2.481,75.888,82.668
1772,12,2024-08-19,233450,366.0,3.636,9.466,2.935,77.496,82.205
1773,12,2024-08-26,234632,1218.0,3.194,8.386,2.027,77.844,75.479
1774,12,2024-09-02,235755,541.0,2.112,1.959,2.778,74.537,72.186
1775,12,2024-09-09,237182,512.0,4.402,5.061,2.088,76.255,71.785
1776,12,2024-09-16,238373,632.0,2.149,4.534,2.993,80.965,81.841
1777,12,2024-09-23,239924,621.0,4.233,9.547,2.876,75.975,80.651
1778,12,2024-09-30,241016,619.0,2.51,7.004,1.255,76.74,77.368
1779,12,2024-10-07,242050,1160.0,1.938,5.514,2.079,76.704,74.458
1780,12,2024-10-14,243393,583.0,5.186,6.398,5.175,74.51,69.796
1781,12,2024-10-21,244177,795.0,4.627,4.479,1.901,76.892,83.252
1782,12,2024-10-28,245326,638.0,2.674,5.646,1.84,77.749,86.248
1783,12,2024-11-04,247209,470.0,2.195,8.77,2.988,76.222,87.215
1784,12,2024-11-11,248536,547.0,2.289,13.826,1.616,76.575,82.878
1785,12,2024-11-18,250355,1129.0,2.292,7.224,3.423,82.246,77.303
1786,12,2024-11-25,251129,993.0,5.2,6.549,2.574,76.011,74.071
1787,12,2024-12-02,253043,879.0,2.81,4.646,4.636,76.412,76.214
1788,12,2024-12-09,253707,580.0,4.175,11.5,2.535,79.009,71.231
1789,12,2024-12-16,254526,1413.0,3.598,6.421,1.335,72.631,65.31
1790,12,2024-12-23,255728,861.0,1.738,4.307,1.873,77.073,75.307
1791,12,2024-12-30,257372,681.0,3.459,5.614,1.503,84.452,89.126
1792,12,2025-01-06,258807,558.0,2.517,4.461,3.688,77.08,71.931
1793,12,2025-01-13,259879,697.0,3.872,1.686,1.473,78.227,79.87
1794,12,2025-01-20,261016,1435.0,2.624,8.573,2.31,76.199,90.046
1795,12,2025-01-27,262340,902.0,3.939,7.667,2.686,76.68,68.95
1796,12,2025-02-03,263369,581.0,4.354,3.531,1.244,77.248,74.33
1797,12,2025-02-10,265409,572.0,2.152,5.115,2.046,76.9,86.107
1798,12,2025-02-17,266105,561.0,4.919,13.949,1.64,77.039,82.831
1799,12,2025-02-24,267553,566.0,4.064,4.439,3.013,76.29,75.016
1800,12,2025-03-03,268872,393.0,4.648,8.439,2.096,76.989,90.912
1801,12,2025-03-10,269919,420.0,3.22,4.833,1.194,78.687,72.485
1802,12,2025-03-17,271284,1103.0,2.682,4.255,2.654,77.266,90.171
1803,12,2025-03-24,272725,609.0,2.738,5.794,1.124,77.278,79.505
1804,12,2025-03-31,274294,692.0,4.127,5.476,0.667,78.3,75.624
1805,12,2025-04-07,275351,686.0,4.46,6.579,2.251,78.638,76.076
1806,12,2025-04-14,276108,553.0,3.326,2.574,2.229,80.619,75.382
1807,12,2025-04-21,278049,388.0,2.96,12.829,1.518,81.946,70.632
1808,12,2025-04-28,280702,783.0,3.773,0.414,1.886,76.848,86.382
1809,12,2025-05-05,281386,1219.0,3.147,8.95,1.166,74.683,72.54
1810,12,2025-05-12,282689,565.0,3.317,6.244,2.06,82.312,68.127
1811,12,2025-05-19,283416,757.0,5.065,6.964,1.884,76.936,73.491
1812,12,2025-05-26,284106,727.0,2.777,6.423,1.944,76.056,72.926
1813,12,2025-06-02,285609,439.0,4.514,5.597,1.428,82.354,72.787
1814,12,2025-06-09,286449,881.0,3.529,6.751,1.438,77.671,70.456
1815,12,2025-06-16,288918,1031.0,2.602,9.339,1.278,75.739,75.242
1816,12,2025-06-23,290612,979.0,3.935,6.295,5.165,77.102,65.612
1817,12,2025-06-30,292339,976.0,4.786,14.509,2.101,76.066,77.389
1818,12,2025-07-07,293904,927.0,2.75,7.241,2.203,76.643,85.062
1819,12,2025-07-14,295639,457.0,2.64,6.533,1.987,76.387,79.829
1820,12,2025-07-21,296239,927.0,4.717,6.433,2.635,76.659,82.58
1821,12,2025-07-28,297158,755.0,4.592,3.732,1.624,78.872,85.842
1822,12,2025-08-04,298560,1041.0,4.428,5.421,2.895,81.887,71.348
1823,12,2025-08-11,299442,369.0,2.746,6.989,1.83,77.181,75.697
1824,12,2025-08-18,301075,642.0,4.522,6.365,2.094,75.549,72.252
1825,12,2025-08-25,302055,1261.0,2.583,3.926,2.02,75.074,72.455
1826,12,2025-09-01,302814,525.0,4.037,6.177,2.403,74.288,84.369
1827,12,2025-09-08,303813,419.0,3.772,4.728,1.583,73.813,73.39
1828,12,2025-09-15,304776,702.0,2.597,7.161,3.02,75.781,73.256
1829,12,2025-09-22,305821,1325.0,2.576,4.705,1.95,83.532,77.925
1830,12,2025-09-29,308191,733.0,1.91,5.468,2.262,78.099,85.19
1831,12,2025-10-06,309007,720.0,3.276,4.678,0.926,75.724,75.295
1832,12,2025-10-20,310988,983.0,3.941,11.174,1.897,75.446,80.764
1833,12,2025-10-27,313312,967.0,3.028,7.558,2.973,78.958,75.574
1834,12,2025-11-03,314012,858.0,3.361,6.634,1.224,77.032,84.148
1835,12,2025-11-10,315337,784.0,2.114,10.067,1.638,76.92,82.27
1836,12,2025-11-17,316218,978.0,2.007,3.795,2.026,76.934,72.71
1837,12,2025-11-24,316680,897.0,3.297,7.349,2.544,75.064,85.071
1838,12,2025-12-01,318306,540.0,3.433,5.863,1.559,74.249,84.295
1839,12,2025-12-08,319601,443.0,2.827,8.078,1.894,74.892,75.764
1840,12,2025-12-15,321022,1026.0,3.085,10.038,2.537,77.52,73.602
1841,12,2025-12-22,322421,590.0,4.213,5.782,1.389,74.56,78.416
1842,12,2025-12-29,324040,993.0,2.026,5.038,3.306,74.128,81.511
1843,13,2023-01-02,103907,476.0,2.279,1.444,2.666,84.97,81.906
1844,13,2023-01-09,105676,703.0,4.286,5.133,1.939,74.866,80.346
1845,13,2023-01-16,107351,852.0,4.824,4.778,2.792,88.741,74.506
1846,13,2023-01-23,108367,926.0,2.973,6.37,3.728,76.124,70.288
1847,13,2023-01-30,109633,589.0,0.081,5.942,2.309,78.107,83.591
1848,13,2023-02-06,110725,657.0,2.995,4.179,2.479,77.226,78.19
1849,13,2023-02-13,112203,564.0,4.466,12.281,2.251,76.233,84.045
1850,13,2023-02-20,113013,827.0,4.151,5.761,2.109,75.78,70.324
1851,13,2023-02-27,113772,406.0,2.126,5.137,1.795,77.034,77.208
1852,13,2023-03-06,114381,500.0,4.547,8.212,2.559,75.203,83.596
1853,13,2023-03-13,115484,438.0,4.189,7.779,1.252,76.603,71.978
1854,13,2023-03-20,116344,803.0,2.668,6.909,2.982,76.9,78.823
1855,13,2023-03-27,118306,891.0,2.681,6.325,2.965,74.831,78.357
1856,13,2023-04-03,119194,809.0,1.865,6.83,1.36,73.804,82.556
1857,13,2023-04-10,120060,1000.0,3.459,16.437,2.346,77.578,74.045
1858,13,2023-04-17,121129,1642.0,1.939,9.873,1.38,76.139,79.837
1859,13,2023-04-24,122427,459.0,2.698,7.061,2.435,75.436,82.158
1860,13,2023-05-01,124006,487.0,4.413,6.404,1.848,84.051,89.369
1861,13,2023-05-08,125800,503.0,3.809,7.975,3.216,74.234,72.927
1862,13,2023-05-15,127704,445.0,2.229,5.756,1.805,72.684,78.063
1863,13,2023-05-22,128828,412.0,2.869,5.846,1.141,74.311,69.848
1864,13,2023-05-29,129427,952.0,2.447,7.588,2.011,76.195,75.894
1865,13,2023-06-05,130713,620.0,2.456,12.299,5.22,77.556,78.29
1866,13,2023-06-12,132054,508.0,2.11,7.528,1.631,80.933,89.343
1867,13,2023-06-19,132684,717.0,4.239,6.053,1.937,76.1,89.776
1868,13,2023-06-26,133618,538.0,2.205,5.257,1.54,85.497,86.802
1869,13,2023-07-03,134804,1453.0,2.96,7.468,2.839,75.769,71.623
1870,13,2023-07-10,136344,1130.0,2.217,4.432,1.092,76.029,76.101
1871,13,2023-07-17,138267,876.0,2.537,5.9,1.064,77.685,70.478
1872,13,2023-07-24,139951,866.0,4.346,4.1,1.099,78.992,71.586
1873,13,2023-07-31,141008,1271.0,0.493,4.34,1.129,76.877,68.975
1874,13,2023-08-07,142558,736.0,4.352,4.229,2.688,76.701,83.293
1875,13,2023-08-14,143685,603.0,3.395,10.966,1.891,81.693,83.343
1876,13,2023-08-21,145054,1118.0,2.505,4.616,4.903,77.006,74.768
1877,13,2023-08-28,145726,605.0,4.866,8.073,2.755,76.536,87.712
1878,13,2023-09-04,146995,817.0,2.714,3.204,1.785,76.692,76.84
1879,13,2023-09-11,148328,535.0,2.067,1.425,2.897,77.709,83.361
1880,13,2023-09-18,149890,739.0,3.118,5.461,1.874,76.693,73.633
1881,13,2023-09-25,151008,489.0,2.296,12.078,1.534,76.527,80.819
1882,13,2023-10-02,151949,516.0,2.087,4.561,5.362,73.478,82.592
1883,13,2023-10-09,153525,1089.0,2.725,13.377,2.22,75.959,74.78
1884,13,2023-10-16,155128,457.0,2.64,6.533,1.987,76.387,79.829
1885,13,2023-10-23,156569,728.0,4.282,7.247,1.9,74.827,72.805
1886,13,2023-10-30,157951,540.0,3.274,4.942,1.8,81.027,74.736
1887,13,2023-11-06,158838,716.0,4.727,3.141,2.256,77.901,72.777
1888,13,2023-11-13,159681,447.0,1.824,3.94,2.94,76.029,80.754
1889,13,2023-11-20,160892,752.0,1.135,5.564,1.767,74.606,73.911
1890,13,2023-11-27,162196,524.0,2.823,6.755,3.379,78.34,81.584
1891,13,2023-12-04,163580,655.0,4.155,8.472,3.379,81.707,78.805
1892,13,2023-12-11,165033,680.0,2.337,6.896,2.958,76.237,77.679
1893,13,2023-12-18,166182,505.0,4.296,6.604,1.929,82.068,85.777
1894,13,2023-12-25,167451,1232.0,5.097,2.49,0.857,76.6,85.247
1895,13,2024-01-01,168792,629.0,2.051,3.79,2.818,76.919,86.839
1896,13,2024-01-08,170066,953.0,3.782,9.728,2.884,75.485,78.794
1897,13,2024-01-15,171251,646.0,4.411,4.813,1.326,76.613,77.236
1898,13,2024-01-22,172678,591.0,3.103,6.757,1.892,75.853,74.914
1899,13,2024-01-29,173284,518.0,2.166,5.537,3.266,76.044,82.071
1900,13,2024-02-05,174625,1335.0,4.271,4.824,1.464,77.01,85.576
1901,13,2024-02-12,176143,1114.0,4.124,6.023,1.996,76.04,81.817
1902,13,2024-02-19,177363,728.0,2.294,4.075,2.878,74.08,73.147
1903,13,2024-02-26,178431,817.0,3.009,8.745,2.888,74.212,86.876
1904,13,2024-03-04,179563,1099.0,4.546,5.281,2.176,75.499,86.231
1905,13,2024-03-11,180364,1311.0,2.775,0.243,0.918,83.394,79.919
1906,13,2024-03-18,182218,500.0,3.26,6.392,3.067,76.068,86.473
1907,13,2024-03-25,183558,713.0,1.996,13.322,1.446,74.408,89.47
1908,13,2024-04-01,184786,741.0,3.012,5.17,2.624,78.299,87.269
1909,13,2024-04-08,186052,427.0,4.193,7.058,1.174,76.662,73.056
1910,13,2024-04-15,187479,1517.0,3.209,4.542,3.573,77.516,68.374
1911,13,2024-04-22,189403,1276.0,3.862,7.228,1.538,73.973,89.837
1912,13,2024-04-29,190882,529.0,2.951,4.582,2.532,75.26,72.866
1913,13,2024-05-06,191874,616.0,2.974,6.407,2.953,74.68,79.411
1914,13,2024-05-13,194338,752.0,2.653,7.149,1.469,77.542,72.638
1915,13,2024-05-20,195903,767.0,4.658,16.154,1.863,77.347,70.365
1916,13,2024-05-27,197136,678.0,3.841,10.74,5.919,79.656,80.7
1917,13,2024-06-03,198583,1048.0,2.604,7.1,3.769,82.133,80.491
1918,13,2024-06-10,199943,577.0,2.559,8.008,1.844,74.723,80.445
1919,13,2024-06-17,200819,839.0,2.162,13.965,1.94,76.045,67.9
1920,13,2024-06-24,202194,953.0,3.782,9.728,2.884,75.485,78.794
1921,13,2024-07-01,203510,511.0,4.296,4.669,1.612,76.733,76.949
1922,13,2024-07-08,204414,693.0,2.395,7.139,5.034,77.244,70.917
1923,13,2024-07-15,206130,569.0,1.195,4.131,3.061,76.352,67.323
1924,13,2024-07-22,207239,1213.0,2.615,12.881,2.19,76.892,73.27
1925,13,2024-07-29,208289,1204.0,4.955,5.332,3.721,75.862,81.873
1926,13,2024-08-05,209249,704.0,2.354,4.91,1.232,77.224,82.852
1927,13,2024-08-12,210352,459.0,2.676,5.413,2.567,76.595,88.251
1928,13,2024-08-19,211688,640.0,3.142,5.069,1.984,75.59,69.65
1929,13,2024-08-26,213040,1260.0,4.958,6.863,3.688,77.229,75.867
1930,13,2024-09-02,213747,601.0,3.482,4.225,2.594,76.305,74.825
1931,13,2024-09-09,215234,968.0,5.069,10.739,2.974,80.474,80.645
1932,13,2024-09-16,217025,761.0,4.536,10.226,1.082,75.177,79.528
1933,13,2024-09-23,217861,697.0,2.449,4.424,2.041,75.924,87.295
1934,13,2024-09-30,218426,638.0,4.675,10.842,1.466,82.181,64.991
1935,13,2024-10-07,219595,563.0,4.643,10.11,1.081,77.32,83.199
1936,13,2024-10-14,220967,617.0,3.398,4.794,1.33,78.269,78.564
1937,13,2024-10-21,222469,648.0,1.967,9.895,1.538,75.597,84.976
1938,13,2024-10-28,223406,513.0,3.125,11.589,2.568,75.431,72.239
1939,13,2024-11-04,224750,796.0,4.487,9.808,3.377,73.513,69.686
1940,13,2024-11-11,225544,1209.0,3.633,12.101,1.37,81.588,87.475
1941,13,2024-11-18,227159,594.0,2.335,6.493,1.382,75.71,77.604
1942,13,2024-11-25,228442,807.0,3.366,9.067,1.561,76.494,83.505
1943,13,2024-12-02,229949,377.0,3.149,6.462,1.389,75.655,78.538
1944,13,2024-12-09,231419,841.0,1.864,6.051,2.855,75.91,84.955
1945,13,2024-12-16,232846,1042.0,3.573,2.856,1.172,75.898,78.51
1946,13,2024-12-23,234250,625.0,2.789,8.021,4.831,74.453,80.363
1947,13,2024-12-30,236386,534.0,2.386,7.349,1.315,75.365,74.108
1948,13,2025-01-06,237760,1064.0,1.976,6.094,1.974,77.081,88.95
1949,13,2025-01-13,239091,1501.0,2.956,1.66,1.645,75.717,75.549
1950,13,2025-01-20,240094,973.0,3.728,12.78,6.514,76.64,80.663
1951,13,2025-01-27,241512,708.0,3.291,6.792,2.991,76.185,70.72
1952,13,2025-02-03,242511,609.0,5.248,4.293,2.707,77.755,81.648
1953,13,2025-02-10,244241,717.0,2.677,5.742,1.86,73.517,77.503
1954,13,2025-02-17,246134,1413.0,4.92,6.98,1.122,82.048,79.928
1955,13,2025-02-24,247936,952.0,4.155,7.093,3.768,75.902,83.022
1956,13,2025-03-03,249090,2024.0,2.765,5.432,2.082,75.667,71.834
1957,13,2025-03-10,250584,1097.0,3.81,7.886,3.027,75.496,79.046
1958,13,2025-03-17,252371,691.0,4.553,9.368,1.69,77.082,93.785
1959,13,2025-03-24,253165,547.0,2.91,10.837,2.855,78.104,79.546
1960,13,2025-03-31,254187,442.0,5.07,5.514,1.65,75.911,70.463
1961,13,2025-04-07,255169,670.0,3.451,7.51,2.356,74.76,88.473
1962,13,2025-04-14,256247,678.0,4.424,6.276,2.144,75.75,73.353
1963,13,2025-04-21,257572,864.0,5.376,9.207,3.944,77.109,82.24
1964,13,2025-04-28,258352,613.0,2.757,6.603,3.33,75.676,79.898
1965,13,2025-05-05,259664,663.0,3.847,5.339,1.92,75.899,78.219
1966,13,2025-05-12,260235,869.0,3.902,7.948,3.687,76.638,77.981
1967,13,2025-05-19,262287,741.0,2.538,7.039,2.36,77.194,71.87
1968,13,2025-05-26,263401,1114.0,4.776,5.657,2.521,83.94,80.683
1969,13,2025-06-02,265046,647.0,2.199,5.774,1.699,76.565,67.327
1970,13,2025-06-09,266413,515.0,0.992,7.37,1.571,76.01,73.242
1971,13,2025-06-16,268401,493.0,2.491,10.6,2.725,78.205,75.332
1972,13,2025-06-23,269736,772.0,3.758,5.267,1.318,77.268,91.353
1973,13,2025-06-30,270437,441.0,2.248,9.689,1.64,76.554,86.888
1974,13,2025-07-07,271236,667.0,2.56,7.296,2.679,75.617,76.428
1975,13,2025-07-14,272643,801.0,3.279,5.8,1.875,83.611,72.976
1976,13,2025-07-21,274345,1242.0,3.885,6.145,1.773,77.42,75.829
1977,13,2025-07-28,275470,1064.0,1.976,6.094,1.974,77.081,88.95
1978,13,2025-08-04,276377,437.0,3.574,11.626,1.594,75.837,84.032
1979,13,2025-08-11,277510,780.0,2.239,5.069,1.703,81.504,75.525
1980,13,2025-08-18,279841,773.0,2.446,5.241,5.369,76.024,81.325
1981,13,2025-08-25,281743,704.0,3.919,5.354,4.381,77.778,79.215
1982,13,2025-09-01,283272,669.0,3.149,4.814,3.485,76.498,72.571
1983,13,2025-09-08,284517,565.0,2.214,7.22,2.557,82.347,76.517
1984,13,2025-09-15,285737,870.0,5.027,6.129,1.989,77.199,75.487
1985,13,2025-09-22,286304,839.0,5.344,6.753,2.232,77.01,79.955
1986,13,2025-09-29,287658,897.0,3.589,8.259,1.63,77.884,73.547
1987,13,2025-10-06,289423,825.0,2.709,3.921,2.428,83.597,92.092
1988,13,2025-10-13,290492,780.0,2.868,4.771,1.409,75.476,77.662
1989,13,2025-10-20,291269,1026.0,4.222,7.791,5.789,76.053,82.987
1990,13,2025-10-27,292603,663.0,2.245,2.923,2.103,73.869,76.513
1991,13,2025-11-03,293770,341.0,3.068,6.279,1.687,77.431,70.604
1992,13,2025-11-10,295683,1036.0,4.414,6.861,1.169,74.906,80.613
1993,13,2025-11-17,296706,797.0,3.439,13.977,1.002,77.805,87.768
1994,13,2025-11-24,297885,809.0,2.851,6.378,2.525,80.307,75.771
1995,13,2025-12-01,299287,628.0,2.658,5.624,4.633,74.614,81.601
1996,13,2025-12-08,300343,486.0,4.384,7.561,2.844,80.893,75.324
1997,13,2025-12-15,301514,1200.0,3.582,8.789,2.668,79.944,89.602
1998,13,2025-12-22,302424,743.0,3.652,5.446,2.286,77.219,82.449
1999,13,2025-12-29,303832,1108.0,5.005,17.334,1.981,78.158,73.569
2000,14,2023-01-02,68671,484.0,3.275,10.249,2.746,74.854,74.13
2001,14,2023-01-09,69921,905.0,2.103,4.803,1.43,74.716,74.196
2002,14,2023-01-16,70502,1508.0,3.656,10.024,2.368,83.08,73.445
2003,14,2023-01-23,72533,691.0,2.018,7.54,1.648,77.293,74.809
2004,14,2023-01-30,74311,609.0,3.025,6.839,1.074,73.712,83.185
2005,14,2023-02-06,75513,854.0,2.421,5.446,2.469,76.618,79.968
2006,14,2023-02-13,76808,547.0,2.489,4.112,1.749,77.942,90.458
2007,14,2023-02-20,77777,753.0,1.715,5.192,3.278,77.571,80.2
2008,14,2023-02-27,78397,626.0,3.015,6.204,2.54,86.719,72.527
2009,14,2023-03-06,79305,1073.0,2.672,6.22,1.619,85.437,72.25
2010,14,2023-03-13,80389,524.0,2.703,7.887,2.819,76.812,78.867
2011,14,2023-03-20,81197,859.0,5.544,5.705,1.874,81.431,74.728
2012,14,2023-03-27,82358,728.0,2.556,6.163,1.988,74.317,75.153
2013,14,2023-04-03,83932,741.0,2.538,7.039,2.36,77.194,71.87
2014,14,2023-04-10,85782,422.0,3.164,8.151,1.681,77.922,73.016
2015,14,2023-04-17,87278,652.0,4.262,6.582,1.38,75.362,72.622
2016,14,2023-05-01,90095,746.0,2.543,4.177,3.598,75.173,83.362
2017,14,2023-05-08,91519,1087.0,2.424,5.12,2.49,74.213,85.461
2018,14,2023-05-15,92997,770.0,2.959,7.774,1.669,77.783,71.468
2019,14,2023-05-22,94332,769.0,3.517,5.784,4.082,76.783,77.619
2020,14,2023-05-29,95476,645.0,2.371,7.621,1.39,86.24,78.359
2021,14,2023-06-05,96490,646.0,3.718,6.404,1.157,77.579,77.206
2022,14,2023-06-12,97317,673.0,2.988,5.221,1.962,75.429,73.868
2023,14,2023-06-19,98874,1142.0,4.909,5.603,2.087,76.255,81.43
2024,14,2023-06-26,100004,714.0,2.899,12.261,3.591,78.793,78.76
2025,14,2023-07-03,102047,662.0,3.073,6.618,2.862,78.925,81.35
2026,14,2023-07-10,103653,417.0,4.052,8.169,1.418,76.447,78.817
2027,14,2023-07-17,104253,540.0,5.366,5.938,1.357,77.264,81.568
2028,14,2023-07-24,105754,710.0,2.621,11.215,2.636,76.67,72.884
2029,14,2023-07-31,107325,752.0,3.471,4.242,3.054,75.558,77.754
2030,14,2023-08-07,108535,1271.0,4.571,6.655,0.922,75.699,75.444
2031,14,2023-08-14,109790,932.0,2.146,5.141,1.354,74.529,69.285
2032,14,2023-08-21,111442,1133.0,4.084,5.385,1.49,80.484,75.567
2033,14,2023-08-28,113105,866.0,2.929,6.562,1.281,75.696,73.649
2034,14,2023-09-04,114579,1257.0,3.033,4.487,1.054,77.334,79.374
2035,14,2023-09-11,115689,338.0,4.357,6.638,1.496,75.5,78.774
2036,14,2023-09-18,116289,966.0,2.809,7.914,1.622,77.981,78.41
2037,14,2023-09-25,117592,530.0,5.142,6.49,1.142,77.776,76.748
2038,14,2023-10-02,119169,932.0,4.242,6.692,2.254,76.413,74.418
2039,14,2023-10-09,120406,472.0,3.336,8.677,1.985,75.328,87.575
2040,14,2023-10-16,121630,801.0,3.641,5.279,1.366,75.415,83.096
2041,14,2023-10-23,123450,598.0,2.947,7.24,4.159,75.501,74.274
2042,14,2023-10-30,124393,959.0,2.745,4.697,0.902,77.902,81.162
2043,14,2023-11-06,126433,816.0,2.428,3.109,2.849,76.676,75.859
2044,14,2023-11-13,127844,767.0,2.412,4.289,1.856,75.654,75.385
2045,14,2023-11-20,128817,959.0,3.577,10.019,2.198,76.829,77.195
2046,14,2023-11-27,130077,969.0,2.566,6.042,1.405,74.246,67.764
2047,14,2023-12-04,131692,999.0,2.4,5.559,3.137,77.09,69.589
2048,14,2023-12-11,132535,806.0,3.9,5.227,2.794,74.17,70.068
2049,14,2023-12-18,134032,576.0,2.67,4.521,1.232,77.194,81.676
2050,14,2023-12-25,134863,600.0,4.567,13.749,0.966,74.905,83.863
2051,14,2024-01-01,136143,466.0,4.455,12.545,1.578,80.341,76.506
2052,14,2024-01-08,137494,498.0,2.08,12.89,3.961,76.215,65.115
2053,14,2024-01-15,139208,956.0,2.774,6.475,2.696,83.243,73.733
2054,14,2024-01-22,141005,969.0,2.261,4.438,1.654,77.0,85.394
2055,14,2024-01-29,141981,735.0,2.987,3.529,2.808,75.391,84.313
2056,14,2024-02-05,142503,767.0,2.412,4.289,1.856,75.654,75.385
2057,14,2024-02-12,144097,938.0,3.448,6.974,2.632,76.376,76.612
2058,14,2024-02-19,145565,745.0,4.397,8.662,2.607,74.982,78.212
2059,14,2024-02-26,146462,678.0,3.841,10.74,5.919,79.656,80.7
2060,14,2024-03-04,147147,617.0,2.332,6.262,5.272,73.502,70.041
2061,14,2024-03-11,149159,665.0,4.102,6.165,2.803,77.002,78.164
2062,14,2024-03-18,150564,657.0,4.019,17.3,2.807,77.855,75.764
2063,14,2024-03-25,151337,787.0,4.725,6.32,0.328,82.878,85.631
2064,14,2024-04-01,153051,668.0,5.6,6.941,1.02,75.82,67.286
2065,14,2024-04-08,154854,987.0,4.312,4.082,2.507,76.501,77.402
2066,14,2024-04-15,156218,1061.0,1.954,6.948,3.194,75.684,78.543
2067,14,2024-04-22,156683,1257.0,4.409,4.327,2.608,77.946,82.84
2068,14,2024-04-29,157486,927.0,3.68,8.442,3.116,76.331,80.015
2069,14,2024-05-06,159106,583.0,3.398,6.147,1.627,76.224,70.614
2070,14,2024-05-13,161111,618.0,4.805,6.098,2.202,82.492,73.892
2071,14,2024-05-20,162646,625.0,1.854,4.151,2.283,73.875,81.945
2072,14,2024-05-27,163941,549.0,1.994,4.626,1.864,76.625,69.582
2073,14,2024-06-03,164874,520.0,3.127,3.224,2.531,74.839,82.663
2074,14,2024-06-10,166894,618.0,4.008,5.73,2.445,78.536,83.028
2075,14,2024-06-17,167793,746.0,3.108,5.577,3.268,73.353,72.238
2076,14,2024-06-24,168891,882.0,2.51,7.448,1.369,76.687,80.815
2077,14,2024-07-01,169838,812.0,1.906,3.733,1.137,74.992,81.214
2078,14,2024-07-08,170670,450.0,4.277,4.361,2.503,77.18,81.402
2079,14,2024-07-15,172386,931.0,2.585,1.865,1.236,76.142,71.22
2080,14,2024-07-22,173943,511.0,2.549,10.779,1.947,85.643,67.22
2081,14,2024-07-29,175595,1017.0,4.042,8.354,1.173,74.198,74.519
2082,14,2024-08-05,176835,737.0,3.622,8.723,3.009,73.823,82.848
2083,14,2024-08-12,177003,1041.0,2.618,6.031,3.444,75.874,74.213
2084,14,2024-08-19,177914,797.0,3.207,7.136,2.741,75.816,81.471
2085,14,2024-08-26,179786,871.0,2.399,4.86,1.518,75.355,83.491
2086,14,2024-09-02,181172,1657.0,2.002,8.298,4.168,76.693,70.554
2087,14,2024-09-09,182559,478.0,4.354,4.179,2.867,75.979,84.228
2088,14,2024-09-16,184018,838.0,2.293,6.514,2.46,77.803,86.725
2089,14,2024-09-23,185336,606.0,2.087,5.692,1.146,75.2,86.119
2090,14,2024-09-30,187114,474.0,4.057,7.177,2.883,75.683,76.329
2091,14,2024-10-07,188816,490.0,2.159,4.838,1.574,74.824,74.319
2092,14,2024-10-14,189982,1258.0,3.123,4.575,1.377,76.216,77.898
2093,14,2024-10-21,191079,579.0,2.333,6.244,2.328,75.558,80.687
2094,14,2024-10-28,192653,824.0,5.387,8.949,2.174,77.284,69.259
2095,14,2024-11-04,193964,676.0,2.535,7.869,4.208,76.695,79.031
2096,14,2024-11-11,194911,717.0,5.498,13.979,2.974,78.717,84.295
2097,14,2024-11-18,196344,800.0,2.949,5.125,2.621,76.802,67.221
2098,14,2024-11-25,197275,1088.0,3.414,6.444,3.067,77.149,88.523
2099,14,2024-12-02,199392,365.0,3.264,2.975,2.398,75.369,83.268
2100,14,2024-12-09,200996,1031.0,2.01,9.044,2.721,78.337,81.199
2101,14,2024-12-16,203044,611.0,3.662,5.13,2.183,76.309,85.424
2102,14,2024-12-23,204215,498.0,2.08,12.89,3.961,76.215,65.115
2103,14,2024-12-30,205484,765.0,3.88,6.67,2.68,74.905,84.819
2104,14,2025-01-06,206542,830.0,2.077,2.567,3.677,74.364,77.6
2105,14,2025-01-13,207678,1489.0,2.077,4.905,2.696,77.926,74.894
2106,14,2025-01-20,208640,580.0,2.192,3.719,2.621,83.596,86.429
2107,14,2025-01-27,210142,714.0,2.815,4.878,2.977,73.781,85.103
2108,14,2025-02-03,210722,1243.0,1.842,3.982,2.612,77.496,83.328
2109,14,2025-02-10,211859,918.0,2.982,11.246,2.724,76.194,92.015
2110,14,2025-02-17,212204,946.0,2.407,3.905,1.678,78.112,85.853
2111,14,2025-02-24,213150,956.0,2.786,4.179,1.54,77.709,77.005
2112,14,2025-03-03,215299,952.0,1.851,6.325,6.374,77.351,88.872
2113,14,2025-03-10,216341,818.0,4.27,7.289,1.889,76.196,90.176
2114,14,2025-03-17,216950,1330.0,2.574,8.465,1.868,77.071,83.94
2115,14,2025-03-24,218170,640.0,3.135,4.865,1.529,78.222,88.335
2116,14,2025-03-31,219435,1506.0,4.581,6.981,1.641,75.316,73.612
2117,14,2025-04-07,220824,868.0,4.849,7.976,1.695,78.013,87.998
2118,14,2025-04-14,221656,1012.0,4.48,4.673,3.345,84.243,66.897
2119,14,2025-04-21,223079,667.0,3.034,5.835,2.039,78.384,71.695
2120,14,2025-04-28,224540,630.0,3.68,8.179,3.213,78.038,76.131
2121,14,2025-05-05,225685,953.0,3.605,4.396,1.813,84.469,71.982
2122,14,2025-05-12,226297,1046.0,2.653,6.999,1.498,80.706,79.848
2123,14,2025-05-19,227533,1101.0,2.479,5.67,3.024,77.162,71.472
2124,14,2025-05-26,228293,715.0,3.236,5.5,1.515,77.561,74.139
2125,14,2025-06-02,229325,715.0,3.362,6.875,1.525,75.589,77.628
2126,14,2025-06-09,230819,471.0,5.009,5.211,5.4,77.365,71.5
2127,14,2025-06-16,232166,604.0,0.09,5.454,3.434,74.332,78.266
2128,14,2025-06-23,233094,1037.0,4.022,7.597,4.517,78.3,79.683
2129,14,2025-06-30,233813,504.0,4.164,3.858,1.574,78.154,78.914
2130,14,2025-07-07,235872,643.0,4.286,5.007,1.814,76.579,89.859
2131,14,2025-07-14,236791,521.0,5.023,6.798,2.744,75.994,76.481
2132,14,2025-07-21,238182,968.0,5.467,6.973,2.309,75.477,69.595
2133,14,2025-07-28,239026,722.0,3.784,5.365,1.581,78.169,72.729
2134,14,2025-08-04,240142,698.0,3.887,5.217,2.555,79.362,72.896
2135,14,2025-08-11,240639,1427.0,2.255,7.184,1.38,74.259,70.749
2136,14,2025-08-18,241416,728.0,4.23,13.037,1.243,78.507,78.554
2137,14,2025-08-25,242641,1072.0,5.565,9.235,2.877,76.396,72.636
2138,14,2025-09-01,243980,993.0,2.026,5.038,3.306,74.128,81.511
2139,14,2025-09-08,245542,593.0,4.449,6.689,1.105,75.727,80.535
2140,14,2025-09-15,246391,699.0,2.109,9.323,2.727,76.57,80.827
2141,14,2025-09-22,247894,849.0,5.663,6.236,2.021,75.379,88.681
2142,14,2025-09-29,249425,715.0,3.075,10.513,2.946,76.564,77.029
2143,14,2025-10-06,251452,1138.0,4.216,5.668,1.157,87.418,81.402
2144,14,2025-10-13,252436,708.0,2.816,5.116,1.148,85.79,82.191
2145,14,2025-10-20,253419,663.0,3.567,9.116,1.994,80.106,68.368
2146,14,2025-10-27,255667,751.0,4.792,4.214,4.806,76.461,74.533
2147,14,2025-11-03,256995,512.0,2.467,6.344,2.302,74.502,79.481
2148,14,2025-11-10,258128,494.0,3.273,7.327,3.811,76.533,80.008
2149,14,2025-11-17,259078,1032.0,5.114,5.489,3.334,85.217,91.916
2150,14,2025-11-24,260033,424.0,3.048,7.696,2.601,74.992,80.581
2151,14,2025-12-01,260499,974.0,2.763,10.87,2.817,77.019,80.246
2152,14,2025-12-08,261566,585.0,2.633,6.034,5.642,81.224,81.72
2153,14,2025-12-15,262839,1158.0,4.191,5.513,3.322,84.039,64.577
2154,14,2025-12-22,264507,1514.0,3.338,5.32,1.569,77.161,81.098
2155,14,2025-12-29,265485,755.0,3.254,7.125,2.519,80.107,82.943
2156,15,2023-01-02,33474,343.0,3.646,5.297,2.811,76.84,83.551
2157,15,2023-01-09,34196,546.0,3.308,10.456,2.322,74.34,82.246
2158,15,2023-01-16,35546,434.0,2.022,7.296,3.127,74.991,80.441
2159,15,2023-01-23,36935,736.0,2.366,7.474,3.423,77.429,88.124
2160,15,2023-01-30,37952,1308.0,4.937,6.079,1.457,76.065,74.641
2161,15,2023-02-06,39329,793.0,2.092,8.575,1.611,80.333,79.796
2162,15,2023-02-13,40290,692.0,4.494,7.067,1.073,76.08,84.868
2163,15,2023-02-20,42082,746.0,2.749,6.17,1.039,77.495,71.349
2164,15,2023-02-27,43651,1418.0,2.248,5.45,3.106,75.062,83.282
2165,15,2023-03-06,45713,828.0,3.217,6.277,3.708,77.889,86.299
2166,15,2023-03-13,47284,562.0,4.788,7.6,1.578,83.349,85.081
2167,15,2023-03-20,48511,531.0,3.75,6.846,2.302,81.12,88.879
2168,15,2023-03-27,50186,801.0,2.584,3.558,1.208,74.389,76.897
2169,15,2023-04-03,50605,633.0,5.426,7.314,3.22,78.343,79.724
2170,15,2023-04-10,52107,685.0,4.115,5.343,1.488,76.233,76.644
2171,15,2023-04-17,53240,902.0,2.205,6.227,1.771,78.976,87.207
2172,15,2023-04-24,54531,514.0,2.42,6.485,1.752,83.131,83.15
2173,15,2023-05-01,55622,673.0,2.22,4.794,2.196,77.38,78.852
2174,15,2023-05-08,57628,635.0,3.244,3.909,1.934,75.77,77.701
2175,15,2023-05-15,59635,671.0,2.383,4.145,1.531,76.361,72.795
2176,15,2023-05-22,61580,814.0,2.233,4.732,1.735,77.346,85.939
2177,15,2023-05-29,63031,771.0,3.394,6.028,3.397,77.11,77.718
2178,15,2023-06-05,64478,724.0,2.88,1.194,3.262,80.313,75.888
2179,15,2023-06-12,65822,641.0,3.642,13.85,2.836,77.083,77.245
2180,15,2023-06-19,67163,1237.0,1.937,7.956,2.576,75.886,77.872
2181,15,2023-06-26,68684,576.0,5.373,6.01,0.949,76.476,71.17
2182,15,2023-07-03,70067,835.0,2.62,6.813,3.156,80.399,83.428
2183,15,2023-07-10,71005,693.0,4.522,1.683,2.162,76.591,72.291
2184,15,2023-07-17,72210,860.0,3.034,7.997,2.49,74.654,88.94
2185,15,2023-07-24,72805,537.0,4.627,3.416,2.526,76.63,83.616
2186,15,2023-07-31,74331,1057.0,3.751,9.8,3.042,73.078,90.155
2187,15,2023-08-07,75879,1076.0,4.274,5.067,2.064,76.941,73.183
2188,15,2023-08-14,77249,763.0,5.393,7.723,2.034,76.653,78.835
2189,15,2023-08-21,77874,342.0,1.929,4.602,1.835,74.189,64.807
2190,15,2023-08-28,79444,675.0,4.701,4.352,1.825,76.261,90.688
2191,15,2023-09-04,79965,758.0,3.364,12.194,1.328,75.486,66.137
2192,15,2023-09-11,82534,479.0,3.32,4.231,2.595,73.795,84.046
2193,15,2023-09-18,83135,1018.0,3.767,7.732,1.673,75.572,75.798
2194,15,2023-09-25,84367,358.0,2.567,3.842,3.057,77.807,77.552
2195,15,2023-10-02,85736,797.0,3.027,4.684,1.577,74.733,73.263
2196,15,2023-10-09,87023,1028.0,1.791,4.972,0.969,76.986,85.664
2197,15,2023-10-16,88438,468.0,3.032,5.136,0.866,76.092,81.79
2198,15,2023-10-23,88999,1208.0,2.849,4.551,1.532,85.586,70.154
2199,15,2023-10-30,91021,875.0,2.706,4.952,3.186,76.946,79.434
2200,15,2023-11-06,92192,789.0,2.66,6.62,2.568,77.228,84.91
2201,15,2023-11-13,93306,665.0,2.763,7.45,3.961,77.636,76.769
2202,15,2023-11-20,94784,398.0,3.104,15.623,1.238,86.157,91.152
2203,15,2023-11-27,96532,999.0,3.859,8.138,0.84,77.999,85.429
2204,15,2023-12-11,98718,542.0,4.17,12.581,5.842,77.115,75.751
2205,15,2023-12-18,100106,657.0,4.067,7.178,2.759,75.03,82.864
2206,15,2023-12-25,100882,1553.0,3.405,5.522,3.652,77.015,71.563
2207,15,2024-01-01,102289,400.0,2.525,3.886,2.317,78.578,67.877
2208,15,2024-01-08,103699,1106.0,2.711,4.234,3.677,76.783,79.501
2209,15,2024-01-15,105383,716.0,4.727,3.141,2.256,77.901,72.777
2210,15,2024-01-22,105894,568.0,3.001,5.421,1.813,76.643,77.044
2211,15,2024-01-29,107529,632.0,2.791,4.917,1.451,78.836,69.473
2212,15,2024-02-05,108425,393.0,3.997,6.38,2.159,76.419,74.933
2213,15,2024-02-12,109711,564.0,3.046,6.657,2.078,78.458,71.892
2214,15,2024-02-19,110338,692.0,4.355,5.457,2.394,75.663,89.668
2215,15,2024-02-26,111287,585.0,3.188,8.199,1.716,82.23,88.488
2216,15,2024-03-04,112626,681.0,3.794,3.765,1.747,78.267,76.272
2217,15,2024-03-11,114170,499.0,3.549,4.844,3.467,75.713,82.376
2218,15,2024-03-18,115155,1322.0,3.604,4.704,3.157,77.025,70.802
2219,15,2024-03-25,117155,626.0,3.902,8.126,2.44,76.798,85.275
2220,15,2024-04-01,117785,740.0,2.359,7.147,1.53,76.443,80.064
2221,15,2024-04-08,118995,522.0,3.139,14.242,2.598,75.015,75.269
2222,15,2024-04-15,120135,607.0,2.69,5.103,2.22,76.527,73.376
2223,15,2024-04-22,121521,567.0,2.602,6.138,1.222,77.551,74.849
2224,15,2024-04-29,122943,768.0,3.606,7.303,2.07,76.013,87.927
2225,15,2024-05-06,124109,655.0,2.32,0.462,2.579,82.755,83.241
2226,15,2024-05-13,124919,607.0,5.292,8.084,4.19,75.671,77.567
2227,15,2024-05-20,126615,683.0,4.751,5.693,3.402,75.6,71.995
2228,15,2024-05-27,127197,914.0,2.252,16.196,1.41,76.212,81.064
2229,15,2024-06-03,128208,824.0,3.83,4.709,1.385,76.282,84.867
2230,15,2024-06-10,129058,759.0,4.543,6.51,1.537,75.476,78.055
2231,15,2024-06-17,130295,763.0,3.454,0.707,2.343,75.332,79.786
2232,15,2024-06-24,131816,359.0,1.866,4.02,2.525,77.861,81.54
2233,15,2024-07-01,133896,631.0,2.841,6.369,1.296,78.608,91.916
2234,15,2024-07-08,134779,922.0,3.78,6.457,2.416,74.725,82.189
2235,15,2024-07-15,135126,774.0,2.831,11.689,2.175,75.451,72.563
2236,15,2024-07-22,136538,484.0,4.549,8.993,1.196,77.526,75.755
2237,15,2024-07-29,137887,1413.0,3.598,6.421,1.335,72.631,65.31
2238,15,2024-08-05,139735,647.0,4.509,5.878,4.672,77.424,85.767
2239,15,2024-08-12,141768,953.0,2.397,2.539,4.226,85.596,75.346
2240,15,2024-08-19,143253,1033.0,4.016,4.045,1.369,78.411,69.726
2241,15,2024-08-26,144301,782.0,5.018,8.37,1.835,75.294,86.966
2242,15,2024-09-02,145912,1545.0,2.603,8.186,2.176,76.415,84.514
2243,15,2024-09-09,146574,443.0,4.743,7.332,2.176,83.509,73.604
2244,15,2024-09-16,147735,854.0,3.046,6.861,1.253,73.392,87.655
2245,15,2024-09-23,148923,1114.0,2.73,6.466,2.213,84.517,76.796
2246,15,2024-09-30,149984,746.0,5.291,5.886,2.102,77.494,84.059
2247,15,2024-10-07,151307,483.0,4.07,5.551,1.215,75.383,74.577
2248,15,2024-10-14,152517,884.0,4.476,0.552,1.646,80.118,78.177
2249,15,2024-10-21,153780,564.0,5.442,3.874,2.731,74.909,84.83
2250,15,2024-10-28,155326,715.0,3.344,7.75,1.344,76.594,69.507
2251,15,2024-11-04,156383,645.0,5.652,5.196,1.594,87.985,78.295
2252,15,2024-11-11,157674,1004.0,2.548,6.519,2.575,77.389,84.386
2253,15,2024-11-18,158821,602.0,2.732,8.964,1.99,75.354,66.872
2254,15,2024-11-25,160648,1419.0,2.624,4.651,2.052,76.073,67.016
2255,15,2024-12-02,161927,711.0,3.47,12.184,1.301,74.619,87.765
2256,15,2024-12-09,163298,981.0,2.027,6.676,1.614,78.483,83.25
2257,15,2024-12-16,164274,575.0,4.08,6.073,2.519,76.219,80.823
2258,15,2024-12-23,165150,731.0,2.844,5.187,1.39,85.56,85.47
2259,15,2024-12-30,166843,962.0,3.817,5.533,2.955,77.561,72.725
2260,15,2025-01-06,167971,630.0,2.115,7.241,3.394,76.781,69.91
2261,15,2025-01-13,169141,1074.0,4.376,10.532,2.685,75.996,82.622
2262,15,2025-01-20,170464,1021.0,5.284,17.368,2.525,78.355,74.455
2263,15,2025-01-27,171782,701.0,2.299,6.264,2.87,75.345,80.643
2264,15,2025-02-03,172491,927.0,4.856,10.454,2.42,84.625,78.531
2265,15,2025-02-10,172982,907.0,2.458,5.188,1.324,75.386,76.732
2266,15,2025-02-17,173984,1004.0,4.23,7.544,2.292,78.038,93.205
2267,15,2025-02-24,174983,706.0,3.621,6.413,1.779,76.301,76.944
2268,15,2025-03-03,176252,623.0,2.455,4.78,2.487,77.222,86.904
2269,15,2025-03-10,178007,666.0,4.208,7.98,1.711,76.791,84.615
2270,15,2025-03-17,180061,993.0,3.408,5.816,1.782,75.523,68.424
2271,15,2025-03-24,181286,1384.0,0.259,12.143,3.786,77.79,86.346
2272,15,2025-03-31,183295,666.0,3.558,4.069,1.684,76.506,81.134
2273,15,2025-04-07,185042,622.0,2.746,3.827,3.961,74.427,67.793
2274,15,2025-04-14,186934,857.0,2.005,7.874,2.732,77.75,78.982
2275,15,2025-04-21,187765,734.0,4.234,5.617,1.376,80.433,76.739
2276,15,2025-04-28,188813,858.0,3.218,8.28,1.652,77.825,85.562
2277,15,2025-05-05,190062,793.0,4.147,4.743,2.225,75.458,72.312
2278,15,2025-05-12,190866,563.0,3.779,5.173,2.946,75.47,82.823
2279,15,2025-05-19,191718,629.0,5.538,5.019,0.25,77.099,74.464
2280,15,2025-05-26,192869,828.0,2.017,10.501,2.868,75.492,70.128
2281,15,2025-06-02,194066,467.0,3.288,6.484,0.988,76.456,72.491
2282,15,2025-06-09,195511,773.0,2.951,4.465,2.718,78.039,70.66
2283,15,2025-06-16,196311,672.0,2.346,5.437,2.56,76.944,87.043
2284,15,2025-06-23,197318,749.0,3.005,7.464,2.491,75.195,74.782
2285,15,2025-06-30,198715,907.0,3.656,6.398,6.269,84.983,77.235
2286,15,2025-07-07,199877,1590.0,2.939,10.248,1.257,76.847,77.578
2287,15,2025-07-14,201325,1062.0,3.419,5.907,2.613,76.651,81.869
2288,15,2025-07-21,203093,606.0,2.812,8.14,2.455,82.888,72.922
2289,15,2025-07-28,204239,1465.0,2.845,5.389,2.479,80.919,74.99
2290,15,2025-08-04,205125,1106.0,4.331,11.378,2.71,82.668,76.588
2291,15,2025-08-11,205513,649.0,0.09,6.018,3.241,73.882,80.819
2292,15,2025-08-18,206830,721.0,3.305,5.783,3.538,75.897,79.385
2293,15,2025-08-25,208439,782.0,4.611,5.4,1.808,75.801,74.193
2294,15,2025-09-01,210322,488.0,2.516,4.596,1.654,77.442,77.667
2295,15,2025-09-08,213031,634.0,1.285,8.537,5.66,75.547,71.186
2296,15,2025-09-15,214548,589.0,2.909,8.415,1.952,77.024,75.173
2297,15,2025-09-22,215825,607.0,4.832,10.613,1.055,76.409,87.716
2298,15,2025-09-29,217214,710.0,3.043,10.311,2.783,79.361,77.436
2299,15,2025-10-06,219105,1093.0,4.273,5.808,1.772,74.154,84.829
2300,15,2025-10-13,220210,550.0,2.264,6.08,1.811,77.114,81.226
2301,15,2025-10-20,221246,592.0,2.947,6.195,2.317,76.269,87.601
2302,15,2025-10-27,223023,892.0,3.714,6.729,1.353,83.091,82.883
2303,15,2025-11-03,224290,746.0,0.527,5.984,2.634,76.952,68.385
2304,15,2025-11-10,225416,463.0,4.904,3.436,2.427,78.091,78.781
2305,15,2025-11-17,226526,648.0,4.134,5.65,1.277,74.643,75.736
2306,15,2025-11-24,227320,525.0,3.079,12.339,1.381,74.283,74.371
2307,15,2025-12-01,227819,724.0,2.738,6.984,3.444,77.211,83.322
2308,15,2025-12-08,228624,534.0,2.429,5.263,3.835,76.45,75.782
2309,15,2025-12-15,230177,632.0,2.369,3.345,2.232,76.96,76.786
2310,15,2025-12-22,231088,459.0,3.934,9.187,2.896,79.478,79.726
2311,15,2025-12-29,232203,835.0,2.166,6.201,2.473,85.054,81.053
2312,16,2023-01-02,99993,436.0,5.291,4.839,1.508,74.863,69.279
2313,16,2023-01-09,101706,1077.0,2.571,6.883,2.561,79.512,78.086
2314,16,2023-01-16,103405,905.0,2.103,4.803,1.43,74.716,74.196
2315,16,2023-01-23,104505,523.0,3.068,12.061,1.434,85.32,71.915
2316,16,2023-01-30,106027,773.0,2.446,5.241,5.369,76.024,81.325
2317,16,2023-02-06,106636,1008.0,2.447,5.759,3.48,77.735,79.654
2318,16,2023-02-13,107922,479.0,2.479,6.008,2.511,78.025,81.128
2319,16,2023-02-20,108976,485.0,5.81,7.454,1.722,76.895,74.714
2320,16,2023-02-27,110299,402.0,2.604,13.139,4.907,76.619,67.766
2321,16,2023-03-06,111974,1294.0,4.461,6.811,1.182,78.226,85.019
2322,16,2023-03-13,112741,582.0,3.469,10.769,3.093,81.048,83.662
2323,16,2023-03-20,113925,917.0,3.291,9.159,1.545,84.25,77.044
2324,16,2023-03-27,114643,674.0,3.092,4.375,2.922,83.842,78.495
2325,16,2023-04-03,115801,450.0,3.403,8.446,2.792,77.067,73.674
2326,16,2023-04-10,117258,458.0,2.66,5.225,3.099,77.086,73.936
2327,16,2023-04-17,118109,719.0,2.593,5.548,2.768,77.606,69.039
2328,16,2023-04-24,119519,439.0,3.019,7.511,1.475,74.273,66.27
2329,16,2023-05-01,120549,725.0,2.842,11.952,0.375,78.643,69.234
2330,16,2023-05-08,121864,548.0,2.844,7.808,1.386,75.709,87.319
2331,16,2023-05-15,122997,539.0,4.662,4.26,2.386,76.398,83.679
2332,16,2023-05-22,124721,828.0,2.523,5.588,0.85,88.062,86.378
2333,16,2023-05-29,126363,971.0,4.263,12.665,2.321,76.349,80.795
2334,16,2023-06-05,127583,433.0,4.826,11.165,2.544,83.587,81.696
2335,16,2023-06-12,128568,1046.0,3.147,7.308,2.97,75.582,86.955
2336,16,2023-06-19,130182,826.0,4.773,6.252,2.515,78.461,66.227
2337,16,2023-06-26,130958,762.0,3.292,6.631,1.238,77.077,65.308
2338,16,2023-07-03,132691,496.0,1.874,7.725,2.341,76.2,75.117
2339,16,2023-07-10,133520,539.0,2.072,5.273,6.409,75.104,77.607
2340,16,2023-07-17,134349,910.0,2.689,6.614,1.875,77.646,87.62
2341,16,2023-07-24,135137,993.0,3.377,5.093,4.751,76.329,80.02
2342,16,2023-07-31,136068,429.0,4.528,17.888,6.53,76.797,80.07
2343,16,2023-08-07,137271,630.0,4.211,7.044,2.798,74.463,77.728
2344,16,2023-08-14,138422,592.0,4.571,5.936,2.914,76.687,81.959
2345,16,2023-08-21,139551,696.0,1.858,1.31,4.544,77.202,84.987
2346,16,2023-08-28,140888,794.0,2.332,4.746,2.491,77.456,94.732
2347,16,2023-09-04,142359,1131.0,3.91,6.518,2.343,81.545,77.12
2348,16,2023-09-11,143317,607.0,2.739,4.712,2.048,77.643,64.876
2349,16,2023-09-18,144958,515.0,4.243,6.827,3.068,77.193,91.532
2350,16,2023-09-25,146749,567.0,4.946,11.096,1.663,76.342,69.926
2351,16,2023-10-02,147825,499.0,3.843,5.846,3.18,77.876,77.961
2352,16,2023-10-09,148945,966.0,4.442,4.575,1.302,76.555,89.331
2353,16,2023-10-16,150634,834.0,4.565,5.194,2.258,77.882,93.046
2354,16,2023-10-23,151207,740.0,4.848,6.796,2.44,75.071,80.65
2355,16,2023-10-30,152132,940.0,2.566,8.256,1.822,75.15,77.79
2356,16,2023-11-06,153338,982.0,4.404,7.665,2.449,76.334,73.048
2357,16,2023-11-13,154992,656.0,2.558,9.366,2.69,81.898,74.126
2358,16,2023-11-20,156331,731.0,3.226,10.182,2.197,74.619,82.952
2359,16,2023-11-27,157806,472.0,3.958,3.615,3.029,74.658,78.014
2360,16,2023-12-04,158891,534.0,2.63,1.079,3.662,85.278,83.868
2361,16,2023-12-11,160687,442.0,2.647,7.774,1.201,75.625,79.241
2362,16,2023-12-18,162356,868.0,3.617,6.699,0.998,78.23,74.706
2363,16,2023-12-25,164356,937.0,3.541,10.704,2.889,76.6,72.102
2364,16,2024-01-01,166056,721.0,1.896,8.57,3.059,75.159,80.717
2365,16,2024-01-08,167208,1275.0,3.94,6.423,2.189,82.825,71.059
2366,16,2024-01-15,169028,565.0,3.317,6.244,2.06,82.312,68.127
2367,16,2024-01-22,170802,825.0,3.225,7.052,2.135,75.478,68.316
2368,16,2024-01-29,171513,374.0,2.659,4.472,1.46,78.341,70.276
2369,16,2024-02-05,172705,863.0,2.66,5.938,1.73,78.406,89.315
2370,16,2024-02-12,173973,946.0,3.229,2.715,0.937,82.661,70.957
2371,16,2024-02-19,174771,932.0,3.322,3.874,1.874,77.382,76.616
2372,16,2024-02-26,176704,1453.0,3.493,10.671,2.01,77.708,86.478
2373,16,2024-03-04,177323,398.0,4.027,10.783,3.452,84.13,76.585
2374,16,2024-03-11,178921,771.0,4.265,5.676,5.563,85.025,82.469
2375,16,2024-03-18,180110,663.0,2.343,6.616,0.94,74.592,82.364
2376,16,2024-03-25,181454,922.0,2.186,11.402,2.659,77.038,86.129
2377,16,2024-04-01,182665,648.0,4.01,3.58,1.803,77.401,81.349
2378,16,2024-04-08,183911,774.0,4.847,8.882,1.614,76.986,77.059
2379,16,2024-04-15,185510,943.0,3.14,15.881,1.602,82.009,72.704
2380,16,2024-04-22,186109,1387.0,2.987,1.911,4.151,78.061,77.674
2381,16,2024-04-29,187326,1209.0,1.956,13.127,2.032,75.218,80.157
2382,16,2024-05-06,188446,411.0,4.724,4.928,2.077,76.133,78.571
2383,16,2024-05-13,190069,757.0,2.594,5.129,1.678,75.173,79.337
2384,16,2024-05-20,191036,765.0,4.046,7.495,5.55,75.164,75.998
2385,16,2024-05-27,192520,766.0,3.419,6.912,1.764,74.734,67.969
2386,16,2024-06-03,193760,1573.0,2.118,5.858,2.84,80.145,77.641
2387,16,2024-06-10,195372,706.0,2.313,5.003,2.707,74.855,88.702
2388,16,2024-06-17,196835,695.0,3.781,5.558,3.476,73.159,79.419
2389,16,2024-06-24,198923,915.0,3.165,3.901,2.278,83.844,83.507
2390,16,2024-07-01,199612,705.0,3.172,4.744,2.282,74.431,75.948
2391,16,2024-07-08,201119,561.0,2.874,8.864,1.826,76.566,86.004
2392,16,2024-07-15,201672,650.0,3.034,11.275,2.636,74.633,80.472
2393,16,2024-07-22,202954,777.0,3.797,2.276,1.842,78.024,82.964
2394,16,2024-07-29,204078,993.0,3.074,3.766,1.426,84.551,72.093
2395,16,2024-08-05,204929,893.0,2.404,4.398,1.48,76.488,82.328
2396,16,2024-08-12,205732,765.0,2.37,3.379,2.259,76.674,71.925
2397,16,2024-08-19,207111,771.0,2.739,7.703,3.273,77.855,81.439
2398,16,2024-08-26,208318,1248.0,2.209,5.982,2.2,87.942,76.3
2399,16,2024-09-02,209798,870.0,3.133,2.654,1.948,76.703,88.027
2400,16,2024-09-09,211154,519.0,5.226,8.358,2.419,80.057,69.344
2401,16,2024-09-16,212486,823.0,3.535,7.877,2.131,81.388,80.802
2402,16,2024-09-23,213780,994.0,3.506,11.205,2.423,81.702,75.983
2403,16,2024-09-30,215103,1001.0,5.137,15.17,2.366,83.482,74.954
2404,16,2024-10-07,216410,946.0,3.582,4.84,1.697,76.204,79.026
2405,16,2024-10-14,216774,963.0,2.706,7.155,6.151,77.37,75.417
2406,16,2024-10-21,218352,836.0,3.333,5.056,2.674,75.123,79.063
2407,16,2024-10-28,219611,494.0,5.058,8.342,1.778,76.045,81.406
2408,16,2024-11-04,221143,1154.0,3.393,8.17,1.912,73.933,70.535
2409,16,2024-11-11,222636,1174.0,2.84,7.889,1.202,77.857,76.693
2410,16,2024-11-18,224137,807.0,3.264,7.777,2.163,77.366,74.352
2411,16,2024-11-25,225011,443.0,4.013,6.348,1.708,76.753,75.819
2412,16,2024-12-09,228899,699.0,1.882,11.708,2.379,76.654,74.61
2413,16,2024-12-16,230906,714.0,3.102,6.745,2.91,77.369,73.499
2414,16,2024-12-23,232013,1257.0,2.84,6.338,3.451,82.353,73.687
2415,16,2024-12-30,233694,790.0,2.058,4.808,1.421,76.766,67.592
2416,16,2025-01-06,234589,794.0,4.446,6.493,1.043,77.936,80.178
2417,16,2025-01-13,236060,592.0,3.747,3.928,1.298,78.026,81.542
2418,16,2025-01-20,237331,1041.0,2.086,7.164,1.022,77.939,79.048
2419,16,2025-01-27,238516,538.0,4.173,4.94,1.536,76.23,76.97
2420,16,2025-02-03,239758,388.0,3.141,3.342,2.719,81.912,75.487
2421,16,2025-02-10,241105,993.0,3.377,5.093,4.751,76.329,80.02
2422,16,2025-02-17,242092,482.0,4.812,8.0,1.593,74.169,73.608
2423,16,2025-02-24,242743,630.0,1.964,6.492,2.882,72.388,72.185
2424,16,2025-03-03,244324,1011.0,2.809,6.346,1.783,76.541,81.071
2425,16,2025-03-10,245685,503.0,2.66,12.881,1.405,76.737,91.073
2426,16,2025-03-17,247361,782.0,2.421,6.864,4.337,82.06,79.048
2427,16,2025-03-24,248294,611.0,2.994,7.012,1.543,76.741,80.806
2428,16,2025-03-31,249683,770.0,1.928,4.187,2.383,79.447,80.293
2429,16,2025-04-07,250734,520.0,1.94,10.468,2.7,76.356,88.975
2430,16,2025-04-14,251539,726.0,2.282,8.866,2.326,77.488,77.037
2431,16,2025-04-21,252509,805.0,4.127,7.038,1.581,85.505,72.758
2432,16,2025-04-28,254133,709.0,4.223,7.47,6.575,83.078,82.451
2433,16,2025-05-05,255515,888.0,2.925,11.688,1.045,80.072,75.681
2434,16,2025-05-12,257299,1260.0,4.117,5.193,3.089,76.091,91.6
2435,16,2025-05-19,258704,695.0,3.746,6.052,2.935,79.556,82.772
2436,16,2025-05-26,260491,548.0,1.988,8.271,2.32,73.87,84.295
2437,16,2025-06-02,260654,535.0,2.915,6.178,2.131,75.385,77.791
2438,16,2025-06-09,261346,1231.0,2.712,8.048,2.848,76.662,68.718
2439,16,2025-06-16,262073,1283.0,3.177,3.23,1.585,75.358,84.393
2440,16,2025-06-23,263903,617.0,2.991,6.549,6.198,76.405,84.033
2441,16,2025-06-30,265228,863.0,2.503,7.646,1.781,81.95,90.791
2442,16,2025-07-07,266254,714.0,2.976,17.091,2.005,79.999,73.384
2443,16,2025-07-14,266527,697.0,5.038,4.552,1.557,78.505,83.415
2444,16,2025-07-21,268091,987.0,4.6,3.87,2.417,78.593,73.645
2445,16,2025-07-28,269783,560.0,3.993,6.728,2.585,74.958,73.051
2446,16,2025-08-04,271275,744.0,3.124,4.779,1.27,75.431,72.499
2447,16,2025-08-11,272452,921.0,4.926,10.747,3.663,76.767,83.561
2448,16,2025-08-18,273098,1154.0,3.594,4.144,2.437,76.984,81.076
2449,16,2025-08-25,273876,794.0,2.435,6.398,2.658,86.843,79.275
2450,16,2025-09-01,275194,585.0,3.472,11.428,1.802,76.279,72.887
2451,16,2025-09-08,276929,500.0,4.368,5.916,3.215,75.947,84.219
2452,16,2025-09-15,278151,768.0,3.376,4.76,1.622,76.659,72.332
2453,16,2025-09-22,280080,405.0,5.201,8.445,4.2,77.377,87.681
2454,16,2025-09-29,281227,446.0,4.164,7.381,2.075,75.254,72.079
2455,16,2025-10-06,282994,660.0,2.519,7.772,1.145,77.509,80.021
2456,16,2025-10-13,283863,630.0,2.128,3.706,0.696,76.282,88.232
2457,16,2025-10-20,284700,1050.0,1.862,8.127,1.76,76.9,84.718
2458,16,2025-10-27,285783,1214.0,4.104,6.296,4.385,78.053,81.554
2459,16,2025-11-10,288779,791.0,3.335,6.987,2.695,74.743,72.731
2460,16,2025-11-17,290030,787.0,4.725,6.32,0.328,82.878,85.631
2461,16,2025-11-24,290654,1136.0,4.755,10.941,2.98,76.816,70.121
2462,16,2025-12-01,291933,673.0,4.079,10.101,1.771,75.805,78.214
2463,16,2025-12-08,293475,792.0,4.32,8.303,4.004,75.657,69.403
2464,16,2025-12-15,295223,691.0,1.935,7.491,2.439,74.943,80.516
2465,16,2025-12-22,295882,899.0,3.375,4.997,2.753,76.402,79.138
2466,16,2025-12-29,297810,621.0,3.534,13.593,2.553,72.358,70.583
2467,17,2023-01-02,52798,1226.0,3.296,4.337,2.876,76.062,78.333
2468,17,2023-01-09,54358,902.0,4.257,5.985,2.491,76.745,72.648
2469,17,2023-01-16,56467,436.0,2.353,3.308,2.512,76.901,84.075
2470,17,2023-01-23,57999,792.0,4.672,4.762,2.729,81.235,85.122
2471,17,2023-01-30,59906,620.0,4.804,17.869,3.343,76.842,74.387
2472,17,2023-02-06,61146,676.0,5.397,5.527,2.284,75.401,73.0
2473,17,2023-02-13,62957,600.0,1.836,6.271,2.569,74.591,76.518
2474,17,2023-02-20,64703,611.0,4.347,9.85,6.776,77.108,76.424
2475,17,2023-02-27,66392,1006.0,3.61,13.265,1.118,87.505,75.212
2476,17,2023-03-06,67001,666.0,3.362,8.263,2.866,78.271,84.121
2477,17,2023-03-13,68229,445.0,3.553,6.226,1.811,74.71,69.68
2478,17,2023-03-20,69666,870.0,4.616,6.445,1.687,77.44,74.387
2479,17,2023-03-27,71359,755.0,2.854,7.045,1.041,75.787,73.032
2480,17,2023-04-03,73628,931.0,2.545,10.117,1.774,76.69,79.847
2481,17,2023-04-10,74300,663.0,3.567,9.116,1.994,80.106,68.368
2482,17,2023-04-17,76368,1685.0,2.686,5.157,1.795,74.548,79.069
2483,17,2023-04-24,76892,584.0,2.734,18.168,2.968,74.917,76.383
2484,17,2023-05-01,78814,727.0,2.783,6.174,4.656,76.73,79.355
2485,17,2023-05-08,79713,530.0,2.463,6.659,2.143,77.002,76.992
2486,17,2023-05-15,80194,685.0,3.07,6.378,1.588,78.096,70.064
2487,17,2023-05-22,81210,765.0,2.322,7.768,2.476,77.425,85.204
2488,17,2023-05-29,83449,1034.0,5.096,6.845,1.976,75.712,68.567
2489,17,2023-06-05,84341,768.0,1.985,5.767,3.299,73.508,82.299
2490,17,2023-06-12,86030,500.0,4.098,10.888,0.544,77.194,81.173
2491,17,2023-06-19,87762,1156.0,3.769,4.028,2.698,83.922,74.512
2492,17,2023-06-26,89215,1132.0,2.522,8.798,3.615,78.679,72.12
2493,17,2023-07-03,90494,1566.0,4.126,2.111,1.986,76.063,81.684
2494,17,2023-07-10,91885,530.0,2.799,6.761,4.322,79.806,84.192
2495,17,2023-07-17,93877,493.0,4.987,5.489,4.296,77.87,79.193
2496,17,2023-07-24,94467,536.0,2.516,6.584,2.104,78.199,69.377
2497,17,2023-07-31,95387,473.0,3.747,5.008,2.021,74.113,86.588
2498,17,2023-08-07,96543,599.0,4.106,7.668,3.236,77.408,78.146
2499,17,2023-08-14,97394,518.0,2.754,4.456,2.453,78.169,77.878
2500,17,2023-08-21,98510,752.0,1.911,5.179,1.356,75.248,74.702
2501,17,2023-08-28,100084,523.0,3.123,7.694,2.129,76.175,86.081
2502,17,2023-09-04,101201,928.0,2.746,4.924,1.616,82.969,72.923
2503,17,2023-09-11,101629,750.0,4.108,4.291,2.514,77.013,77.871
2504,17,2023-09-18,101964,1400.0,3.417,7.579,3.311,76.88,72.182
2505,17,2023-09-25,102895,394.0,5.047,4.78,1.109,75.777,82.658
2506,17,2023-10-02,104916,395.0,2.419,4.977,2.613,76.925,86.841
2507,17,2023-10-09,106352,749.0,4.183,8.334,1.851,76.449,79.233
2508,17,2023-10-16,107243,604.0,4.038,6.068,2.646,84.052,75.038
2509,17,2023-10-23,108454,548.0,2.844,7.808,1.386,75.709,87.319
2510,17,2023-10-30,109155,710.0,3.64,4.561,1.625,77.906,71.715
2511,17,2023-11-06,110362,807.0,2.223,6.581,1.529,77.293,76.503
2512,17,2023-11-13,111070,1122.0,3.11,4.889,4.595,74.221,77.931
2513,17,2023-11-20,112405,936.0,2.769,7.238,2.858,75.864,79.491
2514,17,2023-11-27,113320,815.0,3.074,7.352,2.032,76.866,66.46
2515,17,2023-12-04,114733,824.0,2.005,3.842,2.438,81.087,79.709
2516,17,2023-12-18,117345,824.0,3.467,6.218,1.341,76.935,80.769
2517,17,2023-12-25,117627,752.0,3.418,6.339,1.133,77.521,78.289
2518,17,2024-01-01,119299,612.0,3.07,5.382,1.823,81.327,79.053
2519,17,2024-01-08,120713,727.0,2.928,8.276,1.318,78.203,71.289
2520,17,2024-01-15,121942,654.0,4.364,5.394,1.065,77.064,67.107
2521,17,2024-01-22,123441,691.0,4.197,5.681,0.413,76.104,79.691
2522,17,2024-01-29,125139,616.0,4.295,5.587,2.492,79.896,88.689
2523,17,2024-02-05,125903,589.0,0.081,5.942,2.309,78.107,83.591
2524,17,2024-02-12,127752,645.0,3.644,4.309,2.226,75.107,81.982
2525,17,2024-02-19,129255,912.0,4.096,8.035,2.402,79.927,75.971
2526,17,2024-02-26,130916,629.0,2.555,3.459,1.659,86.256,83.724
2527,17,2024-03-04,131579,560.0,3.937,6.137,3.932,76.716,85.59
2528,17,2024-03-11,133024,653.0,3.172,5.959,1.497,76.017,80.281
2529,17,2024-03-18,134314,1004.0,3.4,12.695,1.665,80.057,88.0
2530,17,2024-03-25,135801,453.0,2.549,2.371,1.706,74.983,82.573
2531,17,2024-04-01,136632,797.0,2.441,5.729,1.705,76.235,66.083
2532,17,2024-04-08,137720,1038.0,3.995,4.776,3.236,75.658,81.72
2533,17,2024-04-15,138946,619.0,3.863,4.374,3.864,82.479,85.292
2534,17,2024-04-22,140615,866.0,4.783,4.945,1.227,76.107,81.972
2535,17,2024-04-29,141521,1336.0,2.719,8.628,1.76,75.015,89.651
2536,17,2024-05-06,142978,840.0,3.179,1.636,2.098,77.325,82.099
2537,17,2024-05-13,145026,731.0,2.763,3.244,1.286,75.489,87.427
2538,17,2024-05-20,146198,432.0,5.614,5.324,6.799,76.949,69.4
2539,17,2024-05-27,147269,583.0,2.903,2.105,2.449,76.706,85.838
2540,17,2024-06-03,148290,749.0,3.096,6.136,1.844,75.714,75.409
2541,17,2024-06-10,149142,1019.0,3.029,6.341,1.377,75.547,70.024
2542,17,2024-06-17,150837,420.0,2.048,6.693,3.298,75.758,78.513
2543,17,2024-06-24,152093,500.0,0.686,7.655,1.83,73.415,76.4
2544,17,2024-07-01,153395,512.0,2.467,6.344,2.302,74.502,79.481
2545,17,2024-07-08,154793,812.0,2.451,8.594,3.201,76.608,77.178
2546,17,2024-07-15,156031,607.0,3.596,5.223,2.077,76.876,70.133
2547,17,2024-07-22,157183,886.0,2.593,3.931,2.189,78.368,70.238
2548,17,2024-07-29,158306,656.0,3.902,4.277,1.995,77.127,84.039
2549,17,2024-08-05,159622,478.0,2.252,4.23,3.34,82.827,69.999
2550,17,2024-08-12,161516,482.0,2.148,6.792,1.694,77.542,75.729
2551,17,2024-08-19,162116,430.0,2.204,5.465,3.323,77.585,77.067
2552,17,2024-08-26,163134,718.0,4.63,6.875,5.449,74.94,84.502
2553,17,2024-09-02,164246,441.0,3.845,8.322,2.981,78.19,71.801
2554,17,2024-09-09,165561,697.0,2.004,7.118,3.226,79.592,84.465
2555,17,2024-09-16,167416,918.0,4.955,6.608,5.424,82.459,80.044
2556,17,2024-09-23,168772,453.0,3.137,3.664,2.594,75.454,67.959
2557,17,2024-09-30,169738,883.0,3.72,4.704,1.658,87.047,71.909
2558,17,2024-10-07,171002,815.0,5.032,3.471,1.127,76.859,85.255
2559,17,2024-10-14,172283,596.0,2.994,8.131,1.683,81.211,75.578
2560,17,2024-10-21,173460,657.0,2.132,3.765,1.911,79.502,68.772
2561,17,2024-10-28,175202,768.0,2.565,6.794,2.531,74.284,74.339
2562,17,2024-11-04,176750,654.0,2.887,3.35,1.273,85.706,80.997
2563,17,2024-11-11,177756,472.0,2.538,4.768,2.012,75.462,77.54
2564,17,2024-11-18,179880,367.0,3.093,4.256,1.603,75.5,72.211
2565,17,2024-11-25,181625,764.0,5.13,5.196,3.623,76.542,66.757
2566,17,2024-12-02,183107,817.0,0.327,5.215,2.902,76.32,78.756
2567,17,2024-12-09,183468,694.0,2.901,6.424,1.572,76.422,69.99
2568,17,2024-12-16,185158,745.0,3.738,6.026,1.91,74.755,68.692
2569,17,2024-12-23,186771,372.0,2.667,4.35,1.704,79.305,84.203
2570,17,2024-12-30,187986,945.0,3.129,5.909,2.861,76.919,84.067
2571,17,2025-01-06,189573,808.0,1.898,4.013,2.255,74.421,70.875
2572,17,2025-01-13,191868,803.0,5.358,5.279,1.866,84.027,73.157
2573,17,2025-01-20,193146,937.0,4.3,6.941,1.45,76.667,71.433
2574,17,2025-01-27,194834,702.0,2.794,4.493,1.317,76.844,73.55
2575,17,2025-02-03,195902,844.0,3.856,3.089,2.503,76.957,90.05
2576,17,2025-02-10,196976,897.0,3.589,8.259,1.63,77.884,73.547
2577,17,2025-02-17,198157,462.0,2.86,7.187,3.897,74.961,85.235
2578,17,2025-02-24,199418,892.0,2.4,5.301,2.563,76.964,81.723
2579,17,2025-03-03,200124,563.0,2.523,5.806,1.826,81.54,72.762
2580,17,2025-03-10,200685,1292.0,2.23,5.937,1.88,83.673,77.248
2581,17,2025-03-17,201395,876.0,3.834,2.74,1.945,77.452,72.452
2582,17,2025-03-24,202941,552.0,5.147,6.383,1.684,83.339,81.435
2583,17,2025-03-31,204346,838.0,2.272,7.878,2.385,75.295,76.916
2584,17,2025-04-07,206091,856.0,3.438,5.349,1.548,75.305,71.48
2585,17,2025-04-14,207304,517.0,4.004,9.608,2.364,76.336,67.4
2586,17,2025-04-21,209238,504.0,2.238,1.031,5.351,77.04,82.827
2587,17,2025-04-28,210696,725.0,3.114,9.144,4.299,77.189,79.525
2588,17,2025-05-05,212023,680.0,2.896,6.128,2.552,76.428,75.421
2589,17,2025-05-12,213126,949.0,3.433,5.299,2.033,77.545,79.669
2590,17,2025-05-19,214874,1013.0,3.179,7.056,1.16,76.584,74.726
2591,17,2025-05-26,216021,825.0,2.054,7.132,1.093,76.451,82.617
2592,17,2025-06-02,217518,863.0,3.793,5.332,2.425,77.134,76.792
2593,17,2025-06-09,218028,658.0,2.77,4.976,1.444,75.284,74.764
2594,17,2025-06-16,219132,363.0,3.804,3.892,2.328,82.819,88.614
2595,17,2025-06-23,221319,697.0,1.902,5.619,0.719,75.774,68.157
2596,17,2025-06-30,222810,395.0,2.386,7.871,1.663,77.008,70.048
2597,17,2025-07-07,224349,1419.0,2.226,5.925,1.072,77.486,85.599
2598,17,2025-07-14,225793,833.0,4.72,6.23,2.936,80.445,82.039
2599,17,2025-07-21,226867,800.0,2.934,4.269,1.982,77.118,79.905
2600,17,2025-07-28,227738,1064.0,3.732,4.422,1.139,77.863,88.581
2601,17,2025-08-04,228981,562.0,5.124,8.006,2.804,76.318,77.386
2602,17,2025-08-11,230833,1063.0,2.965,11.802,1.635,82.92,81.736
2603,17,2025-08-18,231730,975.0,2.465,7.647,1.08,75.599,68.856
2604,17,2025-08-25,233527,790.0,2.929,3.811,2.79,75.919,81.667
2605,17,2025-09-01,234031,1000.0,2.318,11.639,2.342,76.538,94.049
2606,17,2025-09-08,235091,585.0,3.484,10.895,2.265,76.348,80.932
2607,17,2025-09-15,237130,778.0,4.634,6.905,2.427,79.973,73.392
2608,17,2025-09-22,238279,910.0,5.88,10.402,6.288,75.756,68.749
2609,17,2025-09-29,240109,577.0,4.396,3.834,1.044,83.091,75.483
2610,17,2025-10-06,241468,531.0,2.972,7.41,1.299,76.223,67.471
2611,17,2025-10-13,242785,692.0,5.008,4.91,2.079,87.768,73.187
2612,17,2025-10-20,243994,662.0,5.054,6.988,2.062,76.272,82.335
2613,17,2025-10-27,245630,1080.0,2.694,9.149,1.869,74.393,76.701
2614,17,2025-11-03,247153,559.0,3.369,6.358,1.773,73.887,75.987
2615,17,2025-11-10,248450,944.0,2.37,6.956,0.933,74.827,70.821
2616,17,2025-11-17,249075,588.0,4.654,3.382,1.203,77.18,79.979
2617,17,2025-11-24,250028,625.0,4.635,5.392,2.8,78.268,73.774
2618,17,2025-12-01,251522,376.0,2.153,2.975,3.266,75.299,89.693
2619,17,2025-12-08,252037,734.0,2.886,4.784,1.553,75.246,85.344
2620,17,2025-12-15,253303,1369.0,3.62,5.677,2.362,74.909,75.717
2621,17,2025-12-22,255187,397.0,5.156,4.818,2.076,76.388,74.608
2622,17,2025-12-29,256096,896.0,3.162,5.155,2.047,77.74,71.615
2623,18,2023-01-02,68989,825.0,4.279,4.191,5.986,75.341,85.013
2624,18,2023-01-09,70595,651.0,2.759,4.51,1.163,77.24,85.477
2625,18,2023-01-16,72004,607.0,2.838,10.788,2.412,83.81,75.971
2626,18,2023-01-23,72970,532.0,3.168,10.711,1.753,73.284,76.681
2627,18,2023-01-30,74475,652.0,4.244,5.453,2.79,74.095,83.585
2628,18,2023-02-06,75300,955.0,5.524,8.484,2.083,76.161,72.019
2629,18,2023-02-13,75887,696.0,5.105,4.374,1.404,75.878,78.387
2630,18,2023-02-20,77198,667.0,2.29,8.126,1.612,77.557,81.715
2631,18,2023-02-27,78489,674.0,2.627,7.841,0.879,77.763,81.231
2632,18,2023-03-06,79515,831.0,3.602,9.728,2.598,76.957,76.644
2633,18,2023-03-13,80437,1255.0,4.875,7.572,1.231,76.508,79.599
2634,18,2023-03-20,80926,563.0,2.552,8.247,2.264,75.006,79.517
2635,18,2023-03-27,82182,749.0,4.93,9.182,2.933,77.719,79.483
2636,18,2023-04-03,84234,944.0,3.536,5.685,1.85,75.268,72.718
2637,18,2023-04-10,86111,1139.0,3.893,5.938,2.943,76.915,88.012
2638,18,2023-04-17,87249,780.0,2.218,5.776,1.762,83.746,89.339
2639,18,2023-04-24,88430,604.0,3.343,5.349,2.565,75.733,90.984
2640,18,2023-05-01,90225,910.0,3.606,6.755,2.204,74.72,80.54
2641,18,2023-05-08,91913,753.0,2.914,8.748,2.02,74.839,80.875
2642,18,2023-05-15,93182,733.0,3.889,7.109,2.332,74.707,79.598
2643,18,2023-05-22,94884,468.0,2.149,6.386,2.359,76.267,78.599
2644,18,2023-05-29,96460,576.0,0.372,6.928,1.312,74.264,75.733
2645,18,2023-06-05,97470,1011.0,3.966,5.713,0.943,75.911,87.475
2646,18,2023-06-12,98591,727.0,5.058,7.566,2.964,84.074,89.416
2647,18,2023-06-19,100193,389.0,3.697,6.724,2.368,80.372,73.242
2648,18,2023-06-26,100605,978.0,2.856,7.626,1.052,76.435,87.429
2649,18,2023-07-03,101861,1223.0,2.01,5.021,2.903,87.832,83.385
2650,18,2023-07-10,102880,474.0,1.972,6.187,0.753,77.01,76.288
2651,18,2023-07-17,103794,922.0,2.435,11.469,2.19,73.255,66.345
2652,18,2023-07-24,105074,793.0,2.032,8.443,3.078,76.539,75.678
2653,18,2023-07-31,106540,496.0,2.776,7.044,1.435,86.341,81.79
2654,18,2023-08-07,108153,870.0,5.027,6.129,1.989,77.199,75.487
2655,18,2023-08-14,108851,1465.0,4.876,14.138,2.335,74.447,89.335
2656,18,2023-08-21,109807,576.0,3.379,6.402,2.436,77.362,75.365
2657,18,2023-08-28,110930,747.0,4.745,11.262,3.457,76.277,69.017
2658,18,2023-09-04,112470,1051.0,2.472,4.46,5.834,76.931,77.434
2659,18,2023-09-11,113706,836.0,3.328,7.901,1.699,75.289,76.578
2660,18,2023-09-18,115055,836.0,2.663,9.938,1.754,76.5,78.739
2661,18,2023-09-25,116519,485.0,4.537,9.159,1.745,77.058,83.061
2662,18,2023-10-02,118102,535.0,2.44,10.896,2.8,74.328,79.597
2663,18,2023-10-09,119303,517.0,3.997,7.738,1.662,84.015,92.318
2664,18,2023-10-16,120344,666.0,2.353,5.832,3.471,76.519,83.008
2665,18,2023-10-23,120891,1131.0,4.33,9.744,5.719,75.173,74.243
2666,18,2023-10-30,121596,382.0,5.148,16.214,0.912,75.293,80.312
2667,18,2023-11-06,122739,834.0,2.757,5.098,1.005,76.44,83.052
2668,18,2023-11-13,124606,825.0,4.149,6.886,1.159,75.879,76.762
2669,18,2023-11-20,125807,440.0,3.244,4.928,1.861,78.409,77.198
2670,18,2023-11-27,127147,1088.0,3.296,5.273,2.352,78.143,83.711
2671,18,2023-12-04,128121,844.0,5.245,6.993,1.546,75.86,68.593
2672,18,2023-12-11,128642,873.0,2.578,6.661,2.404,76.671,86.479
2673,18,2023-12-18,130420,684.0,0.135,5.772,0.96,77.143,77.874
2674,18,2023-12-25,131452,591.0,4.276,6.919,1.638,75.961,79.272
2675,18,2024-01-01,132606,639.0,3.726,5.445,2.963,79.022,82.273
2676,18,2024-01-08,134108,468.0,2.762,8.675,1.116,75.667,68.249
2677,18,2024-01-15,135477,955.0,4.964,9.417,1.527,76.734,77.307
2678,18,2024-01-22,136845,452.0,2.413,2.948,1.492,75.673,68.959
2679,18,2024-01-29,137727,838.0,3.163,12.979,1.956,82.017,75.111
2680,18,2024-02-05,138579,902.0,3.983,8.01,3.11,76.806,69.95
2681,18,2024-02-12,140036,852.0,3.044,3.497,1.691,80.985,76.237
2682,18,2024-02-19,140551,459.0,2.053,9.94,2.399,75.079,81.264
2683,18,2024-02-26,142859,575.0,4.241,7.495,1.404,77.874,82.426
2684,18,2024-03-04,144568,549.0,2.841,7.228,4.759,77.253,70.276
2685,18,2024-03-11,145454,969.0,4.248,7.364,3.784,74.221,71.569
2686,18,2024-03-18,146099,971.0,2.324,6.588,2.236,80.352,83.804
2687,18,2024-03-25,147479,376.0,2.974,8.166,1.951,75.983,73.426
2688,18,2024-04-01,148920,1061.0,2.202,4.737,1.731,75.01,87.497
2689,18,2024-04-08,150332,749.0,4.965,6.523,1.564,75.598,72.608
2690,18,2024-04-15,151965,543.0,5.244,8.415,2.606,75.916,75.886
2691,18,2024-04-22,152948,1075.0,3.594,9.126,3.391,82.518,76.462
2692,18,2024-05-06,154762,675.0,4.823,5.364,2.26,75.224,76.193
2693,18,2024-05-13,156318,916.0,4.028,9.516,1.813,76.946,79.088
2694,18,2024-05-20,157581,752.0,3.427,6.457,2.526,83.18,73.694
2695,18,2024-05-27,158119,575.0,5.508,7.953,1.529,76.126,77.731
2696,18,2024-06-03,159469,625.0,3.205,9.514,5.044,75.06,71.487
2697,18,2024-06-10,160198,844.0,5.245,6.993,1.546,75.86,68.593
2698,18,2024-06-17,161777,516.0,2.187,6.046,3.036,76.759,76.524
2699,18,2024-06-24,163150,367.0,3.602,6.74,1.855,74.831,82.102
2700,18,2024-07-01,164379,489.0,2.135,5.674,3.371,76.292,74.696
2701,18,2024-07-08,166382,891.0,2.763,4.209,0.967,76.946,85.92
2702,18,2024-07-15,167847,488.0,3.308,5.809,1.2,75.115,84.085
2703,18,2024-07-22,168901,911.0,3.678,7.146,1.195,76.755,65.815
2704,18,2024-07-29,170048,615.0,2.888,6.24,2.786,74.212,80.614
2705,18,2024-08-05,171497,1004.0,2.678,5.285,1.139,75.658,70.064
2706,18,2024-08-12,173142,736.0,3.669,8.625,2.05,86.091,85.011
2707,18,2024-08-19,174778,737.0,3.115,10.546,2.543,74.969,80.243
2708,18,2024-08-26,175471,405.0,2.469,8.678,2.422,76.651,86.159
2709,18,2024-09-02,176886,1095.0,2.702,10.541,2.95,77.216,88.19
2710,18,2024-09-09,178416,844.0,3.354,4.811,2.961,82.495,85.438
2711,18,2024-09-16,180139,524.0,3.927,8.354,3.21,75.74,72.836
2712,18,2024-09-23,181519,663.0,3.769,5.904,4.465,76.431,77.045
2713,18,2024-09-30,182522,587.0,2.269,7.543,4.142,76.152,74.11
2714,18,2024-10-07,183875,648.0,3.544,7.598,2.498,74.288,68.744
2715,18,2024-10-14,185448,552.0,1.92,6.849,1.693,78.619,78.878
2716,18,2024-10-21,186660,847.0,3.375,9.371,2.139,84.584,85.775
2717,18,2024-10-28,188274,472.0,2.063,4.061,1.721,77.52,76.958
2718,18,2024-11-04,188955,1383.0,2.886,1.844,1.744,79.098,74.358
2719,18,2024-11-11,189968,1168.0,1.891,3.894,1.842,78.158,87.19
2720,18,2024-11-18,191113,999.0,0.127,5.106,3.938,74.645,92.354
2721,18,2024-11-25,192157,523.0,2.949,6.274,3.213,79.668,68.751
2722,18,2024-12-02,193196,555.0,4.004,6.63,1.637,75.286,69.044
2723,18,2024-12-09,195062,590.0,1.843,6.301,1.852,76.359,76.903
2724,18,2024-12-16,196527,521.0,2.887,6.871,1.764,74.982,82.825
2725,18,2024-12-23,198019,719.0,2.017,5.834,2.695,75.942,78.828
2726,18,2024-12-30,198786,855.0,2.32,5.938,3.039,74.357,79.615
2727,18,2025-01-06,200145,896.0,2.075,4.601,2.065,82.707,76.213
2728,18,2025-01-13,201593,797.0,2.504,6.745,1.356,76.186,77.673
2729,18,2025-01-20,202410,431.0,4.241,7.923,1.144,78.585,85.507
2730,18,2025-01-27,203586,476.0,2.243,6.364,1.801,75.473,89.278
2731,18,2025-02-03,204308,950.0,3.293,7.948,1.264,77.029,81.405
2732,18,2025-02-10,205897,1148.0,2.402,2.475,2.714,76.149,72.407
2733,18,2025-02-17,207411,853.0,1.698,2.195,2.141,75.24,84.821
2734,18,2025-02-24,208509,846.0,2.553,6.812,1.831,80.149,74.923
2735,18,2025-03-03,209190,537.0,4.893,8.109,1.326,77.278,77.481
2736,18,2025-03-10,210435,629.0,2.555,3.459,1.659,86.256,83.724
2737,18,2025-03-17,211994,527.0,2.33,6.907,2.383,76.986,87.282
2738,18,2025-03-24,212799,931.0,4.987,4.481,2.713,78.184,75.468
2739,18,2025-03-31,213640,638.0,2.09,5.202,2.704,76.576,72.113
2740,18,2025-04-14,215134,554.0,2.106,10.437,1.48,75.496,76.033
2741,18,2025-04-21,216345,724.0,2.057,5.0,1.204,83.065,81.692
2742,18,2025-04-28,217692,570.0,2.274,7.848,2.416,77.055,86.24
2743,18,2025-05-05,219135,470.0,3.247,3.588,2.815,77.155,70.33
2744,18,2025-05-12,220641,412.0,2.789,8.779,1.562,75.925,91.373
2745,18,2025-05-19,221153,595.0,1.814,14.172,2.849,75.827,73.592
2746,18,2025-05-26,221940,583.0,4.32,4.66,2.791,75.832,90.167
2747,18,2025-06-02,223590,538.0,2.21,5.154,1.511,74.75,74.279
2748,18,2025-06-09,224488,940.0,2.486,4.467,4.654,75.524,87.45
2749,18,2025-06-16,225189,1507.0,2.085,4.9,1.617,77.921,89.663
2750,18,2025-06-23,226562,1488.0,5.044,6.817,2.288,76.613,71.489
2751,18,2025-06-30,227820,925.0,5.147,8.343,6.175,74.408,76.429
2752,18,2025-07-07,229357,563.0,2.652,6.249,2.968,76.866,83.754
2753,18,2025-07-14,230974,734.0,4.793,5.023,1.601,76.18,83.681
2754,18,2025-07-21,232297,735.0,2.523,1.792,1.153,75.838,73.923
2755,18,2025-07-28,233978,954.0,2.796,8.378,1.232,73.275,64.279
2756,18,2025-08-04,235500,990.0,2.708,7.835,1.859,85.882,73.453
2757,18,2025-08-11,236282,1038.0,2.973,11.131,3.236,76.05,82.029
2758,18,2025-08-18,237381,883.0,5.014,7.307,1.275,76.567,79.517
2759,18,2025-08-25,238296,724.0,3.246,4.566,2.064,74.045,77.57
2760,18,2025-09-08,239773,868.0,3.717,3.868,1.162,82.275,80.741
2761,18,2025-09-15,240743,1397.0,2.889,1.846,1.371,77.661,75.503
2762,18,2025-09-22,241920,764.0,2.683,2.857,1.522,76.59,80.201
2763,18,2025-09-29,243778,1151.0,2.826,13.527,2.684,76.086,86.662
2764,18,2025-10-06,245307,780.0,3.625,5.223,1.669,75.719,77.748
2765,18,2025-10-13,246705,680.0,3.034,6.668,3.622,74.131,79.017
2766,18,2025-10-20,247855,445.0,2.038,6.158,1.837,85.57,78.494
2767,18,2025-10-27,248716,1118.0,5.298,13.789,1.793,76.726,79.633
2768,18,2025-11-03,249259,576.0,3.674,7.856,2.241,77.512,70.906
2769,18,2025-11-10,250805,605.0,3.219,12.7,2.148,75.508,77.089
2770,18,2025-11-17,251444,838.0,3.161,7.442,2.065,77.991,83.282
2771,18,2025-11-24,252099,868.0,3.616,1.43,2.152,86.575,87.112
2772,18,2025-12-01,253883,743.0,3.787,6.78,2.654,80.431,81.12
2773,18,2025-12-08,254208,760.0,2.344,7.098,2.458,78.11,81.076
2774,18,2025-12-15,255841,781.0,5.757,9.687,1.976,73.106,75.897
2775,18,2025-12-22,256709,471.0,4.157,6.827,1.96,75.391,79.852
2776,18,2025-12-29,258689,1003.0,4.14,6.975,2.265,76.994,75.054
2777,19,2023-01-02,30729,584.0,2.04,8.196,1.592,74.331,78.71
2778,19,2023-01-09,31535,914.0,2.98,9.608,2.534,84.837,74.974
2779,19,2023-01-16,33381,451.0,3.783,12.681,2.545,75.871,90.774
2780,19,2023-01-23,34293,597.0,3.412,9.483,3.338,73.429,77.853
2781,19,2023-01-30,34447,532.0,2.568,8.021,2.647,73.994,73.076
2782,19,2023-02-06,35712,592.0,4.858,5.611,0.921,75.623,75.367
2783,19,2023-02-13,37315,702.0,2.239,14.666,2.856,77.461,77.486
2784,19,2023-02-20,37575,1035.0,3.687,8.881,2.225,80.948,82.024
2785,19,2023-02-27,39716,875.0,2.028,6.234,1.595,75.011,79.676
2786,19,2023-03-06,40903,673.0,3.7,3.862,1.721,76.602,83.645
2787,19,2023-03-13,42488,1297.0,2.808,5.653,2.773,75.635,73.451
2788,19,2023-03-20,43760,996.0,4.895,11.871,4.195,76.633,76.046
2789,19,2023-03-27,45011,946.0,3.849,6.707,4.278,77.634,79.408
2790,19,2023-04-03,46992,887.0,0.522,7.795,3.458,77.095,83.344
2791,19,2023-04-10,48353,815.0,4.071,7.54,1.038,77.671,92.863
2792,19,2023-04-17,49442,618.0,3.766,1.549,0.927,77.827,81.137
2793,19,2023-04-24,50083,1121.0,3.824,6.003,3.12,77.006,73.478
2794,19,2023-05-01,51874,584.0,2.018,7.132,2.592,75.53,76.893
2795,19,2023-05-08,53492,826.0,3.715,11.307,1.732,77.547,82.096
2796,19,2023-05-15,55403,508.0,2.807,6.041,1.249,75.726,67.314
2797,19,2023-05-22,55987,703.0,5.268,7.272,1.21,75.575,86.853
2798,19,2023-05-29,57290,566.0,2.626,4.499,1.014,76.505,81.8
2799,19,2023-06-05,58621,536.0,5.075,10.302,3.394,82.824,84.137
2800,19,2023-06-12,59245,556.0,3.878,6.945,1.733,75.983,80.614
2801,19,2023-06-19,60636,797.0,2.093,3.039,2.13,77.976,80.878
2802,19,2023-06-26,61726,814.0,4.226,6.136,5.107,81.391,72.97
2803,19,2023-07-03,63306,702.0,4.965,6.606,3.72,76.6,71.695
2804,19,2023-07-10,64682,550.0,5.106,5.934,1.998,77.012,73.552
2805,19,2023-07-17,66417,552.0,2.923,6.314,3.442,75.184,82.027
2806,19,2023-07-24,67224,823.0,3.909,6.48,2.123,77.253,78.33
2807,19,2023-07-31,68861,765.0,4.649,5.926,3.234,75.865,77.352
2808,19,2023-08-07,71316,594.0,3.016,4.344,1.998,76.85,82.466
2809,19,2023-08-14,72394,563.0,4.131,7.81,2.403,77.316,81.605
2810,19,2023-08-21,74766,1452.0,3.424,7.908,1.044,82.328,90.188
2811,19,2023-08-28,76049,1215.0,1.97,16.758,1.207,77.657,83.378
2812,19,2023-09-04,77851,1085.0,2.224,5.451,2.189,76.045,82.49
2813,19,2023-09-11,79464,927.0,3.718,7.663,4.357,75.747,79.444
2814,19,2023-09-18,80544,765.0,3.444,6.04,1.625,76.084,73.805
2815,19,2023-09-25,81713,714.0,4.406,10.398,2.345,74.949,84.615
2816,19,2023-10-09,81942,1215.0,2.374,6.241,2.43,81.289,87.492
2817,19,2023-10-16,83023,523.0,2.627,8.577,3.141,74.923,68.165
2818,19,2023-10-23,83934,591.0,2.53,13.467,2.395,75.456,80.25
2819,19,2023-10-30,85207,702.0,5.366,5.701,2.453,75.742,78.594
2820,19,2023-11-06,86349,1074.0,3.738,10.968,1.626,75.354,78.732
2821,19,2023-11-13,87691,1164.0,4.975,6.154,0.905,75.349,72.666
2822,19,2023-11-20,88915,1685.0,2.686,5.157,1.795,74.548,79.069
2823,19,2023-11-27,90930,554.0,4.787,10.407,2.684,76.884,83.156
2824,19,2023-12-04,92494,477.0,4.252,4.655,1.637,75.18,77.527
2825,19,2023-12-11,93103,930.0,4.553,7.887,3.226,74.782,75.854
2826,19,2023-12-18,94839,895.0,4.801,6.351,4.464,76.815,71.313
2827,19,2023-12-25,95990,650.0,3.835,6.485,3.299,75.724,71.613
2828,19,2024-01-01,96623,1542.0,2.59,7.386,2.304,86.849,86.408
2829,19,2024-01-08,97770,637.0,4.952,6.027,2.79,74.224,70.921
2830,19,2024-01-15,98769,457.0,3.323,4.96,1.638,83.917,68.566
2831,19,2024-01-22,100162,821.0,4.415,9.134,2.066,76.862,84.517
2832,19,2024-01-29,101585,696.0,2.129,4.91,1.54,76.155,84.965
2833,19,2024-02-05,103174,826.0,3.338,11.37,4.103,76.676,80.872
2834,19,2024-02-12,104648,445.0,2.487,7.48,1.635,73.857,78.76
2835,19,2024-02-19,104648,702.0,3.364,5.427,2.236,78.857,87.046
2836,19,2024-02-26,106235,773.0,2.095,4.683,1.702,75.903,67.178
2837,19,2024-03-04,107737,633.0,2.209,11.569,1.535,75.838,74.228
2838,19,2024-03-11,108788,850.0,2.204,4.432,2.0,77.382,82.549
2839,19,2024-03-18,110121,1158.0,2.746,5.576,1.322,74.766,78.653
2840,19,2024-03-25,111500,494.0,3.273,7.327,3.811,76.533,80.008
2841,19,2024-04-01,113060,584.0,2.717,7.157,2.37,78.09,79.856
2842,19,2024-04-08,114214,1320.0,2.787,11.216,1.343,77.311,72.283
2843,19,2024-04-15,115467,537.0,2.104,5.741,1.084,74.222,82.066
2844,19,2024-04-22,117734,1171.0,4.571,4.344,1.749,75.422,74.176
2845,19,2024-04-29,118765,680.0,5.097,8.61,2.951,74.304,86.379
2846,19,2024-05-06,120317,467.0,3.675,7.979,1.06,78.622,83.208
2847,19,2024-05-13,121376,758.0,2.11,10.373,5.133,75.541,79.106
2848,19,2024-05-20,123296,402.0,2.604,13.139,4.907,76.619,67.766
2849,19,2024-05-27,124464,1126.0,3.665,6.349,3.058,86.124,74.291
2850,19,2024-06-03,125352,1238.0,4.143,6.98,4.696,81.4,87.531
2851,19,2024-06-10,127026,590.0,2.788,5.039,2.03,77.357,83.756
2852,19,2024-06-17,128601,715.0,3.196,11.708,2.449,75.542,71.282
2853,19,2024-06-24,129634,1318.0,4.197,2.459,1.781,78.472,91.687
2854,19,2024-07-01,131191,973.0,4.56,5.31,1.151,76.021,73.975
2855,19,2024-07-08,133178,487.0,2.131,3.874,3.203,85.53,93.576
2856,19,2024-07-15,134760,913.0,4.631,6.646,1.428,77.852,89.743
2857,19,2024-07-22,135986,650.0,3.662,8.389,1.392,84.246,82.21
2858,19,2024-07-29,136569,1128.0,1.965,4.959,1.353,77.469,80.796
2859,19,2024-08-05,137810,790.0,2.058,4.808,1.421,76.766,67.592
2860,19,2024-08-12,139112,620.0,3.378,7.475,2.528,76.09,73.375
2861,19,2024-08-19,139932,806.0,3.9,5.227,2.794,74.17,70.068
2862,19,2024-08-26,141598,777.0,3.278,4.732,0.812,75.8,72.072
2863,19,2024-09-02,142514,989.0,2.533,3.896,1.082,88.66,69.434
2864,19,2024-09-09,144316,611.0,2.331,6.747,1.536,76.199,89.977
2865,19,2024-09-16,145733,559.0,5.664,5.071,2.49,78.017,76.165
2866,19,2024-09-30,146962,556.0,4.555,7.881,4.24,79.967,73.971
2867,19,2024-10-07,148600,1453.0,3.493,10.671,2.01,77.708,86.478
2868,19,2024-10-14,149353,798.0,4.668,4.34,2.486,76.166,79.594
2869,19,2024-10-21,150638,701.0,1.156,4.804,1.978,75.912,73.961
2870,19,2024-10-28,151973,545.0,4.612,10.954,0.92,75.209,70.865
2871,19,2024-11-04,152412,486.0,4.243,4.352,1.707,83.553,83.036
2872,19,2024-11-11,153721,745.0,2.99,6.767,1.609,75.487,75.899
2873,19,2024-11-18,154601,816.0,1.907,9.223,2.168,77.284,79.918
2874,19,2024-11-25,155863,591.0,2.989,5.467,1.615,75.449,75.219
2875,19,2024-12-02,156148,960.0,3.135,12.796,1.877,76.151,72.323
2876,19,2024-12-09,157453,694.0,2.704,6.538,2.798,77.384,75.817
2877,19,2024-12-16,158684,1165.0,1.757,8.405,2.682,76.804,85.174
2878,19,2024-12-23,160352,547.0,1.991,5.159,3.159,86.212,86.717
2879,19,2024-12-30,161392,939.0,2.373,6.205,1.098,76.292,74.621
2880,19,2025-01-06,162324,817.0,3.009,8.745,2.888,74.212,86.876
2881,19,2025-01-13,163253,1519.0,2.255,5.159,1.907,76.485,71.199
2882,19,2025-01-20,165121,555.0,2.392,6.0,1.755,77.678,74.843
2883,19,2025-01-27,165458,633.0,2.966,6.667,2.904,77.048,82.154
2884,19,2025-02-03,166562,807.0,5.259,6.209,2.283,75.241,68.141
2885,19,2025-02-10,168307,1451.0,3.678,2.969,2.736,74.979,86.023
2886,19,2025-02-17,169139,925.0,2.634,6.403,2.501,79.454,71.704
2887,19,2025-02-24,170465,854.0,2.369,7.475,2.366,76.058,76.222
2888,19,2025-03-03,171538,990.0,1.562,11.064,2.89,75.717,88.716
2889,19,2025-03-10,172732,972.0,2.582,6.905,1.229,74.27,84.004
2890,19,2025-03-17,174803,514.0,3.025,9.721,1.517,76.645,79.658
2891,19,2025-03-24,175656,684.0,2.652,4.71,2.858,76.244,79.782
2892,19,2025-03-31,177167,1302.0,3.262,6.7,1.934,76.32,90.387
2893,19,2025-04-07,178501,773.0,1.792,6.978,3.12,77.179,78.834
2894,19,2025-04-14,179879,597.0,3.051,4.524,2.507,78.637,70.947
2895,19,2025-04-21,181157,680.0,4.3,6.388,1.389,85.546,75.991
2896,19,2025-04-28,182441,667.0,3.371,6.899,1.441,76.794,83.565
2897,19,2025-05-05,183841,756.0,2.024,6.671,4.881,74.805,89.715
2898,19,2025-05-12,185318,681.0,1.966,2.253,1.379,76.752,83.255
2899,19,2025-05-19,186816,804.0,4.573,5.992,1.535,77.052,79.805
2900,19,2025-05-26,187344,1042.0,1.948,10.762,2.245,81.288,76.774
2901,19,2025-06-02,188744,780.0,1.968,5.473,2.959,77.118,76.117
2902,19,2025-06-09,190360,651.0,2.158,6.059,2.292,76.959,82.267
2903,19,2025-06-16,191640,600.0,2.39,8.942,2.979,79.27,66.017
2904,19,2025-06-23,192361,896.0,4.516,5.96,2.761,77.557,83.544
2905,19,2025-06-30,193724,656.0,3.241,6.4,1.558,74.873,78.015
2906,19,2025-07-07,194443,846.0,3.532,9.069,1.671,77.245,78.869
2907,19,2025-07-14,195872,688.0,2.667,7.789,1.384,76.824,82.216
2908,19,2025-07-21,196955,1433.0,2.269,5.003,2.403,75.569,75.487
2909,19,2025-07-28,198135,437.0,2.772,4.245,2.575,74.703,82.727
2910,19,2025-08-04,199604,817.0,0.327,5.215,2.902,76.32,78.756
2911,19,2025-08-11,200953,586.0,2.15,6.679,2.932,74.942,68.486
2912,19,2025-08-18,202034,388.0,3.574,9.223,5.567,82.071,92.299
2913,19,2025-09-01,203069,1103.0,2.39,6.949,1.96,75.653,79.264
2914,19,2025-09-08,203873,817.0,3.927,6.509,2.592,82.116,74.148
2915,19,2025-09-15,205044,539.0,4.268,6.948,1.972,77.951,83.118
2916,19,2025-09-22,206714,541.0,1.953,10.502,1.85,75.583,80.586
2917,19,2025-09-29,207575,809.0,2.195,10.861,1.771,75.529,80.83
2918,19,2025-10-06,208443,932.0,4.689,7.964,1.004,85.176,78.239
2919,19,2025-10-13,210992,517.0,1.845,4.535,2.851,77.758,79.632
2920,19,2025-10-20,212407,616.0,2.929,7.403,3.799,76.488,71.731
2921,19,2025-10-27,213575,469.0,2.492,15.852,1.54,73.946,85.433
2922,19,2025-11-03,214347,631.0,4.105,6.28,2.51,77.075,88.298
2923,19,2025-11-10,216048,597.0,3.111,8.556,1.94,74.872,78.192
2924,19,2025-11-17,217893,563.0,3.217,3.502,1.555,77.189,73.29
2925,19,2025-11-24,219166,628.0,4.416,5.89,0.942,75.133,68.025
2926,19,2025-12-01,220156,540.0,4.178,4.4,2.62,77.08,91.762
2927,19,2025-12-08,221120,800.0,5.195,5.649,3.095,77.411,86.464
2928,19,2025-12-15,222561,478.0,2.209,3.112,1.971,77.969,87.774
2929,19,2025-12-22,223774,628.0,2.083,5.673,1.982,77.798,79.947
2930,19,2025-12-29,225386,766.0,3.28,3.939,1.968,79.313,86.539
2931,20,2023-01-02,41655,922.0,3.053,9.975,1.496,77.263,66.115
2932,20,2023-01-09,42234,513.0,3.22,5.091,2.239,77.969,65.862
2933,20,2023-01-23,44271,1016.0,3.161,4.384,2.249,75.696,85.835
2934,20,2023-01-30,46136,435.0,2.117,6.563,2.917,77.033,90.259
2935,20,2023-02-06,46890,588.0,4.056,8.14,2.203,75.197,74.416
2936,20,2023-02-13,48170,751.0,2.701,7.067,4.842,75.172,74.977
2937,20,2023-02-20,49648,912.0,3.217,6.056,1.783,78.035,81.304
2938,20,2023-02-27,50822,847.0,3.395,2.712,2.306,80.454,77.627
2939,20,2023-03-06,52704,652.0,2.73,5.18,1.356,76.565,87.942
2940,20,2023-03-13,53712,720.0,4.144,7.702,3.334,77.078,76.72
2941,20,2023-03-20,55499,613.0,1.892,7.012,1.888,75.156,84.516
2942,20,2023-03-27,57263,632.0,3.263,6.359,2.315,81.136,86.548
2943,20,2023-04-03,58573,802.0,3.04,5.208,1.797,76.006,80.549
2944,20,2023-04-10,60709,1498.0,2.501,8.231,2.97,74.26,74.653
2945,20,2023-04-17,61878,489.0,1.94,3.613,3.142,74.822,72.344
2946,20,2023-04-24,63207,1039.0,3.039,14.56,1.327,75.958,70.729
2947,20,2023-05-01,64597,940.0,4.31,8.594,1.12,76.341,73.199
2948,20,2023-05-08,66034,1155.0,3.474,13.001,2.403,75.739,78.347
2949,20,2023-05-15,67451,621.0,2.555,5.704,2.77,78.219,79.205
2950,20,2023-05-22,68492,813.0,2.217,6.976,1.539,77.239,81.661
2951,20,2023-05-29,70113,670.0,2.626,2.199,1.53,75.382,68.395
2952,20,2023-06-05,71369,718.0,2.949,6.169,2.81,76.062,68.368
2953,20,2023-06-12,72819,804.0,1.922,3.88,1.754,76.863,80.888
2954,20,2023-06-19,73899,576.0,1.865,9.34,2.636,74.526,72.011
2955,20,2023-06-26,74213,617.0,3.477,2.44,2.864,77.662,73.617
2956,20,2023-07-03,76138,966.0,3.762,8.04,1.856,76.612,80.487
2957,20,2023-07-10,76742,660.0,3.535,11.283,1.886,75.299,85.428
2958,20,2023-07-17,78231,530.0,2.013,4.956,1.753,82.839,85.417
2959,20,2023-07-24,79610,693.0,2.799,9.921,2.257,75.402,81.105
2960,20,2023-07-31,81726,1001.0,3.201,10.754,2.712,79.156,86.346
2961,20,2023-08-07,83080,615.0,3.323,8.715,2.36,76.505,72.126
2962,20,2023-08-14,84013,720.0,2.703,4.806,2.531,76.401,77.702
2963,20,2023-08-21,85229,762.0,3.902,5.712,2.324,76.137,74.284
2964,20,2023-08-28,86265,884.0,4.594,9.582,1.676,75.939,90.819
2965,20,2023-09-04,88098,1332.0,5.009,15.149,1.201,75.59,77.829
2966,20,2023-09-11,88800,370.0,1.938,4.532,1.47,77.051,85.806
2967,20,2023-09-18,89893,543.0,4.962,12.6,3.216,77.095,74.401
2968,20,2023-09-25,90748,1380.0,5.778,10.701,4.875,78.603,78.021
2969,20,2023-10-02,91741,370.0,2.382,4.374,3.021,76.73,84.843
2970,20,2023-10-09,92725,603.0,2.77,6.971,2.439,77.411,78.5
2971,20,2023-10-16,94371,556.0,2.346,4.898,0.096,76.816,90.492
2972,20,2023-10-23,95726,411.0,4.623,5.546,2.752,75.428,86.998
2973,20,2023-10-30,97853,1207.0,2.695,4.453,2.015,77.504,82.066
2974,20,2023-11-06,99154,392.0,3.941,12.128,1.942,76.261,81.485
2975,20,2023-11-13,100227,732.0,2.814,5.701,2.194,79.851,74.275
2976,20,2023-11-20,102070,487.0,2.935,7.951,2.947,78.124,72.382
2977,20,2023-11-27,103554,1469.0,3.36,4.833,2.418,85.228,74.379
2978,20,2023-12-04,104666,558.0,2.865,5.761,2.278,84.083,73.354
2979,20,2023-12-11,105384,913.0,4.631,6.646,1.428,77.852,89.743
2980,20,2023-12-18,106654,1294.0,2.687,8.944,3.723,81.261,68.8
2981,20,2023-12-25,107800,505.0,4.79,4.971,1.887,83.137,89.458
2982,20,2024-01-01,109253,601.0,2.825,4.766,2.808,77.827,81.199
2983,20,2024-01-08,111122,816.0,4.221,6.785,3.181,76.93,76.537
2984,20,2024-01-15,112539,733.0,3.889,7.109,2.332,74.707,79.598
2985,20,2024-01-22,114535,848.0,3.833,2.389,2.379,76.973,82.393
2986,20,2024-01-29,116195,920.0,2.461,6.557,1.441,77.891,70.73
2987,20,2024-02-05,118058,1391.0,2.636,6.275,2.565,75.576,70.776
2988,20,2024-02-12,119734,488.0,3.578,2.749,2.9,78.524,93.668
2989,20,2024-02-19,121205,737.0,1.971,7.205,2.821,77.79,82.503
2990,20,2024-02-26,122223,782.0,3.83,3.503,2.748,85.647,85.494
2991,20,2024-03-04,123309,394.0,2.748,6.107,2.761,76.596,86.132
2992,20,2024-03-11,124661,420.0,2.838,7.013,3.021,79.855,82.979
2993,20,2024-03-18,126278,646.0,2.461,2.727,1.702,78.145,78.069
2994,20,2024-03-25,127206,631.0,3.765,6.545,3.228,76.301,83.49
2995,20,2024-04-01,128900,2136.0,3.311,7.282,1.679,75.783,83.708
2996,20,2024-04-08,129545,833.0,2.662,7.046,2.922,76.525,80.997
2997,20,2024-04-15,130924,446.0,2.791,8.7,2.51,83.212,71.685
2998,20,2024-04-22,132322,683.0,3.332,10.712,1.847,75.095,63.374
2999,20,2024-04-29,133337,634.0,3.692,6.478,1.955,76.644,77.897
3000,20,2024-05-13,134996,540.0,4.992,11.874,0.979,77.448,70.764
3001,20,2024-05-20,136380,656.0,3.241,6.4,1.558,74.873,78.015
3002,20,2024-05-27,137742,868.0,4.322,5.917,2.12,76.031,73.459
3003,20,2024-06-03,138291,527.0,4.001,6.932,1.267,76.985,81.994
3004,20,2024-06-10,140126,626.0,2.47,6.195,2.2,75.204,81.195
3005,20,2024-06-17,141672,459.0,4.132,7.927,3.102,74.352,73.542
3006,20,2024-06-24,143092,684.0,2.503,4.921,4.976,86.644,75.675
3007,20,2024-07-01,144283,441.0,5.481,2.613,2.708,78.003,75.552
3008,20,2024-07-08,145046,504.0,3.775,3.962,2.039,75.564,80.421
3009,20,2024-07-15,146665,673.0,2.07,6.279,1.379,75.195,77.034
3010,20,2024-07-22,147831,564.0,3.101,7.78,2.701,77.942,78.277
3011,20,2024-07-29,149856,774.0,3.969,6.177,1.15,77.311,75.012
3012,20,2024-08-05,150975,701.0,3.267,8.085,5.467,76.052,74.575
3013,20,2024-08-12,152607,1257.0,4.409,4.327,2.608,77.946,82.84
3014,20,2024-08-19,153259,801.0,3.279,5.8,1.875,83.611,72.976
3015,20,2024-08-26,154331,494.0,3.273,7.327,3.811,76.533,80.008
3016,20,2024-09-02,155770,517.0,1.811,7.392,2.849,81.275,83.659
3017,20,2024-09-09,157268,491.0,2.994,1.849,3.216,77.373,81.969
3018,20,2024-09-16,158431,852.0,4.525,4.596,1.15,78.187,92.022
3019,20,2024-09-23,159351,393.0,2.629,4.129,2.565,77.996,78.753
3020,20,2024-09-30,161046,774.0,4.483,7.699,1.826,79.218,68.502
3021,20,2024-10-07,162683,625.0,2.968,5.047,1.357,77.699,79.624
3022,20,2024-10-14,163147,1282.0,2.903,10.191,2.901,77.805,74.609
3023,20,2024-10-21,165356,481.0,4.532,8.11,2.571,76.709,73.962
3024,20,2024-11-04,167268,697.0,3.208,6.689,2.715,75.372,80.523
3025,20,2024-11-11,168243,388.0,3.084,10.994,2.392,75.95,83.822
3026,20,2024-11-18,169546,486.0,1.714,7.594,3.272,73.743,91.297
3027,20,2024-11-25,170670,726.0,4.155,8.782,1.549,74.974,68.254
3028,20,2024-12-09,172397,783.0,3.22,12.697,1.54,75.811,68.751
3029,20,2024-12-16,173152,664.0,3.965,14.638,3.353,76.056,75.334
3030,20,2024-12-23,174461,662.0,4.198,5.259,1.881,76.39,86.463
3031,20,2024-12-30,175850,888.0,4.849,8.229,3.003,78.684,68.709
3032,20,2025-01-06,177048,483.0,2.733,12.684,2.742,77.695,73.991
3033,20,2025-01-13,177665,705.0,2.641,5.288,1.165,77.115,91.852
3034,20,2025-01-20,178828,405.0,3.744,5.172,1.636,76.689,70.064
3035,20,2025-01-27,179624,655.0,2.024,3.783,1.949,75.169,70.912
3036,20,2025-02-03,181432,498.0,4.109,8.618,1.225,75.261,68.592
3037,20,2025-02-10,183143,838.0,1.968,5.958,1.662,78.539,75.889
3038,20,2025-02-17,184462,859.0,2.881,7.648,1.187,80.922,79.835
3039,20,2025-02-24,186292,557.0,3.913,6.807,1.622,83.722,74.31
3040,20,2025-03-03,187517,805.0,4.789,7.34,2.34,77.873,75.841
3041,20,2025-03-10,188879,974.0,2.174,2.699,2.891,75.351,85.766
3042,20,2025-03-17,190142,807.0,2.441,7.433,4.368,78.169,77.888
3043,20,2025-03-24,192086,462.0,2.86,7.187,3.897,74.961,85.235
3044,20,2025-03-31,193126,626.0,2.732,6.966,2.662,75.902,72.788
3045,20,2025-04-07,195071,499.0,4.997,8.615,2.45,76.005,73.295
3046,20,2025-04-14,196590,673.0,3.728,6.163,1.041,77.674,75.155
3047,20,2025-04-21,197843,1159.0,5.488,6.002,2.429,78.019,76.218
3048,20,2025-04-28,199436,887.0,4.612,7.189,2.182,77.101,77.703
3049,20,2025-05-05,200129,752.0,2.786,4.987,1.382,77.572,83.333
3050,20,2025-05-12,201647,576.0,3.802,5.162,3.089,79.029,92.424
3051,20,2025-05-19,203249,943.0,3.14,15.881,1.602,82.009,72.704
3052,20,2025-05-26,204074,811.0,4.06,5.39,1.868,76.589,78.553
3053,20,2025-06-02,205479,504.0,4.535,11.258,1.575,75.496,66.822
3054,20,2025-06-09,207022,1154.0,2.297,6.496,1.715,76.767,87.388
3055,20,2025-06-23,208696,1090.0,2.272,4.796,3.155,75.296,80.053
3056,20,2025-06-30,209668,674.0,2.849,5.071,1.872,76.078,82.981
3057,20,2025-07-07,210784,861.0,4.084,6.003,2.27,79.53,89.491
3058,20,2025-07-14,212228,707.0,2.654,8.618,1.701,84.248,67.734
3059,20,2025-07-21,213566,986.0,5.154,4.41,1.523,77.933,70.031
3060,20,2025-07-28,215535,552.0,3.225,6.805,2.103,82.302,74.132
3061,20,2025-08-04,216872,1411.0,3.329,5.411,1.407,75.517,73.407
3062,20,2025-08-11,218247,1458.0,3.086,6.664,2.068,75.913,82.317
3063,20,2025-08-18,219822,744.0,5.89,5.854,1.158,77.972,77.167
3064,20,2025-08-25,220934,899.0,3.686,5.715,2.837,75.587,74.362
3065,20,2025-09-01,223049,752.0,3.557,5.126,1.986,76.769,74.18
3066,20,2025-09-08,224444,699.0,4.167,4.943,2.123,79.875,70.958
3067,20,2025-09-15,225601,775.0,3.265,5.617,1.745,77.091,75.761
3068,20,2025-09-22,226903,1265.0,2.212,17.563,1.742,76.755,74.426
3069,20,2025-09-29,228290,668.0,2.4,6.885,1.275,82.683,68.773
3070,20,2025-10-06,230795,1185.0,2.51,0.174,2.264,75.571,70.456
3071,20,2025-10-13,231711,928.0,3.884,4.379,2.511,76.132,84.221
3072,20,2025-10-20,233555,739.0,3.006,3.308,1.679,76.66,72.64
3073,20,2025-10-27,234518,413.0,2.586,16.661,3.463,77.271,85.931
3074,20,2025-11-03,235855,534.0,2.623,4.131,3.578,75.592,70.183
3075,20,2025-11-10,237068,471.0,4.379,4.445,1.504,76.65,77.891
3076,20,2025-11-17,237910,576.0,2.932,8.461,1.102,79.889,83.974
3077,20,2025-11-24,238946,603.0,4.103,4.816,2.676,83.992,88.37
3078,20,2025-12-01,240686,534.0,3.097,7.515,1.414,75.622,74.676
3079,20,2025-12-08,241277,495.0,3.493,8.947,5.402,77.607,74.072
3080,20,2025-12-15,242557,494.0,5.316,5.117,1.666,75.746,74.657
3081,20,2025-12-22,243728,519.0,3.878,8.281,2.264,80.723,79.814
3082,20,2025-12-29,244571,773.0,4.369,6.72,1.614,89.121,87.454
3083,21,2023-01-02,65339,912.0,4.018,13.943,2.214,80.013,72.23
3084,21,2023-01-09,66765,658.0,4.357,4.247,2.95,78.306,73.582
3085,21,2023-01-16,68044,750.0,3.959,3.619,2.006,77.084,76.114
3086,21,2023-01-23,69299,555.0,3.683,1.795,1.468,81.919,84.381
3087,21,2023-01-30,71535,1160.0,4.556,6.081,1.928,78.478,89.948
3088,21,2023-02-06,73160,486.0,3.225,6.459,1.944,81.074,74.232
3089,21,2023-02-13,74512,902.0,2.405,5.656,1.519,76.989,78.316
3090,21,2023-02-20,75398,759.0,4.459,16.744,1.153,76.82,72.772
3091,21,2023-02-27,77630,761.0,4.32,6.416,2.466,76.192,76.409
3092,21,2023-03-13,79744,396.0,2.484,6.052,2.394,81.946,74.605
3093,21,2023-03-20,81132,935.0,2.494,6.201,2.513,77.738,79.832
3094,21,2023-03-27,82472,736.0,2.533,4.128,2.001,74.564,69.283
3095,21,2023-04-10,83988,705.0,2.415,6.022,1.864,76.722,86.575
3096,21,2023-04-17,84797,1051.0,2.587,7.667,4.489,75.176,69.508
3097,21,2023-04-24,85921,668.0,2.24,9.066,2.981,84.591,75.497
3098,21,2023-05-01,87708,579.0,2.615,5.145,1.055,76.663,83.233
3099,21,2023-05-08,88996,816.0,2.999,7.686,1.466,76.047,79.502
3100,21,2023-05-15,90740,474.0,2.681,6.378,1.034,77.158,70.762
3101,21,2023-05-22,91628,867.0,4.711,5.052,2.037,75.529,77.856
3102,21,2023-05-29,93563,1063.0,3.144,10.21,2.218,73.456,85.349
3103,21,2023-06-05,95081,704.0,2.602,7.378,2.093,77.455,80.222
3104,21,2023-06-12,96199,567.0,2.602,6.138,1.222,77.551,74.849
3105,21,2023-06-19,97783,914.0,2.839,7.139,2.939,75.519,75.967
3106,21,2023-06-26,99380,824.0,3.44,8.585,6.735,83.721,80.351
3107,21,2023-07-03,100595,972.0,3.803,4.965,1.559,76.614,76.546
3108,21,2023-07-10,101712,748.0,2.241,8.843,2.588,76.374,73.962
3109,21,2023-07-17,102930,1291.0,3.88,14.464,2.76,76.595,70.856
3110,21,2023-07-24,104331,675.0,3.515,7.525,1.422,77.492,83.565
3111,21,2023-07-31,105336,861.0,3.587,8.15,1.801,78.162,67.78
3112,21,2023-08-07,106317,876.0,2.652,7.795,1.46,75.967,80.552
3113,21,2023-08-14,107491,1174.0,2.524,3.839,1.735,78.093,78.351
3114,21,2023-08-21,108626,1158.0,2.593,5.207,2.031,76.587,79.123
3115,21,2023-08-28,110409,629.0,2.583,6.48,1.487,77.082,80.105
3116,21,2023-09-04,112360,565.0,4.009,7.25,1.263,80.841,88.411
3117,21,2023-09-11,113289,429.0,3.417,5.677,1.061,82.424,77.988
3118,21,2023-09-18,114780,426.0,2.446,7.658,1.518,76.843,78.985
3119,21,2023-09-25,115989,1683.0,2.987,6.597,1.947,77.199,72.606
3120,21,2023-10-02,117269,781.0,2.262,8.048,1.708,83.877,66.527
3121,21,2023-10-09,118549,901.0,3.647,7.248,2.265,76.349,82.095
3122,21,2023-10-16,120279,611.0,5.061,3.364,0.944,75.368,70.398
3123,21,2023-10-23,121778,923.0,4.277,5.983,2.28,81.888,76.675
3124,21,2023-10-30,123479,619.0,3.934,7.698,2.279,86.063,88.42
3125,21,2023-11-06,125037,675.0,3.055,6.406,3.246,74.687,77.175
3126,21,2023-11-13,126875,634.0,2.683,5.422,1.535,77.154,69.152
3127,21,2023-11-27,128426,477.0,4.035,5.703,2.403,76.58,71.773
3128,21,2023-12-04,129119,865.0,2.676,5.28,2.284,77.323,76.595
3129,21,2023-12-11,130431,715.0,3.407,6.581,2.16,77.853,79.264
3130,21,2023-12-18,132168,625.0,1.854,4.151,2.283,73.875,81.945
3131,21,2023-12-25,134024,773.0,4.197,5.08,1.766,77.118,76.021
3132,21,2024-01-01,135243,747.0,4.745,11.262,3.457,76.277,69.017
3133,21,2024-01-08,136990,1306.0,4.936,5.132,1.922,77.329,83.868
3134,21,2024-01-15,138358,723.0,3.006,7.791,3.114,74.784,83.107
3135,21,2024-01-22,139321,573.0,3.435,4.233,2.611,77.152,76.022
3136,21,2024-01-29,140667,771.0,3.75,6.795,2.202,77.001,88.008
3137,21,2024-02-05,141507,881.0,3.005,5.896,2.09,75.379,66.607
3138,21,2024-02-12,142775,629.0,2.746,4.804,2.284,75.574,78.278
3139,21,2024-02-19,144378,471.0,2.53,3.792,2.843,76.858,73.924
3140,21,2024-02-26,145628,1006.0,3.61,13.265,1.118,87.505,75.212
3141,21,2024-03-04,146069,769.0,4.631,6.586,1.639,75.962,83.649
3142,21,2024-03-11,147126,630.0,2.514,14.373,2.283,77.741,84.11
3143,21,2024-03-18,148420,1323.0,3.639,7.244,2.699,75.754,75.713
3144,21,2024-03-25,149235,949.0,3.982,6.795,1.133,77.624,73.665
3145,21,2024-04-01,150220,920.0,4.88,6.171,0.986,76.316,82.299
3146,21,2024-04-08,151046,639.0,3.726,5.445,2.963,79.022,82.273
3147,21,2024-04-15,152981,552.0,4.563,4.858,1.563,77.382,83.658
3148,21,2024-04-22,154373,488.0,4.516,9.531,4.665,73.26,80.99
3149,21,2024-04-29,154792,639.0,3.687,5.668,1.596,75.689,85.88
3150,21,2024-05-06,155714,1077.0,3.129,11.046,5.035,75.563,77.704
3151,21,2024-05-13,156835,940.0,4.31,8.594,1.12,76.341,73.199
3152,21,2024-05-20,157589,407.0,2.956,10.655,3.521,74.525,84.765
3153,21,2024-05-27,158939,614.0,2.736,11.872,3.297,75.401,85.725
3154,21,2024-06-03,160852,806.0,4.287,7.499,1.667,76.526,79.48
3155,21,2024-06-10,162456,844.0,4.66,6.486,2.148,75.888,80.027
3156,21,2024-06-17,163321,609.0,4.78,7.031,2.336,75.186,78.289
3157,21,2024-06-24,165258,507.0,4.594,7.34,2.787,75.95,65.815
3158,21,2024-07-01,167016,1359.0,4.791,6.028,2.577,77.475,72.544
3159,21,2024-07-08,168659,1263.0,5.322,3.302,2.491,76.847,84.362
3160,21,2024-07-15,169670,778.0,4.396,6.253,1.693,74.913,83.345
3161,21,2024-07-22,171293,965.0,5.105,10.393,4.773,78.102,86.791
3162,21,2024-07-29,172479,531.0,4.055,7.939,3.206,78.371,81.842
3163,21,2024-08-05,174058,576.0,2.436,5.826,2.231,84.159,85.204
3164,21,2024-08-12,175862,1113.0,4.928,7.256,1.599,75.355,76.54
3165,21,2024-08-19,177416,640.0,4.484,6.79,2.159,78.058,75.513
3166,21,2024-08-26,178965,442.0,1.921,5.227,3.758,78.245,78.429
3167,21,2024-09-02,179221,710.0,2.513,8.376,2.258,76.365,67.798
3168,21,2024-09-09,180276,682.0,4.55,7.768,1.519,74.764,81.588
3169,21,2024-09-16,181770,715.0,3.362,6.875,1.525,75.589,77.628
3170,21,2024-09-23,183209,1382.0,4.33,4.513,1.507,74.9,78.452
3171,21,2024-09-30,184844,591.0,2.761,5.205,2.168,78.62,81.323
3172,21,2024-10-07,186008,1188.0,4.746,6.426,3.483,79.939,70.031
3173,21,2024-10-14,186737,997.0,2.259,6.986,1.204,79.956,72.044
3174,21,2024-10-21,187790,508.0,2.157,7.648,2.202,75.656,78.675
3175,21,2024-10-28,189420,488.0,4.241,8.059,3.118,74.138,75.598
3176,21,2024-11-04,190865,996.0,3.489,6.673,2.772,76.754,79.702
3177,21,2024-11-11,192614,407.0,2.06,7.772,1.722,75.741,67.702
3178,21,2024-11-25,194896,1362.0,1.923,6.752,2.22,79.957,70.365
3179,21,2024-12-02,196553,999.0,6.659,4.593,0.818,76.689,76.909
3180,21,2024-12-09,197724,534.0,2.304,10.11,2.141,84.167,75.931
3181,21,2024-12-16,199005,1291.0,3.88,14.464,2.76,76.595,70.856
3182,21,2024-12-23,199480,509.0,4.016,8.639,1.557,85.288,69.99
3183,21,2024-12-30,201380,1172.0,3.073,5.129,1.482,76.606,83.824
3184,21,2025-01-06,203209,387.0,3.453,12.94,3.142,75.537,75.621
3185,21,2025-01-13,204215,590.0,2.524,5.79,2.785,74.777,84.215
3186,21,2025-01-20,205583,537.0,3.539,15.866,5.447,75.602,80.304
3187,21,2025-01-27,206730,678.0,5.806,9.499,1.421,78.172,85.051
3188,21,2025-02-03,208105,1027.0,5.309,5.967,3.708,78.273,80.855
3189,21,2025-02-10,208955,913.0,2.118,4.402,2.803,76.687,79.759
3190,21,2025-02-17,210546,372.0,3.701,4.294,5.34,77.883,84.817
3191,21,2025-02-24,212147,560.0,4.994,8.615,1.042,74.916,78.749
3192,21,2025-03-03,213091,740.0,2.877,6.651,3.182,75.832,83.822
3193,21,2025-03-10,214441,476.0,2.279,1.444,2.666,84.97,81.906
3194,21,2025-03-17,215224,447.0,3.015,8.455,2.335,82.887,76.937
3195,21,2025-03-24,216509,917.0,3.38,16.662,2.629,78.118,85.526
3196,21,2025-03-31,217364,583.0,3.33,4.753,1.669,77.287,69.411
3197,21,2025-04-07,218364,673.0,2.144,18.826,1.745,74.469,87.095
3198,21,2025-04-14,220782,1019.0,2.643,7.829,1.174,76.741,67.826
3199,21,2025-04-21,221567,1185.0,3.765,10.674,2.25,78.488,75.174
3200,21,2025-04-28,223215,719.0,3.962,4.216,2.613,74.375,79.645
3201,21,2025-05-05,224772,1121.0,3.824,6.003,3.12,77.006,73.478
3202,21,2025-05-12,225476,414.0,1.873,6.322,5.418,76.225,85.1
3203,21,2025-05-19,226529,473.0,3.92,4.228,2.355,74.95,76.806
3204,21,2025-05-26,227236,810.0,2.986,6.489,2.274,78.365,78.265
3205,21,2025-06-02,228337,606.0,4.531,4.695,1.221,75.21,74.851
3206,21,2025-06-09,229451,579.0,2.333,6.244,2.328,75.558,80.687
3207,21,2025-06-16,230629,677.0,3.51,3.797,1.96,87.263,67.545
3208,21,2025-06-23,232519,1027.0,2.764,7.494,2.729,76.399,77.328
3209,21,2025-06-30,234572,1495.0,2.056,4.173,1.662,75.616,67.803
3210,21,2025-07-07,236596,937.0,4.35,5.052,4.879,75.035,85.841
3211,21,2025-07-14,238185,613.0,3.647,6.464,2.667,76.717,79.654
3212,21,2025-07-21,239047,1521.0,4.185,6.737,2.019,77.676,76.177
3213,21,2025-07-28,241008,508.0,4.107,6.135,2.607,77.004,84.85
3214,21,2025-08-04,242120,458.0,2.248,4.818,1.828,77.852,80.616
3215,21,2025-08-11,242834,920.0,2.398,6.276,1.52,76.795,87.633
3216,21,2025-08-18,244232,867.0,2.134,3.724,2.629,75.007,81.665
3217,21,2025-08-25,245429,719.0,2.686,15.206,1.793,76.996,88.164
3218,21,2025-09-01,246770,966.0,4.46,3.611,1.841,77.692,83.552
3219,21,2025-09-08,248871,941.0,4.756,8.641,1.299,89.581,79.036
3220,21,2025-09-15,250534,821.0,1.868,14.013,3.067,78.291,75.126
3221,21,2025-09-22,251450,474.0,5.675,8.599,2.45,75.635,70.493
3222,21,2025-09-29,253348,1041.0,2.225,5.24,2.027,76.615,83.656
3223,21,2025-10-06,254322,1038.0,2.556,11.49,2.023,88.842,76.851
3224,21,2025-10-13,255746,845.0,3.267,12.861,2.848,74.369,66.977
3225,21,2025-10-20,257201,439.0,2.918,8.389,1.671,74.53,70.143
3226,21,2025-10-27,258671,672.0,5.852,6.092,2.219,77.812,68.727
3227,21,2025-11-03,259751,592.0,3.2,7.491,3.226,76.293,70.531
3228,21,2025-11-10,261472,1476.0,2.475,6.289,3.465,78.787,71.956
3229,21,2025-11-17,262452,962.0,2.916,7.406,1.46,82.732,85.791
3230,21,2025-11-24,264243,431.0,2.65,4.261,2.469,77.425,74.997
3231,21,2025-12-01,265325,1062.0,3.461,7.955,2.28,76.003,75.876
3232,21,2025-12-08,266526,870.0,4.616,6.445,1.687,77.44,74.387
3233,21,2025-12-15,267898,796.0,5.49,10.106,2.339,76.568,78.612
3234,21,2025-12-22,268973,1232.0,3.518,7.31,2.539,75.56,76.31
3235,21,2025-12-29,270277,434.0,4.503,3.792,2.022,76.411,83.75
3236,22,2023-01-02,109851,1376.0,3.435,4.178,4.356,77.061,73.332
3237,22,2023-01-09,111752,1015.0,4.44,5.877,2.404,74.389,74.762
3238,22,2023-01-16,112805,498.0,3.053,15.408,3.812,75.159,70.579
3239,22,2023-01-23,114281,469.0,3.284,7.384,2.733,77.017,75.233
3240,22,2023-01-30,115510,1032.0,2.751,4.566,3.03,75.397,83.402
3241,22,2023-02-06,117360,928.0,2.537,12.348,2.422,77.502,81.438
3242,22,2023-02-13,118134,1196.0,2.855,4.663,1.857,77.315,87.776
3243,22,2023-02-20,119325,1261.0,2.824,4.89,2.379,77.679,83.475
3244,22,2023-02-27,120574,1008.0,4.032,7.998,1.343,77.011,70.385
3245,22,2023-03-06,121589,1139.0,1.862,4.121,1.181,75.415,75.734
3246,22,2023-03-13,122351,802.0,1.793,5.181,2.916,76.751,74.316
3247,22,2023-03-20,123683,535.0,3.087,3.953,2.887,75.916,73.023
3248,22,2023-03-27,124474,779.0,4.429,5.829,2.593,75.976,75.948
3249,22,2023-04-03,125040,825.0,3.945,7.75,2.483,85.438,74.031
3250,22,2023-04-10,126089,852.0,4.824,4.778,2.792,88.741,74.506
3251,22,2023-04-17,127861,479.0,2.758,4.881,0.945,76.374,83.29
3252,22,2023-04-24,129727,544.0,3.568,5.885,2.001,82.766,92.486
3253,22,2023-05-01,130373,741.0,3.865,6.653,1.516,75.872,76.48
3254,22,2023-05-08,131925,629.0,3.478,9.089,1.507,74.101,77.234
3255,22,2023-05-15,133251,682.0,2.53,7.796,1.216,75.272,78.679
3256,22,2023-05-22,134794,929.0,2.956,7.513,1.969,75.442,83.663
3257,22,2023-05-29,135467,1443.0,2.215,5.813,2.8,78.008,86.715
3258,22,2023-06-05,137462,990.0,2.708,7.835,1.859,85.882,73.453
3259,22,2023-06-12,138311,898.0,1.862,7.277,2.224,73.556,70.342
3260,22,2023-06-19,139369,758.0,3.719,6.993,1.238,76.522,78.767
3261,22,2023-06-26,140572,472.0,2.711,9.085,2.766,76.512,72.426
3262,22,2023-07-03,141964,530.0,2.916,5.634,2.726,80.292,80.285
3263,22,2023-07-10,143546,601.0,2.559,5.487,1.355,77.123,75.103
3264,22,2023-07-17,144682,923.0,3.173,7.873,1.835,84.854,77.224
3265,22,2023-07-24,145615,381.0,3.154,4.581,1.87,86.066,76.432
3266,22,2023-07-31,147103,991.0,2.994,7.358,1.839,85.198,84.292
3267,22,2023-08-07,148426,430.0,2.727,6.176,1.677,77.2,73.451
3268,22,2023-08-14,148946,554.0,4.347,8.539,1.032,86.227,91.281
3269,22,2023-08-21,150221,874.0,3.028,5.886,2.407,73.635,72.572
3270,22,2023-08-28,151447,937.0,2.859,12.153,1.38,77.746,79.67
3271,22,2023-09-04,153071,341.0,3.068,6.279,1.687,77.431,70.604
3272,22,2023-09-11,154288,1575.0,4.953,7.272,2.036,77.12,84.716
3273,22,2023-09-18,155232,1019.0,4.513,5.855,1.826,77.397,75.736
3274,22,2023-09-25,155824,583.0,2.619,8.741,5.011,75.49,87.634
3275,22,2023-10-02,157640,1613.0,3.853,4.804,1.719,76.873,70.603
3276,22,2023-10-09,158603,642.0,2.213,5.484,2.013,76.398,81.267
3277,22,2023-10-16,159236,1181.0,5.048,8.548,2.461,73.292,68.799
3278,22,2023-10-23,160267,690.0,2.802,7.288,1.668,74.838,72.609
3279,22,2023-10-30,161680,1086.0,2.626,3.765,1.811,77.044,82.627
3280,22,2023-11-06,163525,834.0,4.636,7.276,1.317,73.873,74.977
3281,22,2023-11-13,164543,630.0,4.362,3.164,2.9,86.042,72.592
3282,22,2023-11-20,166150,442.0,5.419,9.54,2.428,76.895,76.124
3283,22,2023-11-27,167044,529.0,2.406,2.636,1.124,77.105,77.669
3284,22,2023-12-04,167929,902.0,1.246,5.847,1.022,74.648,80.677
3285,22,2023-12-11,169584,787.0,4.382,11.346,1.687,74.264,78.55
3286,22,2023-12-18,170360,521.0,3.521,4.556,1.612,76.963,83.07
3287,22,2023-12-25,171107,525.0,1.913,6.722,2.421,76.89,73.745
3288,22,2024-01-01,172278,490.0,4.781,6.661,2.784,82.182,72.78
3289,22,2024-01-08,173374,449.0,1.764,6.542,4.0,75.419,81.117
3290,22,2024-01-15,175443,647.0,2.604,4.936,3.188,74.934,72.345
3291,22,2024-01-22,176427,563.0,4.643,10.11,1.081,77.32,83.199
3292,22,2024-01-29,178053,917.0,2.784,3.291,1.506,82.118,72.54
3293,22,2024-02-05,180095,716.0,3.241,6.778,1.048,76.794,77.531
3294,22,2024-02-12,180756,1175.0,3.06,10.679,1.165,76.768,83.758
3295,22,2024-02-19,182387,485.0,4.572,4.828,0.971,83.244,87.705
3296,22,2024-02-26,183361,621.0,3.534,13.593,2.553,72.358,70.583
3297,22,2024-03-04,185013,886.0,2.588,7.32,1.658,75.332,74.01
3298,22,2024-03-11,186249,709.0,0.663,12.694,2.543,75.361,74.605
3299,22,2024-03-18,187934,915.0,3.101,5.259,2.018,74.882,70.789
3300,22,2024-03-25,189342,609.0,5.248,4.293,2.707,77.755,81.648
3301,22,2024-04-01,191123,1234.0,2.982,12.639,2.102,77.377,74.82
3302,22,2024-04-08,192455,867.0,3.59,8.509,3.053,75.591,76.533
3303,22,2024-04-15,194158,1065.0,4.024,3.406,1.855,76.759,82.989
3304,22,2024-04-22,194806,518.0,4.69,10.473,2.512,86.523,78.249
3305,22,2024-04-29,196095,616.0,2.977,2.323,2.162,76.996,77.126
3306,22,2024-05-06,196855,1163.0,3.969,4.288,1.611,76.403,88.597
3307,22,2024-05-13,198376,1157.0,2.144,6.393,2.114,75.792,71.266
3308,22,2024-05-20,199486,691.0,4.376,4.628,1.498,78.596,80.285
3309,22,2024-05-27,201126,563.0,4.216,1.503,1.419,78.007,83.856
3310,22,2024-06-03,202076,1802.0,2.65,13.332,3.205,80.147,86.733
3311,22,2024-06-10,202880,966.0,4.558,4.413,0.93,77.449,81.75
3312,22,2024-06-17,204576,1398.0,4.827,3.943,2.194,75.384,91.112
3313,22,2024-06-24,205872,587.0,3.031,3.001,3.018,76.344,74.809
3314,22,2024-07-01,208013,650.0,3.169,7.147,3.079,76.909,87.172
3315,22,2024-07-08,209572,988.0,3.549,5.883,1.249,77.43,80.5
3316,22,2024-07-15,210700,801.0,3.511,6.683,1.212,74.297,77.529
3317,22,2024-07-22,212855,1010.0,3.871,6.764,3.411,87.541,81.242
3318,22,2024-07-29,213809,1231.0,2.712,8.048,2.848,76.662,68.718
3319,22,2024-08-05,215532,962.0,3.997,5.8,1.986,77.895,81.744
3320,22,2024-08-12,216914,1052.0,3.522,5.525,6.267,77.104,70.32
3321,22,2024-08-19,218038,661.0,1.608,16.181,2.15,75.0,76.515
3322,22,2024-08-26,219337,576.0,5.255,6.575,4.963,78.092,82.051
3323,22,2024-09-02,221168,741.0,5.267,9.674,1.377,75.764,78.208
3324,22,2024-09-09,222366,895.0,0.104,7.665,1.906,74.774,74.63
3325,22,2024-09-16,223963,632.0,4.414,4.205,1.507,77.059,71.62
3326,22,2024-09-23,225277,838.0,3.377,4.159,2.142,77.258,88.784
3327,22,2024-09-30,226362,488.0,4.516,9.531,4.665,73.26,80.99
3328,22,2024-10-07,228105,746.0,2.16,3.874,0.944,74.635,83.267
3329,22,2024-10-14,229257,788.0,1.891,5.154,2.064,76.931,76.554
3330,22,2024-10-21,230867,1057.0,2.055,6.885,1.599,76.617,87.627
3331,22,2024-10-28,232518,485.0,2.284,7.98,2.444,76.034,86.701
3332,22,2024-11-04,233361,478.0,2.277,6.009,2.159,75.868,80.617
3333,22,2024-11-11,234940,528.0,2.55,3.469,1.581,74.699,75.899
3334,22,2024-11-18,235729,811.0,4.613,5.807,3.155,77.371,74.644
3335,22,2024-11-25,237005,593.0,3.563,14.935,1.574,73.638,84.099
3336,22,2024-12-02,237938,1244.0,3.943,5.019,1.29,73.747,75.363
3337,22,2024-12-09,239034,649.0,3.804,11.695,2.22,76.823,85.583
3338,22,2024-12-16,240263,659.0,4.496,5.979,5.867,76.96,83.498
3339,22,2024-12-23,241895,551.0,2.341,6.397,1.84,75.564,75.168
3340,22,2024-12-30,242829,790.0,4.246,7.813,1.987,78.362,90.821
3341,22,2025-01-06,243986,753.0,3.937,7.991,2.541,78.374,79.591
3342,22,2025-01-13,245197,668.0,2.58,3.861,1.903,75.981,78.923
3343,22,2025-01-20,246875,602.0,5.675,4.76,0.748,76.026,83.147
3344,22,2025-01-27,247758,564.0,3.497,5.501,1.27,85.758,76.567
3345,22,2025-02-03,248347,572.0,4.59,7.727,0.851,78.263,68.04
3346,22,2025-02-10,250726,537.0,2.862,4.277,1.646,73.957,77.007
3347,22,2025-02-17,252040,469.0,2.19,5.416,1.466,77.097,83.147
3348,22,2025-02-24,254000,768.0,3.36,4.828,1.848,76.833,67.263
3349,22,2025-03-03,254957,432.0,3.018,8.524,1.389,78.643,77.126
3350,22,2025-03-10,256342,801.0,3.223,10.624,2.028,74.871,84.467
3351,22,2025-03-17,258188,875.0,2.138,6.308,3.225,74.308,85.797
3352,22,2025-03-24,259581,571.0,3.562,7.635,2.681,76.32,69.89
3353,22,2025-03-31,261316,532.0,3.225,8.69,2.934,76.269,69.861
3354,22,2025-04-07,263211,824.0,3.83,4.709,1.385,76.282,84.867
3355,22,2025-04-14,264599,1718.0,2.612,5.783,2.503,81.305,85.277
3356,22,2025-04-21,266274,1390.0,5.536,16.434,1.773,76.715,82.524
3357,22,2025-04-28,267318,1219.0,2.236,5.566,1.252,80.776,80.867
3358,22,2025-05-05,268275,640.0,3.304,7.85,2.788,74.236,69.085
3359,22,2025-05-12,269389,1121.0,4.522,7.124,1.181,76.578,65.561
3360,22,2025-05-19,270706,804.0,3.619,7.392,3.812,76.234,81.816
3361,22,2025-05-26,271345,761.0,3.532,6.155,2.648,76.714,72.193
3362,22,2025-06-02,272907,1096.0,3.767,6.127,1.751,76.815,81.843
3363,22,2025-06-09,274528,563.0,4.643,10.11,1.081,77.32,83.199
3364,22,2025-06-16,275848,607.0,4.693,7.188,0.996,77.97,67.45
3365,22,2025-06-23,277539,440.0,4.254,6.445,3.339,81.638,82.338
3366,22,2025-06-30,278948,1158.0,4.307,4.539,1.653,78.588,82.576
3367,22,2025-07-07,280418,846.0,3.431,7.839,2.303,72.525,66.968
3368,22,2025-07-14,282279,802.0,2.278,3.753,2.303,85.159,78.85
3369,22,2025-07-21,283754,794.0,2.435,6.398,2.658,86.843,79.275
3370,22,2025-07-28,284750,1560.0,4.549,5.483,1.206,77.432,75.381
3371,22,2025-08-04,286923,725.0,2.842,11.952,0.375,78.643,69.234
3372,22,2025-08-11,288264,1127.0,4.422,7.795,1.742,75.776,73.219
3373,22,2025-08-18,289192,513.0,3.266,13.728,1.57,77.887,75.651
3374,22,2025-08-25,290746,407.0,3.507,4.727,2.228,77.341,70.847
3375,22,2025-09-01,291610,459.0,3.321,5.191,5.18,75.734,79.751
3376,22,2025-09-08,292906,1134.0,2.82,15.563,2.39,75.23,68.536
3377,22,2025-09-15,293906,840.0,1.969,5.434,5.136,76.686,77.263
3378,22,2025-09-22,295538,730.0,3.708,11.421,1.783,74.041,63.414
3379,22,2025-09-29,296799,712.0,4.074,4.382,1.659,73.86,70.722
3380,22,2025-10-06,297791,1578.0,3.424,1.767,1.627,77.784,85.869
3381,22,2025-10-13,298659,549.0,2.019,4.903,4.326,81.967,74.81
3382,22,2025-10-20,300147,495.0,3.872,5.045,3.177,75.976,82.702
3383,22,2025-10-27,302439,730.0,3.384,4.502,2.74,81.13,87.558
3384,22,2025-11-03,304372,947.0,1.177,5.923,2.253,75.478,83.534
3385,22,2025-11-10,306013,1274.0,3.753,4.444,3.139,77.696,71.55
3386,22,2025-11-17,306916,1560.0,3.326,9.35,2.152,76.266,84.043
3387,22,2025-11-24,308381,1972.0,2.557,7.021,2.326,75.124,77.251
3388,22,2025-12-01,309178,846.0,5.401,10.208,2.427,79.046,77.669
3389,22,2025-12-08,310997,466.0,3.709,8.967,2.065,76.298,76.29
3390,22,2025-12-15,312027,977.0,5.7,5.197,2.897,80.937,69.9
3391,22,2025-12-22,313533,1582.0,5.968,7.461,1.962,75.261,71.13
3392,22,2025-12-29,314731,874.0,4.335,6.428,3.01,76.237,69.387
3393,23,2023-01-02,59744,633.0,4.97,5.679,1.2,75.525,78.367
3394,23,2023-01-09,61364,581.0,3.609,2.677,2.428,76.502,83.515
3395,23,2023-01-16,62497,1078.0,1.913,5.17,3.131,75.975,87.566
3396,23,2023-01-23,62765,690.0,3.454,6.023,6.25,75.114,79.484
3397,23,2023-01-30,65322,481.0,5.332,15.497,6.115,74.936,73.501
3398,23,2023-02-06,66804,385.0,4.354,8.719,2.788,72.961,84.949
3399,23,2023-02-13,67535,1008.0,3.28,11.379,2.629,75.425,76.047
3400,23,2023-02-20,68609,446.0,2.677,11.401,1.862,78.248,80.794
3401,23,2023-02-27,69860,625.0,3.483,10.759,1.932,77.432,81.311
3402,23,2023-03-06,71592,593.0,4.821,7.182,1.774,75.086,69.436
3403,23,2023-03-13,72577,571.0,2.597,9.154,4.626,77.429,87.276
3404,23,2023-03-20,73846,479.0,2.833,5.317,2.173,84.945,90.564
3405,23,2023-03-27,74735,660.0,4.415,5.631,2.382,77.109,67.935
3406,23,2023-04-03,75860,810.0,1.949,7.205,1.307,75.849,84.839
3407,23,2023-04-10,76902,1606.0,2.105,4.404,2.057,78.493,71.117
3408,23,2023-04-17,77750,680.0,2.329,7.081,2.88,76.66,80.889
3409,23,2023-04-24,79043,511.0,3.465,6.728,0.975,83.197,68.715
3410,23,2023-05-01,80967,650.0,2.942,5.402,2.001,74.821,83.687
3411,23,2023-05-08,82295,850.0,3.42,6.372,3.08,76.743,68.932
3412,23,2023-05-15,83330,1219.0,1.886,7.452,2.262,77.866,88.322
3413,23,2023-05-22,84172,943.0,2.958,5.756,2.207,82.619,81.725
3414,23,2023-05-29,84825,408.0,2.306,4.009,2.049,77.072,87.677
3415,23,2023-06-05,85525,420.0,2.838,7.013,3.021,79.855,82.979
3416,23,2023-06-12,86550,1394.0,4.102,5.385,1.319,74.682,71.555
3417,23,2023-06-19,87665,599.0,3.84,6.207,4.892,78.631,83.596
3418,23,2023-06-26,88794,1294.0,3.748,5.762,2.53,76.449,72.889
3419,23,2023-07-03,90044,521.0,3.298,6.015,1.865,75.346,76.561
3420,23,2023-07-10,91340,924.0,3.502,14.476,2.661,77.259,78.385
3421,23,2023-07-17,92813,509.0,3.689,3.992,1.469,75.926,82.921
3422,23,2023-07-24,94891,830.0,2.303,7.791,1.58,77.469,74.363
3423,23,2023-07-31,95524,569.0,2.675,5.032,1.304,76.512,73.016
3424,23,2023-08-07,97247,735.0,2.004,5.424,2.252,87.886,78.752
3425,23,2023-08-14,97874,484.0,4.32,9.919,3.323,73.857,72.12
3426,23,2023-08-21,99557,483.0,5.203,8.907,1.924,79.877,87.722
3427,23,2023-08-28,101092,1052.0,4.148,10.188,2.75,75.156,84.789
3428,23,2023-09-04,101968,582.0,2.607,3.667,1.324,75.419,76.794
3429,23,2023-09-11,102821,557.0,3.354,5.39,2.597,77.765,74.712
3430,23,2023-09-18,104516,534.0,3.008,6.86,5.603,78.476,70.465
3431,23,2023-09-25,105564,525.0,2.816,6.983,1.195,74.32,68.374
3432,23,2023-10-02,107255,453.0,3.079,8.348,1.807,77.367,86.846
3433,23,2023-10-09,108540,672.0,2.778,4.958,1.537,76.437,91.557
3434,23,2023-10-16,110331,969.0,3.747,9.109,1.873,75.684,76.192
3435,23,2023-10-23,111709,1408.0,3.01,6.589,3.403,74.958,71.173
3436,23,2023-10-30,113045,685.0,2.238,8.059,3.378,76.821,73.618
3437,23,2023-11-06,114431,486.0,3.106,6.842,2.3,76.692,69.456
3438,23,2023-11-13,115690,534.0,4.661,8.306,1.257,84.226,75.451
3439,23,2023-11-20,117098,845.0,4.15,5.64,3.249,76.993,85.112
3440,23,2023-11-27,119049,853.0,2.103,0.917,1.259,77.942,88.497
3441,23,2023-12-04,119662,1084.0,2.423,7.458,2.8,74.551,89.302
3442,23,2023-12-11,120383,625.0,4.125,6.959,1.843,74.204,78.196
3443,23,2023-12-18,122131,525.0,3.079,12.339,1.381,74.283,74.371
3444,23,2023-12-25,123433,929.0,2.482,4.474,1.438,76.93,78.644
3445,23,2024-01-01,125024,589.0,4.479,6.929,1.503,77.247,65.364
3446,23,2024-01-08,126064,595.0,6.615,13.59,1.2,76.958,73.923
3447,23,2024-01-15,128065,558.0,4.486,12.191,1.889,77.49,70.289
3448,23,2024-01-22,129951,982.0,2.176,6.395,2.454,78.734,81.004
3449,23,2024-01-29,130921,467.0,4.611,8.076,3.564,74.441,73.921
3450,23,2024-02-05,132234,719.0,3.988,9.622,2.569,82.875,82.054
3451,23,2024-02-12,134343,529.0,1.934,5.354,3.649,76.536,72.699
3452,23,2024-02-19,136135,726.0,3.134,5.999,1.99,77.438,77.739
3453,23,2024-02-26,137228,677.0,3.14,5.806,0.973,75.51,81.759
3454,23,2024-03-04,138229,488.0,5.032,7.108,2.272,77.875,67.729
3455,23,2024-03-11,138634,774.0,5.533,4.141,1.698,75.258,70.296
3456,23,2024-03-18,139859,623.0,2.455,4.78,2.487,77.222,86.904
3457,23,2024-03-25,141079,708.0,4.355,4.872,3.02,74.574,80.8
3458,23,2024-04-01,142404,532.0,4.841,6.548,1.651,76.008,80.138
3459,23,2024-04-08,143568,842.0,5.104,5.867,3.159,76.005,67.672
3460,23,2024-04-15,145461,812.0,3.4,3.896,4.307,76.117,85.247
3461,23,2024-04-22,147682,562.0,5.114,5.882,2.787,75.002,76.905
3462,23,2024-04-29,148935,664.0,3.978,7.537,4.854,76.413,84.565
3463,23,2024-05-06,149744,650.0,2.884,5.667,2.621,76.774,71.014
3464,23,2024-05-13,151047,414.0,3.442,11.126,3.021,76.643,68.162
3465,23,2024-05-20,152859,691.0,2.661,12.825,1.789,86.311,79.577
3466,23,2024-05-27,153765,496.0,2.72,6.718,1.307,75.967,66.536
3467,23,2024-06-03,154719,982.0,3.457,5.982,2.39,77.857,72.566
3468,23,2024-06-10,156597,1291.0,3.805,18.224,2.943,76.597,71.742
3469,23,2024-06-17,157230,1019.0,4.706,7.255,1.279,75.37,69.301
3470,23,2024-06-24,159121,780.0,3.711,4.309,2.968,75.711,74.309
3471,23,2024-07-01,159887,418.0,5.726,6.719,2.387,76.227,84.474
3472,23,2024-07-08,161236,464.0,4.352,5.834,1.533,74.123,72.253
3473,23,2024-07-15,162914,391.0,3.21,4.403,2.74,82.685,80.829
3474,23,2024-07-22,163997,581.0,2.326,4.744,2.39,74.958,79.85
3475,23,2024-07-29,165590,793.0,4.03,9.396,3.081,74.609,67.853
3476,23,2024-08-05,167022,1086.0,3.4,11.578,1.507,76.739,75.78
3477,23,2024-08-12,167924,563.0,2.903,4.822,2.387,76.71,79.786
3478,23,2024-08-19,169635,729.0,2.884,5.825,2.464,78.802,79.592
3479,23,2024-08-26,171271,1713.0,5.094,4.363,1.627,81.849,71.053
3480,23,2024-09-02,172572,1047.0,5.177,6.511,1.561,77.787,77.268
3481,23,2024-09-09,173944,888.0,3.979,8.782,1.928,77.167,68.124
3482,23,2024-09-16,175475,691.0,3.699,8.17,1.925,78.115,83.292
3483,23,2024-09-23,176230,572.0,4.746,5.221,3.975,78.158,71.864
3484,23,2024-09-30,177788,722.0,4.231,6.893,3.524,80.622,80.782
3485,23,2024-10-07,178893,844.0,2.859,5.355,1.805,76.359,73.192
3486,23,2024-10-14,180566,609.0,2.255,8.514,0.933,78.149,87.594
3487,23,2024-10-21,181730,789.0,3.142,7.632,2.192,73.438,86.47
3488,23,2024-10-28,182816,681.0,2.67,4.894,1.973,77.167,86.456
3489,23,2024-11-04,184154,1069.0,2.298,8.382,2.671,76.221,71.087
3490,23,2024-11-11,185436,789.0,2.358,9.979,0.942,76.626,80.685
3491,23,2024-11-18,186103,379.0,3.385,6.948,2.46,75.443,61.673
3492,23,2024-11-25,187954,513.0,4.671,4.383,1.249,76.894,71.541
3493,23,2024-12-02,188410,416.0,3.995,6.513,3.426,77.533,82.495
3494,23,2024-12-09,189410,452.0,4.276,2.867,1.821,81.564,83.934
3495,23,2024-12-16,190974,445.0,2.229,5.756,1.805,72.684,78.063
3496,23,2024-12-23,191622,629.0,3.201,4.884,2.043,82.212,77.805
3497,23,2024-12-30,194095,395.0,2.66,10.09,2.619,75.272,74.176
3498,23,2025-01-06,196034,488.0,3.989,6.956,4.233,77.289,72.638
3499,23,2025-01-13,197809,405.0,2.008,9.191,1.94,74.019,75.483
3500,23,2025-01-20,199668,847.0,3.724,7.216,2.432,76.79,80.271
3501,23,2025-01-27,200736,437.0,5.286,3.102,1.152,76.298,74.926
3502,23,2025-02-03,202274,609.0,2.98,8.67,2.728,77.057,86.52
3503,23,2025-02-10,203333,1130.0,3.239,6.499,2.38,80.613,71.123
3504,23,2025-02-17,204348,629.0,2.958,5.257,2.502,85.546,78.345
3505,23,2025-02-24,205424,388.0,3.835,5.961,3.211,74.612,83.152
3506,23,2025-03-03,206032,619.0,3.533,7.59,1.421,77.336,78.528
3507,23,2025-03-10,207493,394.0,2.068,3.963,0.775,77.659,94.074
3508,23,2025-03-17,208488,526.0,2.288,6.167,2.542,77.374,82.588
3509,23,2025-03-24,210186,1625.0,2.727,9.333,2.718,77.492,71.912
3510,23,2025-03-31,210949,586.0,2.221,5.891,2.049,75.083,77.661
3511,23,2025-04-07,211871,761.0,2.26,6.11,3.147,77.7,73.747
3512,23,2025-04-14,213794,635.0,3.31,4.404,1.516,76.11,69.18
3513,23,2025-04-21,215047,698.0,2.572,3.417,3.207,74.801,81.307
3514,23,2025-04-28,216287,891.0,4.22,5.246,3.25,78.293,77.017
3515,23,2025-05-05,217345,520.0,2.962,6.553,1.064,77.752,79.646
3516,23,2025-05-12,218679,1204.0,2.162,6.61,2.879,76.02,67.406
3517,23,2025-05-19,220020,959.0,3.839,5.819,1.323,76.292,69.381
3518,23,2025-05-26,221304,1158.0,4.191,5.513,3.322,84.039,64.577
3519,23,2025-06-02,222654,746.0,2.611,5.473,3.307,77.34,83.956
3520,23,2025-06-09,223267,604.0,4.038,6.068,2.646,84.052,75.038
3521,23,2025-06-16,224282,806.0,4.287,7.499,1.667,76.526,79.48
3522,23,2025-06-23,225574,471.0,1.934,2.849,2.334,75.666,75.078
3523,23,2025-06-30,226724,538.0,4.26,7.694,2.084,80.183,81.181
3524,23,2025-07-07,227468,547.0,3.757,5.929,2.29,83.66,90.201
3525,23,2025-07-14,228304,1105.0,4.231,4.59,2.415,75.837,74.07
3526,23,2025-07-21,229206,1460.0,3.401,4.919,1.667,76.716,88.613
3527,23,2025-07-28,230685,653.0,2.475,6.626,2.48,76.734,82.03
3528,23,2025-08-04,232181,752.0,3.655,13.182,1.736,76.904,71.007
3529,23,2025-08-11,233123,702.0,1.743,7.881,3.199,81.567,78.799
3530,23,2025-08-18,234673,670.0,2.492,7.122,1.28,81.013,77.184
3531,23,2025-08-25,235830,604.0,3.667,6.316,2.557,76.495,79.333
3532,23,2025-09-01,237662,520.0,2.714,9.372,5.538,77.501,79.937
3533,23,2025-09-08,238299,1536.0,2.9,5.514,4.016,75.145,80.747
3534,23,2025-09-15,239580,745.0,4.628,6.124,2.857,74.911,70.824
3535,23,2025-09-22,241089,1009.0,3.736,4.235,2.748,83.011,81.891
3536,23,2025-09-29,242562,651.0,4.111,0.73,1.799,76.593,88.688
3537,23,2025-10-06,244000,870.0,2.995,8.226,2.033,76.553,81.74
3538,23,2025-10-13,244560,434.0,4.443,7.091,1.524,75.621,83.188
3539,23,2025-10-20,246175,591.0,3.92,0.327,2.934,76.439,70.292
3540,23,2025-10-27,247148,1019.0,4.393,7.818,1.771,83.273,69.103
3541,23,2025-11-03,248205,647.0,2.701,7.882,1.681,76.169,81.351
3542,23,2025-11-10,249004,500.0,2.889,7.577,4.272,78.385,75.27
3543,23,2025-11-17,250303,405.0,3.664,6.996,1.685,74.655,91.412
3544,23,2025-11-24,251667,466.0,4.346,4.528,1.028,76.926,72.72
3545,23,2025-12-01,253113,619.0,4.99,4.149,2.794,77.314,69.965
3546,23,2025-12-08,253511,860.0,3.747,7.7,1.971,89.286,89.098
3547,23,2025-12-15,255016,913.0,2.87,5.118,3.346,77.255,74.09
3548,23,2025-12-22,256030,448.0,4.528,13.411,2.535,76.619,77.055
3549,23,2025-12-29,257543,612.0,4.732,5.585,1.889,76.802,81.422
3550,24,2023-01-02,92978,586.0,2.504,6.584,1.641,78.258,76.983
3551,24,2023-01-09,94327,807.0,2.449,6.758,2.28,85.346,78.684
3552,24,2023-01-16,95238,907.0,2.589,6.147,2.447,77.299,76.057
3553,24,2023-01-23,96234,989.0,4.064,15.163,2.711,84.401,85.159
3554,24,2023-01-30,97481,850.0,3.742,5.131,1.079,80.5,73.898
3555,24,2023-02-06,99151,905.0,2.103,4.803,1.43,74.716,74.196
3556,24,2023-02-13,100153,1119.0,3.356,5.639,3.3,77.269,70.163
3557,24,2023-02-20,101567,637.0,3.485,3.811,1.709,84.523,87.017
3558,24,2023-02-27,102885,499.0,4.565,17.629,3.653,76.718,78.149
3559,24,2023-03-06,103627,705.0,3.398,7.717,2.374,76.878,67.245
3560,24,2023-03-13,104779,1377.0,1.822,4.342,3.099,76.027,93.145
3561,24,2023-03-20,105653,1018.0,2.403,5.319,1.568,76.824,84.866
3562,24,2023-03-27,107046,966.0,4.496,6.519,2.473,77.82,70.828
3563,24,2023-04-03,108715,439.0,3.019,7.511,1.475,74.273,66.27
3564,24,2023-04-10,109416,565.0,2.867,6.013,1.652,84.923,77.723
3565,24,2023-04-17,110442,842.0,3.335,7.99,1.652,74.662,69.516
3566,24,2023-04-24,112153,819.0,2.326,4.473,1.765,75.029,77.552
3567,24,2023-05-01,113097,917.0,4.727,4.237,1.621,75.674,88.028
3568,24,2023-05-08,114246,646.0,4.182,3.798,1.718,75.134,80.278
3569,24,2023-05-22,116901,531.0,4.61,4.191,1.348,75.794,79.334
3570,24,2023-05-29,117802,513.0,2.335,6.249,0.917,79.84,71.693
3571,24,2023-06-05,119022,629.0,0.724,6.468,2.046,77.728,75.767
3572,24,2023-06-12,120368,612.0,4.765,9.149,1.142,75.47,67.55
3573,24,2023-06-19,121877,475.0,2.103,7.348,0.953,80.476,78.607
3574,24,2023-06-26,123584,1476.0,2.475,6.289,3.465,78.787,71.956
3575,24,2023-07-03,124653,905.0,3.987,16.073,1.426,76.985,75.242
3576,24,2023-07-10,126151,895.0,2.978,8.528,2.712,79.68,83.623
3577,24,2023-07-17,127528,657.0,2.679,18.158,1.918,77.165,69.488
3578,24,2023-07-24,128944,1227.0,3.084,6.581,1.938,75.755,73.736
3579,24,2023-07-31,130156,694.0,2.536,3.342,1.648,73.278,68.797
3580,24,2023-08-07,131818,515.0,4.222,5.044,2.964,77.323,70.861
3581,24,2023-08-14,133035,947.0,5.083,6.711,1.519,76.363,78.516
3582,24,2023-08-21,134740,860.0,3.99,4.2,1.889,74.566,78.816
3583,24,2023-08-28,136657,763.0,4.26,5.23,2.932,74.745,77.264
3584,24,2023-09-04,137339,531.0,3.395,7.543,2.669,77.28,81.031
3585,24,2023-09-11,138758,893.0,4.09,6.791,2.852,74.352,78.528
3586,24,2023-09-25,140686,997.0,4.698,5.158,0.281,74.767,74.766
3587,24,2023-10-02,142350,494.0,3.635,5.562,1.656,76.771,78.326
3588,24,2023-10-09,144028,534.0,4.851,8.053,1.601,75.747,77.47
3589,24,2023-10-16,145732,1035.0,2.905,5.526,2.152,75.829,75.076
3590,24,2023-10-23,147771,723.0,2.308,4.83,2.927,76.466,88.894
3591,24,2023-10-30,149165,469.0,0.558,3.797,2.534,75.502,84.34
3592,24,2023-11-06,150297,625.0,3.645,5.29,3.075,85.643,82.283
3593,24,2023-11-13,151857,783.0,3.458,7.478,1.483,77.584,75.358
3594,24,2023-11-20,152602,976.0,2.566,6.808,2.217,86.321,69.933
3595,24,2023-11-27,154243,1030.0,2.73,6.088,2.875,77.136,83.496
3596,24,2023-12-04,155226,1414.0,3.986,6.625,4.529,78.129,88.42
3597,24,2023-12-11,156277,582.0,2.739,6.138,1.129,74.153,73.002
3598,24,2023-12-18,157352,756.0,2.278,6.891,1.565,76.834,78.758
3599,24,2023-12-25,158616,460.0,3.533,5.379,3.204,76.554,71.053
3600,24,2024-01-01,159866,453.0,2.613,5.572,1.364,73.602,75.065
3601,24,2024-01-08,161795,474.0,5.258,12.293,1.704,73.77,82.349
3602,24,2024-01-15,163336,924.0,2.95,12.897,3.583,77.165,75.159
3603,24,2024-01-22,165010,675.0,3.176,7.769,1.963,75.888,79.203
3604,24,2024-01-29,166778,801.0,2.584,3.558,1.208,74.389,76.897
3605,24,2024-02-05,168012,351.0,1.806,6.071,1.806,76.023,65.583
3606,24,2024-02-12,169647,701.0,3.794,7.714,2.739,80.473,71.186
3607,24,2024-02-19,171032,1159.0,3.93,6.196,2.318,85.654,80.346
3608,24,2024-02-26,172773,1501.0,2.805,6.669,2.778,83.456,74.03
3609,24,2024-03-04,174133,980.0,1.906,4.292,2.614,76.31,83.866
3610,24,2024-03-11,175408,621.0,3.127,3.752,2.911,74.225,82.282
3611,24,2024-03-18,177321,733.0,3.221,4.939,1.842,77.125,70.785
3612,24,2024-03-25,178690,661.0,3.518,6.178,1.734,74.685,76.245
3613,24,2024-04-01,180070,411.0,2.364,8.902,1.224,76.027,87.193
3614,24,2024-04-08,181549,466.0,2.274,4.345,2.351,75.153,91.907
3615,24,2024-04-15,182540,481.0,3.707,5.373,1.751,74.712,73.657
3616,24,2024-04-22,183239,387.0,1.429,8.162,2.554,77.663,78.192
3617,24,2024-04-29,185101,491.0,4.166,6.449,2.343,73.603,80.612
3618,24,2024-05-06,186901,697.0,4.326,7.667,1.733,85.736,75.74
3619,24,2024-05-13,187965,694.0,2.585,15.845,2.189,75.718,74.729
3620,24,2024-05-20,189418,643.0,4.286,5.007,1.814,76.579,89.859
3621,24,2024-05-27,190461,1949.0,3.122,6.654,4.421,75.156,80.802
3622,24,2024-06-03,192230,1077.0,4.148,7.639,1.464,76.268,80.635
3623,24,2024-06-10,193103,411.0,2.364,8.902,1.224,76.027,87.193
3624,24,2024-06-17,194477,667.0,2.835,5.404,2.929,87.405,77.596
3625,24,2024-06-24,196043,676.0,2.391,13.573,1.524,75.393,76.21
3626,24,2024-07-01,198724,771.0,2.739,7.703,3.273,77.855,81.439
3627,24,2024-07-08,200448,526.0,3.598,5.157,1.322,83.964,74.341
3628,24,2024-07-15,201611,850.0,2.657,4.487,1.639,77.704,87.959
3629,24,2024-07-22,202889,808.0,2.371,9.812,1.178,77.333,79.274
3630,24,2024-08-05,205278,624.0,2.556,5.915,1.828,76.876,69.429
3631,24,2024-08-12,205938,914.0,2.007,7.735,0.839,83.414,77.937
3632,24,2024-08-19,207685,673.0,2.667,6.794,2.002,75.397,87.66
3633,24,2024-08-26,209236,683.0,3.009,5.097,2.435,76.833,80.665
3634,24,2024-09-02,210528,870.0,4.616,6.445,1.687,77.44,74.387
3635,24,2024-09-09,211567,640.0,2.094,4.986,1.361,77.678,82.741
3636,24,2024-09-23,214354,1572.0,3.075,11.563,1.652,76.953,77.537
3637,24,2024-09-30,215640,562.0,3.487,10.502,1.4,78.135,86.515
3638,24,2024-10-07,217276,382.0,3.157,6.426,1.17,75.058,78.14
3639,24,2024-10-14,218460,792.0,3.865,7.12,2.599,76.241,78.076
3640,24,2024-10-21,219862,1583.0,2.722,9.864,2.214,75.919,74.762
3641,24,2024-10-28,221227,418.0,5.726,6.719,2.387,76.227,84.474
3642,24,2024-11-04,222458,680.0,5.097,8.61,2.951,74.304,86.379
3643,24,2024-11-11,224108,1571.0,2.475,4.891,1.746,77.623,88.168
3644,24,2024-11-18,225103,1586.0,5.044,8.795,2.523,77.277,70.35
3645,24,2024-12-02,226827,510.0,2.854,7.913,1.296,76.052,65.673
3646,24,2024-12-09,228502,1149.0,4.027,4.837,1.169,75.302,83.486
3647,24,2024-12-16,229523,667.0,4.77,10.159,4.82,85.661,82.84
3648,24,2024-12-23,231550,737.0,3.844,9.071,1.168,77.103,86.97
3649,24,2024-12-30,233310,939.0,2.006,4.767,0.924,78.425,71.92
3650,24,2025-01-06,234515,568.0,2.338,4.348,1.296,79.295,77.943
3651,24,2025-01-13,236514,892.0,4.817,3.91,3.093,75.473,78.533
3652,24,2025-01-20,238495,377.0,3.149,6.462,1.389,75.655,78.538
3653,24,2025-01-27,239913,758.0,3.155,6.204,2.947,76.109,76.077
3654,24,2025-02-03,241453,1082.0,4.656,8.058,1.704,76.32,71.192
3655,24,2025-02-10,242346,754.0,3.867,2.531,1.386,77.786,78.62
3656,24,2025-02-17,243375,544.0,2.369,4.253,2.332,77.163,93.142
3657,24,2025-02-24,244666,495.0,4.596,6.536,2.983,74.914,88.456
3658,24,2025-03-03,246077,962.0,3.817,5.533,2.955,77.561,72.725
3659,24,2025-03-10,247156,802.0,2.009,3.333,2.94,86.826,83.944
3660,24,2025-03-17,248624,943.0,2.431,9.327,2.299,76.668,84.48
3661,24,2025-03-24,249462,555.0,3.295,6.808,3.091,77.793,70.478
3662,24,2025-03-31,250951,564.0,3.976,4.353,2.641,78.601,84.345
3663,24,2025-04-07,252394,751.0,2.701,7.067,4.842,75.172,74.977
3664,24,2025-04-14,253823,437.0,2.027,6.015,2.666,75.874,80.598
3665,24,2025-04-21,255196,620.0,1.53,8.526,2.17,76.296,80.097
3666,24,2025-04-28,256469,1463.0,2.796,9.633,2.289,77.515,75.554
3667,24,2025-05-05,257145,538.0,2.21,5.154,1.511,74.75,74.279
3668,24,2025-05-12,258392,725.0,2.262,4.846,1.68,75.398,77.184
3669,24,2025-05-19,259215,540.0,1.742,6.912,1.248,71.59,75.661
3670,24,2025-05-26,261381,879.0,2.224,7.078,1.964,80.109,79.335
3671,24,2025-06-02,262904,634.0,2.87,5.2,1.207,80.343,78.147
3672,24,2025-06-09,264088,764.0,2.683,2.857,1.522,76.59,80.201
3673,24,2025-06-16,265486,686.0,5.312,8.062,2.99,75.101,70.374
3674,24,2025-06-23,266764,760.0,3.462,7.776,4.242,76.371,80.138
3675,24,2025-06-30,268466,746.0,4.98,7.558,1.829,74.476,76.572
3676,24,2025-07-07,270304,662.0,2.472,4.56,3.172,76.63,77.293
3677,24,2025-07-14,271767,492.0,2.179,4.467,1.922,75.011,82.621
3678,24,2025-07-21,273090,759.0,2.479,5.442,1.912,75.719,85.333
3679,24,2025-07-28,274729,554.0,4.437,5.434,1.092,73.936,72.907
3680,24,2025-08-04,275623,623.0,5.572,7.666,2.127,77.001,80.012
3681,24,2025-08-11,276604,671.0,4.163,5.083,1.38,77.873,86.242
3682,24,2025-08-25,278730,1025.0,2.18,5.352,1.718,76.688,74.288
3683,24,2025-09-01,279309,481.0,3.974,4.448,2.029,87.484,69.008
3684,24,2025-09-08,280344,1154.0,3.319,1.999,1.278,82.152,78.139
3685,24,2025-09-15,281828,895.0,2.667,6.758,1.345,78.004,79.001
3686,24,2025-09-22,282461,765.0,2.254,3.582,2.068,85.583,82.011
3687,24,2025-09-29,284208,1002.0,2.535,4.319,2.299,76.324,74.788
3688,24,2025-10-06,285204,583.0,2.332,5.947,2.178,83.781,78.049
3689,24,2025-10-13,285988,537.0,3.371,5.568,0.754,77.654,72.056
3690,24,2025-10-20,287125,628.0,4.333,7.417,1.662,75.885,84.514
3691,24,2025-10-27,289004,746.0,5.291,5.886,2.102,77.494,84.059
3692,24,2025-11-03,290035,1294.0,3.748,5.762,2.53,76.449,72.889
3693,24,2025-11-10,291207,636.0,3.135,7.054,1.714,77.158,89.171
3694,24,2025-11-17,292731,664.0,3.92,5.411,2.246,74.374,71.108
3695,24,2025-11-24,294199,703.0,3.78,5.367,2.406,73.783,76.33
3696,24,2025-12-01,294721,772.0,5.228,13.384,1.332,79.016,66.632
3697,24,2025-12-08,296328,591.0,3.143,6.846,2.289,83.503,75.634
3698,24,2025-12-15,297485,647.0,2.527,5.467,4.555,76.267,82.288
3699,24,2025-12-22,298911,1088.0,4.249,6.234,1.495,78.509,89.8
3700,24,2025-12-29,301007,765.0,2.656,4.684,5.863,84.683,69.342
3701,25,2023-01-02,38613,1178.0,3.256,8.173,1.49,77.237,75.996
3702,25,2023-01-09,39924,723.0,4.184,6.977,1.587,80.568,72.382
3703,25,2023-01-16,41422,941.0,3.605,4.131,3.103,77.321,81.396
3704,25,2023-01-23,42893,448.0,1.81,4.913,2.723,80.992,70.572
3705,25,2023-01-30,44042,932.0,2.055,3.78,1.548,75.436,78.386
3706,25,2023-02-06,44882,1342.0,2.417,5.191,3.223,74.363,75.656
3707,25,2023-02-13,46296,1436.0,3.7,4.248,1.633,78.072,76.658
3708,25,2023-02-20,47672,1376.0,3.435,4.178,4.356,77.061,73.332
3709,25,2023-02-27,48282,690.0,2.469,6.234,3.595,75.434,67.495
3710,25,2023-03-06,48970,740.0,3.057,3.684,2.125,81.965,76.278
3711,25,2023-03-13,49719,660.0,2.925,8.0,2.782,74.659,68.495
3712,25,2023-03-20,50573,1051.0,3.93,7.379,2.728,76.614,71.047
3713,25,2023-03-27,51070,496.0,2.691,3.478,1.829,74.955,67.492
3714,25,2023-04-03,51619,762.0,3.902,5.712,2.324,76.137,74.284
3715,25,2023-04-10,52482,901.0,2.501,6.262,2.205,75.347,75.795
3716,25,2023-04-17,54117,954.0,4.038,5.905,2.201,76.669,71.193
3717,25,2023-04-24,55553,577.0,4.076,4.969,2.357,76.273,76.508
3718,25,2023-05-01,56325,933.0,4.078,5.671,3.119,76.469,75.455
3719,25,2023-05-08,58115,937.0,3.518,6.267,2.469,75.308,76.326
3720,25,2023-05-15,58960,970.0,4.604,6.255,2.46,76.474,79.329
3721,25,2023-06-12,61987,721.0,4.188,5.223,1.481,76.092,76.035
3722,25,2023-06-19,63256,914.0,2.047,6.699,2.111,78.04,91.5
3723,25,2023-06-26,64243,629.0,4.499,12.611,1.589,74.043,80.82
3724,25,2023-07-03,66037,1050.0,2.194,4.588,0.853,75.658,85.321
3725,25,2023-07-10,67224,896.0,2.359,3.553,2.905,77.839,73.283
3726,25,2023-07-17,68719,370.0,2.382,4.374,3.021,76.73,84.843
3727,25,2023-07-24,70339,547.0,4.365,6.9,1.473,73.989,79.25
3728,25,2023-07-31,71237,1136.0,2.332,15.413,2.632,76.94,85.957
3729,25,2023-08-07,72268,771.0,4.265,5.676,5.563,85.025,82.469
3730,25,2023-08-14,73292,688.0,4.453,12.154,1.782,74.84,84.58
3731,25,2023-08-21,74779,1073.0,4.24,6.3,1.686,80.644,82.471
3732,25,2023-08-28,75478,749.0,3.092,7.155,1.117,76.093,79.62
3733,25,2023-09-04,77581,1260.0,4.117,5.193,3.089,76.091,91.6
3734,25,2023-09-11,78921,778.0,2.101,4.647,2.495,77.709,76.773
3735,25,2023-09-18,79923,993.0,2.426,4.951,1.677,75.958,77.693
3736,25,2023-09-25,81243,760.0,2.344,7.098,2.458,78.11,81.076
3737,25,2023-10-02,82865,856.0,2.495,5.927,5.345,74.978,72.533
3738,25,2023-10-09,84204,799.0,4.826,4.509,2.564,77.462,82.054
3739,25,2023-10-16,85529,976.0,2.566,6.808,2.217,86.321,69.933
3740,25,2023-10-23,87701,680.0,2.5,8.196,1.318,76.475,77.258
3741,25,2023-10-30,88961,1094.0,2.996,6.616,3.461,75.499,79.925
3742,25,2023-11-06,90228,661.0,2.005,4.581,1.333,76.023,78.273
3743,25,2023-11-13,92160,746.0,2.16,3.874,0.944,74.635,83.267
3744,25,2023-11-20,93221,841.0,3.345,4.387,3.996,77.859,73.078
3745,25,2023-11-27,94117,609.0,3.025,6.839,1.074,73.712,83.185
3746,25,2023-12-04,95288,1346.0,2.228,7.683,1.679,76.614,82.54
3747,25,2023-12-11,96467,594.0,4.04,6.673,1.549,74.1,77.344
3748,25,2023-12-18,97675,734.0,2.948,4.838,5.421,82.755,78.643
3749,25,2023-12-25,98817,876.0,4.747,3.129,0.351,77.31,72.672
3750,25,2024-01-01,100223,532.0,2.584,6.979,2.517,81.484,67.733
3751,25,2024-01-08,101380,857.0,4.286,5.922,4.608,81.196,84.867
3752,25,2024-01-15,102790,713.0,4.793,3.369,2.032,77.395,83.356
3753,25,2024-01-22,104292,1357.0,3.691,6.469,2.613,82.9,78.71
3754,25,2024-01-29,105974,1455.0,3.923,6.855,1.976,78.299,71.645
3755,25,2024-02-05,107673,472.0,2.711,9.085,2.766,76.512,72.426
3756,25,2024-02-12,108407,622.0,2.925,4.634,2.186,77.162,81.699
3757,25,2024-02-19,110051,612.0,3.613,6.125,2.651,76.963,74.927
3758,25,2024-02-26,111087,949.0,3.982,6.795,1.133,77.624,73.665
3759,25,2024-03-04,111971,559.0,2.908,10.116,2.188,77.506,83.963
3760,25,2024-03-11,113410,577.0,5.204,3.293,2.477,76.001,85.954
3761,25,2024-03-18,114386,800.0,2.917,4.271,1.92,76.568,77.778
3762,25,2024-03-25,115498,611.0,2.599,7.954,2.926,74.327,72.429
3763,25,2024-04-01,116922,744.0,4.383,7.525,2.915,77.697,75.076
3764,25,2024-04-08,118550,502.0,2.51,4.508,2.446,86.141,71.781
3765,25,2024-04-15,119413,633.0,2.789,11.452,2.178,75.874,74.323
3766,25,2024-04-22,120851,640.0,4.913,8.011,1.441,76.599,87.198
3767,25,2024-04-29,122389,1247.0,2.499,2.605,2.979,75.728,76.334
3768,25,2024-05-06,123359,710.0,2.621,11.215,2.636,76.67,72.884
3769,25,2024-05-13,124372,651.0,5.8,4.208,2.552,76.807,78.291
3770,25,2024-05-20,125735,1244.0,4.236,15.712,3.181,78.799,75.098
3771,25,2024-05-27,126650,1088.0,4.379,5.643,2.179,75.891,73.827
3772,25,2024-06-03,128702,773.0,3.211,11.019,2.855,75.386,76.138
3773,25,2024-06-10,129924,478.0,2.188,5.821,6.151,76.953,76.716
3774,25,2024-06-17,131118,499.0,4.565,17.629,3.653,76.718,78.149
3775,25,2024-06-24,132456,941.0,2.722,6.626,1.099,75.026,69.314
3776,25,2024-07-01,133738,650.0,2.942,5.402,2.001,74.821,83.687
3777,25,2024-07-08,134865,660.0,2.865,9.68,1.425,75.16,82.618
3778,25,2024-07-15,135864,514.0,3.681,3.942,2.224,78.245,76.138
3779,25,2024-07-22,137048,841.0,3.389,8.607,2.183,77.542,68.606
3780,25,2024-07-29,138593,1409.0,2.43,9.595,1.689,75.367,70.59
3781,25,2024-08-05,140398,554.0,4.746,6.119,1.706,83.653,79.522
3782,25,2024-08-12,141893,455.0,3.678,1.688,2.201,76.774,75.232
3783,25,2024-08-19,143716,401.0,3.224,9.12,2.75,76.013,67.906
3784,25,2024-08-26,145580,566.0,4.679,8.74,3.277,84.194,89.356
3785,25,2024-09-02,145991,695.0,2.361,4.44,1.208,76.483,74.684
3786,25,2024-09-09,147544,992.0,3.293,7.986,2.664,75.056,67.529
3787,25,2024-09-16,148949,602.0,1.944,5.198,1.892,78.228,75.551
3788,25,2024-09-23,150078,674.0,3.899,8.057,2.32,76.87,81.713
3789,25,2024-09-30,151419,1000.0,2.584,9.91,0.877,75.766,81.839
3790,25,2024-10-07,153095,678.0,4.197,5.332,1.418,76.915,78.039
3791,25,2024-10-14,154837,998.0,2.431,9.205,1.518,76.835,87.808
3792,25,2024-10-21,156079,672.0,2.571,6.836,1.79,75.324,84.886
3793,25,2024-10-28,156368,1047.0,1.809,9.986,3.294,74.313,74.827
3794,25,2024-11-04,157748,580.0,2.894,8.051,1.975,75.747,82.929
3795,25,2024-11-11,159301,854.0,4.472,4.762,1.5,76.942,79.839
3796,25,2024-11-18,160569,602.0,3.258,5.541,2.368,78.32,82.493
3797,25,2024-11-25,162173,735.0,3.742,5.933,0.345,81.85,74.752
3798,25,2024-12-02,163192,788.0,2.936,5.524,2.986,76.373,85.162
3799,25,2024-12-09,164570,659.0,2.184,13.81,2.785,78.344,86.793
3800,25,2024-12-16,165225,475.0,3.392,6.598,1.424,76.886,78.632
3801,25,2024-12-23,165944,759.0,3.481,7.356,0.684,75.141,76.934
3802,25,2024-12-30,167234,504.0,3.938,7.158,3.66,74.412,67.064
3803,25,2025-01-06,168947,1795.0,2.282,5.817,2.218,75.435,75.921
3804,25,2025-01-13,170453,412.0,4.73,6.713,1.487,77.174,84.309
3805,25,2025-01-20,171796,728.0,2.529,4.048,3.866,85.934,78.255
3806,25,2025-01-27,173005,661.0,2.156,10.931,1.744,76.029,75.758
3807,25,2025-02-03,174215,897.0,2.245,5.964,2.571,75.29,79.888
3808,25,2025-02-10,175672,385.0,5.43,7.458,1.65,76.213,88.632
3809,25,2025-02-17,176309,524.0,2.479,7.305,3.008,74.926,76.618
3810,25,2025-02-24,177834,799.0,3.188,4.362,4.598,74.998,77.896
3811,25,2025-03-03,179473,646.0,3.493,4.671,2.244,75.105,76.898
3812,25,2025-03-10,180032,532.0,3.317,5.335,2.897,74.978,90.935
3813,25,2025-03-17,182126,695.0,2.104,6.08,1.786,74.314,83.694
3814,25,2025-03-24,183810,975.0,2.022,5.26,6.138,86.623,75.389
3815,25,2025-03-31,184945,771.0,3.525,6.834,1.891,82.929,76.59
3816,25,2025-04-07,186611,383.0,4.432,6.573,3.698,73.961,73.237
3817,25,2025-04-14,187787,1041.0,3.347,0.392,1.406,74.013,73.977
3818,25,2025-04-21,189622,811.0,4.498,3.795,1.58,81.251,86.608
3819,25,2025-04-28,190797,670.0,4.162,5.084,1.601,77.372,76.12
3820,25,2025-05-05,192036,558.0,4.094,8.064,2.212,76.524,72.691
3821,25,2025-05-12,193391,943.0,3.665,4.746,2.752,76.817,70.448
3822,25,2025-05-19,194032,603.0,3.092,5.632,2.652,76.199,75.044
3823,25,2025-05-26,195139,474.0,2.201,3.972,1.783,76.853,76.286
3824,25,2025-06-02,197272,659.0,4.26,4.176,2.572,79.962,83.007
3825,25,2025-06-09,198671,666.0,2.261,4.796,1.536,77.69,69.79
3826,25,2025-06-16,199843,445.0,2.046,5.392,1.723,76.405,80.074
3827,25,2025-06-23,200403,943.0,5.012,5.328,2.244,75.079,71.796
3828,25,2025-06-30,201508,489.0,2.135,5.674,3.371,76.292,74.696
3829,25,2025-07-14,203619,756.0,3.158,9.434,3.019,78.024,87.615
3830,25,2025-07-21,204842,567.0,3.296,8.563,1.279,76.837,77.781
3831,25,2025-07-28,205929,636.0,4.664,6.163,2.531,76.227,77.35
3832,25,2025-08-04,207313,899.0,4.137,7.294,4.214,76.659,85.259
3833,25,2025-08-11,208969,970.0,4.474,4.269,2.53,77.401,83.017
3834,25,2025-08-18,210536,678.0,2.061,8.75,1.764,75.995,91.524
3835,25,2025-08-25,212042,833.0,2.142,8.305,1.917,74.915,77.676
3836,25,2025-09-08,214056,892.0,2.856,4.728,1.443,77.658,74.963
3837,25,2025-09-15,214838,872.0,3.575,10.974,2.582,87.14,89.362
3838,25,2025-09-22,216390,1031.0,3.888,7.746,1.979,74.63,73.636
3839,25,2025-09-29,218074,942.0,3.085,5.729,1.464,77.335,69.79
3840,25,2025-10-06,219252,620.0,2.099,4.509,2.762,76.425,80.979
3841,25,2025-10-13,219844,697.0,3.092,2.718,3.382,76.809,71.424
3842,25,2025-10-20,221319,783.0,4.423,7.737,4.997,82.645,71.971
3843,25,2025-10-27,221998,858.0,3.633,8.09,3.042,77.2,83.329
3844,25,2025-11-03,222906,655.0,2.922,6.73,2.596,73.766,78.228
3845,25,2025-11-10,224537,728.0,2.556,6.163,1.988,74.317,75.153
3846,25,2025-11-17,225733,846.0,3.587,4.695,2.683,84.818,88.387
3847,25,2025-11-24,226806,705.0,2.055,3.758,2.022,76.729,93.176
3848,25,2025-12-01,227789,678.0,3.758,4.305,1.164,76.607,79.547
3849,25,2025-12-08,228541,1089.0,2.688,5.597,2.11,76.992,69.08
3850,25,2025-12-15,229473,773.0,4.45,7.415,1.707,76.34,72.694
3851,25,2025-12-22,230346,498.0,3.853,8.128,3.202,76.397,75.031
3852,25,2025-12-29,231545,627.0,3.935,5.897,2.04,77.188,63.85
3853,26,2023-01-02,104743,478.0,3.984,7.71,2.54,76.125,81.344
3854,26,2023-01-09,107098,910.0,3.146,7.098,1.623,78.045,71.52
3855,26,2023-01-16,108358,576.0,2.865,7.633,2.587,75.94,76.783
3856,26,2023-01-23,109874,1409.0,2.781,7.002,2.946,84.637,81.16
3857,26,2023-01-30,112055,1424.0,4.251,7.011,0.167,77.113,79.769
3858,26,2023-02-06,113049,769.0,3.113,7.25,1.623,75.708,73.163
3859,26,2023-02-13,113907,1700.0,2.366,6.918,1.816,76.521,78.466
3860,26,2023-02-20,115444,758.0,2.651,6.837,2.943,75.208,85.012
3861,26,2023-02-27,116588,446.0,4.975,4.91,2.834,78.168,90.894
3862,26,2023-03-06,117542,382.0,5.148,16.214,0.912,75.293,80.312
3863,26,2023-03-13,118922,677.0,3.09,3.206,2.917,78.483,77.425
3864,26,2023-03-20,120660,623.0,4.624,7.079,3.136,76.648,83.81
3865,26,2023-03-27,121337,1510.0,2.095,4.051,3.108,88.412,82.438
3866,26,2023-04-03,122567,803.0,3.051,7.645,1.329,76.603,72.638
3867,26,2023-04-10,124595,1087.0,1.801,5.997,2.778,77.253,75.141
3868,26,2023-04-17,125240,719.0,4.08,8.036,2.099,83.761,79.866
3869,26,2023-04-24,126432,1101.0,2.617,10.599,2.553,78.058,68.753
3870,26,2023-05-01,127749,732.0,3.228,7.786,1.448,74.976,64.924
3871,26,2023-05-08,129675,893.0,2.551,9.563,1.436,87.344,65.922
3872,26,2023-05-15,130839,992.0,1.974,4.747,2.302,75.018,84.882
3873,26,2023-05-22,131771,488.0,4.516,9.531,4.665,73.26,80.99
3874,26,2023-05-29,133731,1179.0,0.027,5.883,2.448,75.946,75.96
3875,26,2023-06-05,134788,901.0,3.352,6.568,1.233,77.357,76.352
3876,26,2023-06-12,136240,589.0,4.199,11.249,1.842,74.644,71.529
3877,26,2023-06-19,138093,744.0,3.453,9.072,1.546,76.303,68.165
3878,26,2023-06-26,139311,1021.0,4.724,5.862,2.398,82.428,75.938
3879,26,2023-07-03,140411,618.0,2.115,6.979,5.494,76.386,85.899
3880,26,2023-07-10,141317,975.0,4.705,5.243,1.514,83.028,71.25
3881,26,2023-07-17,143238,699.0,2.557,4.735,1.061,75.088,84.824
3882,26,2023-07-24,144188,711.0,3.702,7.603,4.998,75.4,86.264
3883,26,2023-07-31,145144,1223.0,3.921,7.014,1.493,78.04,76.941
3884,26,2023-08-07,146027,1160.0,2.497,4.635,1.861,74.027,68.692
3885,26,2023-08-14,147010,576.0,2.67,4.521,1.232,77.194,81.676
3886,26,2023-08-21,148315,498.0,4.695,5.65,1.292,75.269,73.062
3887,26,2023-08-28,149805,377.0,3.756,5.406,0.918,76.213,75.084
3888,26,2023-09-04,151453,1109.0,3.342,6.255,2.533,78.074,82.825
3889,26,2023-09-11,152191,568.0,2.273,7.002,2.864,76.501,73.957
3890,26,2023-09-18,153771,830.0,2.303,7.791,1.58,77.469,74.363
3891,26,2023-09-25,154754,596.0,3.152,5.887,6.847,82.885,85.761
3892,26,2023-10-02,156089,465.0,4.696,6.408,5.279,73.607,80.625
3893,26,2023-10-09,157172,572.0,3.889,8.009,2.696,76.253,76.515
3894,26,2023-10-16,158158,627.0,4.217,6.907,2.641,77.329,88.629
3895,26,2023-10-23,159450,543.0,2.206,6.793,2.307,73.575,70.948
3896,26,2023-10-30,161333,579.0,1.884,7.23,2.422,75.586,66.913
3897,26,2023-11-06,162842,795.0,2.904,8.703,3.239,81.578,82.321
3898,26,2023-11-13,163771,491.0,2.055,4.413,1.492,75.474,73.556
3899,26,2023-11-20,165093,579.0,4.281,6.274,1.768,75.41,71.889
3900,26,2023-11-27,165818,1028.0,2.994,4.795,1.908,77.679,71.279
3901,26,2023-12-04,167520,1245.0,4.606,4.416,1.067,76.674,71.266
3902,26,2023-12-11,168744,511.0,3.25,7.247,0.813,75.386,65.535
3903,26,2023-12-18,170167,631.0,3.788,14.026,2.763,75.993,71.144
3904,26,2023-12-25,172064,694.0,2.04,4.358,2.016,76.549,67.002
3905,26,2024-01-01,174278,777.0,3.797,2.276,1.842,78.024,82.964
3906,26,2024-01-08,176019,485.0,5.065,5.412,3.461,76.172,78.305
3907,26,2024-01-15,177534,547.0,2.234,13.789,2.245,85.69,84.102
3908,26,2024-01-22,178139,914.0,2.981,18.518,2.666,85.484,82.449
3909,26,2024-01-29,179477,931.0,2.581,5.002,2.25,75.183,70.14
3910,26,2024-02-05,180542,600.0,3.173,7.075,1.836,76.93,73.388
3911,26,2024-02-12,182831,577.0,2.111,8.851,2.578,81.317,87.651
3912,26,2024-02-19,183611,871.0,3.542,2.138,3.422,77.149,79.309
3913,26,2024-02-26,184930,648.0,3.223,6.952,0.907,75.498,65.429
3914,26,2024-03-04,185526,512.0,4.697,4.869,0.892,74.94,71.719
3915,26,2024-03-11,186034,764.0,2.472,9.3,1.926,83.042,66.292
3916,26,2024-03-18,186830,362.0,2.69,9.815,1.625,77.982,83.934
3917,26,2024-03-25,188258,658.0,2.232,13.085,3.319,75.922,68.015
3918,26,2024-04-01,189384,913.0,3.434,5.095,1.288,78.911,79.737
3919,26,2024-04-08,191319,374.0,2.659,4.472,1.46,78.341,70.276
3920,26,2024-04-15,193161,944.0,2.408,7.388,4.544,76.433,70.667
3921,26,2024-04-22,194532,718.0,3.977,5.642,2.407,78.011,80.21
3922,26,2024-04-29,196077,889.0,5.147,5.396,2.773,77.787,82.095
3923,26,2024-05-06,196871,488.0,2.525,13.717,2.675,76.969,78.184
3924,26,2024-05-13,198190,597.0,3.494,4.279,2.153,84.691,76.262
3925,26,2024-05-20,199008,460.0,5.369,9.435,2.407,78.8,85.316
3926,26,2024-05-27,199958,916.0,1.748,6.282,1.842,78.417,89.483
3927,26,2024-06-03,201039,482.0,2.937,7.501,0.329,75.267,81.504
3928,26,2024-06-10,202192,1424.0,3.41,8.954,1.957,77.88,72.71
3929,26,2024-06-17,203666,809.0,4.8,5.972,3.241,77.822,80.165
3930,26,2024-06-24,204855,1281.0,4.326,7.545,1.787,75.936,84.372
3931,26,2024-07-01,205786,784.0,2.719,4.088,2.437,76.672,68.504
3932,26,2024-07-08,207080,496.0,2.244,4.785,3.104,77.57,77.061
3933,26,2024-07-15,209270,822.0,4.986,7.08,1.11,75.545,70.308
3934,26,2024-07-22,209781,497.0,2.744,3.559,1.887,82.291,79.982
3935,26,2024-07-29,211072,1340.0,2.38,5.886,2.225,77.499,82.406
3936,26,2024-08-05,211821,581.0,2.392,6.379,1.265,78.598,77.647
3937,26,2024-08-12,212652,626.0,5.028,5.872,2.426,75.037,83.746
3938,26,2024-08-19,214792,451.0,3.109,6.266,2.296,74.481,79.517
3939,26,2024-08-26,215783,538.0,4.202,5.79,1.475,75.652,78.06
3940,26,2024-09-02,216975,544.0,4.793,5.092,2.075,76.363,79.226
3941,26,2024-09-09,218243,1334.0,3.394,4.331,2.107,77.163,83.654
3942,26,2024-09-16,219522,937.0,2.497,7.506,5.875,87.65,72.458
3943,26,2024-09-23,221423,431.0,4.241,7.923,1.144,78.585,85.507
3944,26,2024-09-30,223042,675.0,2.894,5.134,1.696,86.755,79.199
3945,26,2024-10-07,224118,446.0,2.266,6.328,5.042,77.822,79.483
3946,26,2024-10-14,225354,745.0,4.115,4.352,2.614,77.211,84.763
3947,26,2024-10-21,225488,385.0,3.57,6.777,3.466,76.086,80.047
3948,26,2024-10-28,226790,726.0,4.165,5.178,1.546,75.094,86.802
3949,26,2024-11-04,228235,681.0,4.68,6.322,2.082,77.826,84.125
3950,26,2024-11-11,229558,847.0,4.909,7.496,2.187,74.56,81.933
3951,26,2024-11-18,231469,586.0,3.279,5.048,3.546,75.82,70.963
3952,26,2024-11-25,232708,764.0,4.085,5.383,2.062,77.078,83.323
3953,26,2024-12-02,233895,1322.0,4.583,9.728,2.807,75.341,76.575
3954,26,2024-12-09,235633,710.0,3.321,7.655,3.477,74.475,78.366
3955,26,2024-12-16,237583,723.0,4.044,9.745,1.467,74.698,79.294
3956,26,2024-12-23,238750,537.0,2.078,7.797,2.793,81.186,87.057
3957,26,2024-12-30,240629,916.0,2.397,5.687,1.029,76.377,78.243
3958,26,2025-01-06,241730,385.0,3.57,6.777,3.466,76.086,80.047
3959,26,2025-01-13,242948,1003.0,3.804,10.279,6.859,75.508,85.112
3960,26,2025-01-20,243983,692.0,3.629,7.165,1.376,84.676,78.647
3961,26,2025-01-27,245559,744.0,4.059,9.679,1.54,75.604,82.094
3962,26,2025-02-03,246539,516.0,2.187,6.046,3.036,76.759,76.524
3963,26,2025-02-10,248471,552.0,5.518,12.968,1.533,76.231,76.225
3964,26,2025-02-17,250324,1192.0,5.385,4.031,1.419,78.438,84.745
3965,26,2025-02-24,251562,1106.0,4.918,4.869,3.189,75.761,89.501
3966,26,2025-03-03,253227,749.0,5.613,6.064,1.967,79.555,82.415
3967,26,2025-03-10,253829,1007.0,3.873,6.393,0.991,85.357,71.0
3968,26,2025-03-17,255283,1310.0,3.73,6.842,2.953,78.485,71.804
3969,26,2025-03-24,256964,685.0,4.606,7.061,2.39,88.035,82.779
3970,26,2025-03-31,258091,692.0,3.843,7.196,1.955,77.172,83.001
3971,26,2025-04-07,259185,539.0,3.144,4.609,1.87,75.219,69.557
3972,26,2025-04-14,260814,672.0,2.921,5.335,1.02,76.208,78.199
3973,26,2025-04-21,262116,842.0,2.452,9.529,2.388,78.231,85.85
3974,26,2025-04-28,263527,472.0,2.417,8.3,1.4,77.357,73.849
3975,26,2025-05-05,264544,1056.0,4.276,8.988,2.274,83.722,78.435
3976,26,2025-05-12,266151,932.0,2.926,6.02,1.686,75.754,74.699
3977,26,2025-05-19,267208,606.0,2.643,6.936,1.658,78.174,72.496
3978,26,2025-05-26,268039,742.0,2.42,11.665,3.288,74.671,88.543
3979,26,2025-06-02,269454,1000.0,2.138,1.773,2.024,80.169,87.421
3980,26,2025-06-09,270081,626.0,4.712,6.348,2.475,79.834,70.72
3981,26,2025-06-16,271668,496.0,2.244,4.785,3.104,77.57,77.061
3982,26,2025-06-23,272836,1321.0,4.087,5.636,1.475,83.682,80.454
3983,26,2025-06-30,273805,595.0,4.41,7.789,6.534,86.918,71.693
3984,26,2025-07-07,274539,581.0,4.081,7.948,3.141,83.92,76.585
3985,26,2025-07-14,275738,921.0,4.926,10.747,3.663,76.767,83.561
3986,26,2025-07-21,276887,635.0,5.63,7.067,1.566,76.081,74.843
3987,26,2025-07-28,277510,810.0,2.9,7.384,2.096,78.04,71.678
3988,26,2025-08-04,278812,388.0,2.851,6.264,2.042,75.561,74.97
3989,26,2025-08-11,280586,1174.0,2.84,7.889,1.202,77.857,76.693
3990,26,2025-08-18,281265,795.0,3.051,4.968,2.572,76.903,88.317
3991,26,2025-08-25,282769,1062.0,2.788,7.103,2.436,75.808,73.442
3992,26,2025-09-01,284043,732.0,2.262,9.534,2.926,77.085,90.181
3993,26,2025-09-08,286054,516.0,4.497,10.882,2.12,76.74,82.059
3994,26,2025-09-15,288101,733.0,2.749,4.718,1.014,77.021,80.417
3995,26,2025-09-22,289657,573.0,2.664,8.286,1.905,83.202,81.188
3996,26,2025-09-29,290900,1088.0,3.876,6.593,1.154,82.164,83.658
3997,26,2025-10-06,292025,618.0,5.447,9.089,2.469,74.694,84.702
3998,26,2025-10-13,293668,439.0,1.605,5.319,4.746,74.209,67.247
3999,26,2025-10-20,294147,385.0,2.398,6.624,0.924,78.012,72.281
4000,26,2025-10-27,295574,779.0,5.22,5.285,1.04,76.969,71.049
4001,26,2025-11-03,296284,998.0,4.672,7.002,2.303,77.253,76.693
4002,26,2025-11-10,298207,544.0,2.212,3.71,1.507,76.955,76.034
4003,26,2025-11-17,299923,498.0,2.899,9.155,0.346,74.515,80.006
4004,26,2025-11-24,302920,1660.0,2.739,5.714,1.91,75.9,88.598
4005,26,2025-12-01,304580,1221.0,4.309,10.514,1.95,81.032,75.923
4006,26,2025-12-08,305799,1096.0,5.17,5.205,4.395,74.974,72.368
4007,26,2025-12-15,307191,701.0,1.918,12.042,1.618,76.053,92.171
4008,26,2025-12-22,308135,813.0,2.451,6.648,1.867,78.529,67.739
4009,26,2025-12-29,309530,654.0,4.431,5.998,3.009,77.145,67.146
4010,27,2023-01-02,95532,888.0,2.539,7.373,2.464,76.088,68.425
4011,27,2023-01-09,97134,1182.0,2.646,8.82,0.66,76.997,72.121
4012,27,2023-01-16,98526,477.0,2.964,2.488,2.586,76.476,75.241
4013,27,2023-01-23,100014,892.0,2.352,7.285,1.738,75.006,76.259
4014,27,2023-01-30,101898,829.0,4.315,15.269,1.73,78.168,77.126
4015,27,2023-02-06,102449,887.0,2.461,13.206,1.616,74.757,84.131
4016,27,2023-02-13,103240,387.0,4.044,4.994,1.535,76.519,79.0
4017,27,2023-02-20,104292,745.0,5.027,7.071,1.449,75.212,66.496
4018,27,2023-03-06,106098,1050.0,3.625,3.011,1.394,78.201,80.523
4019,27,2023-03-13,107185,503.0,3.686,4.829,3.727,80.732,80.118
4020,27,2023-03-20,108082,533.0,4.184,6.085,1.302,76.851,79.456
4021,27,2023-03-27,109769,1245.0,2.967,4.066,1.773,76.089,82.617
4022,27,2023-04-03,111135,690.0,2.802,7.288,1.668,74.838,72.609
4023,27,2023-04-10,112037,943.0,2.691,5.748,2.812,76.925,82.381
4024,27,2023-04-17,113915,788.0,3.497,8.199,1.452,74.139,78.066
4025,27,2023-04-24,116019,572.0,2.367,5.713,2.078,84.594,83.108
4026,27,2023-05-01,117399,1047.0,3.294,5.387,1.456,77.774,81.129
4027,27,2023-05-08,118628,773.0,3.106,6.041,1.778,75.16,79.588
4028,27,2023-05-15,120500,935.0,2.813,4.57,6.316,74.137,76.34
4029,27,2023-05-22,122068,1346.0,3.537,5.784,2.628,77.604,76.778
4030,27,2023-05-29,123567,608.0,3.677,6.944,1.901,74.777,77.125
4031,27,2023-06-05,124501,407.0,2.194,4.594,1.621,76.153,86.769
4032,27,2023-06-12,125886,435.0,2.454,5.664,2.684,86.726,71.742
4033,27,2023-06-19,127203,406.0,2.937,6.8,2.554,77.583,84.244
4034,27,2023-06-26,128500,1159.0,2.845,4.641,1.728,75.664,83.41
4035,27,2023-07-03,129567,979.0,4.102,5.916,2.159,78.395,83.345
4036,27,2023-07-10,130757,514.0,2.56,6.122,1.165,80.341,85.475
4037,27,2023-07-17,132013,779.0,3.48,4.667,0.016,77.258,72.875
4038,27,2023-07-24,133430,987.0,3.593,8.287,1.602,77.134,82.187
4039,27,2023-07-31,135107,695.0,2.76,8.0,1.37,87.499,73.227
4040,27,2023-08-07,135801,1064.0,2.372,5.171,2.954,76.374,90.67
4041,27,2023-08-14,136864,858.0,3.361,6.634,1.224,77.032,84.148
4042,27,2023-08-21,138341,686.0,3.017,11.305,2.609,76.828,83.566
4043,27,2023-08-28,139337,590.0,3.691,6.593,1.252,77.961,83.62
4044,27,2023-09-04,141003,1231.0,2.712,8.048,2.848,76.662,68.718
4045,27,2023-09-11,142324,989.0,4.959,6.153,2.351,74.045,71.921
4046,27,2023-09-18,143677,673.0,5.207,8.83,2.865,82.618,82.638
4047,27,2023-09-25,144720,679.0,2.941,7.88,0.989,86.132,86.309
4048,27,2023-10-02,146057,754.0,4.811,5.725,3.325,82.509,89.77
4049,27,2023-10-09,147357,774.0,2.831,11.689,2.175,75.451,72.563
4050,27,2023-10-16,148274,475.0,3.415,7.276,2.523,79.105,63.683
4051,27,2023-10-23,150036,1124.0,4.755,5.54,2.723,77.078,77.331
4052,27,2023-10-30,151224,650.0,2.842,9.257,1.979,75.719,80.519
4053,27,2023-11-06,151664,852.0,2.399,5.423,2.714,74.715,80.18
4054,27,2023-11-13,153953,680.0,4.115,5.499,1.714,75.966,73.725
4055,27,2023-11-20,155361,481.0,4.235,5.083,1.71,75.728,71.135
4056,27,2023-11-27,156820,1122.0,2.204,1.343,1.322,76.243,80.276
4057,27,2023-12-04,157765,739.0,4.13,5.39,1.717,75.098,75.063
4058,27,2023-12-11,159030,605.0,5.239,13.654,1.793,76.411,80.662
4059,27,2023-12-18,160400,455.0,3.678,1.688,2.201,76.774,75.232
4060,27,2023-12-25,161657,504.0,3.519,7.695,2.794,75.513,84.055
4061,27,2024-01-01,163909,622.0,4.003,11.598,1.983,77.412,79.027
4062,27,2024-01-08,165036,1083.0,2.438,4.962,2.802,84.085,79.604
4063,27,2024-01-15,166191,901.0,4.422,6.412,1.774,76.619,80.606
4064,27,2024-01-22,166815,655.0,4.224,4.89,1.358,76.489,86.189
4065,27,2024-01-29,167681,715.0,2.475,2.424,1.681,74.877,79.081
4066,27,2024-02-05,168960,746.0,4.443,4.335,1.809,77.822,94.11
4067,27,2024-02-12,169601,565.0,4.009,7.25,1.263,80.841,88.411
4068,27,2024-02-19,170630,591.0,3.018,5.158,1.526,74.844,66.4
4069,27,2024-02-26,171788,962.0,4.929,10.613,1.607,75.073,88.239
4070,27,2024-03-04,173613,1176.0,3.367,8.045,1.437,76.796,70.45
4071,27,2024-03-11,174868,731.0,3.192,6.063,1.707,75.407,86.09
4072,27,2024-03-18,176595,857.0,4.286,5.922,4.608,81.196,84.867
4073,27,2024-03-25,177371,1150.0,3.195,3.577,3.132,75.836,88.585
4074,27,2024-04-01,178427,620.0,2.149,6.713,2.303,76.814,74.066
4075,27,2024-04-08,179985,758.0,5.133,2.84,1.075,76.932,71.947
4076,27,2024-04-15,181417,1020.0,3.126,6.006,2.893,76.626,73.877
4077,27,2024-04-22,182710,919.0,2.726,14.715,2.299,75.61,87.73
4078,27,2024-04-29,183370,561.0,4.805,5.573,2.415,74.954,75.468
4079,27,2024-05-06,185385,630.0,4.534,6.65,2.67,77.424,78.537
4080,27,2024-05-13,186647,1341.0,5.226,5.89,1.614,79.055,74.868
4081,27,2024-05-20,187907,1021.0,5.856,5.926,2.794,76.929,67.906
4082,27,2024-05-27,189338,1069.0,2.687,6.086,1.515,77.851,87.085
4083,27,2024-06-03,190562,534.0,3.049,5.976,1.305,75.843,76.693
4084,27,2024-06-10,191417,937.0,4.103,6.413,3.493,82.647,80.182
4085,27,2024-06-17,193355,639.0,3.336,4.444,2.262,75.982,86.581
4086,27,2024-06-24,194159,651.0,5.8,4.208,2.552,76.807,78.291
4087,27,2024-07-01,195676,411.0,3.942,6.078,3.954,86.06,89.374
4088,27,2024-07-08,196248,776.0,3.833,10.492,3.038,74.642,85.456
4089,27,2024-07-15,197700,698.0,4.779,7.297,1.243,75.915,74.429
4090,27,2024-07-22,199016,605.0,2.407,5.506,2.166,75.297,78.797
4091,27,2024-07-29,200725,697.0,2.94,13.053,3.149,77.233,89.075
4092,27,2024-08-05,202372,1325.0,2.481,9.759,2.904,75.369,86.25
4093,27,2024-08-12,204510,571.0,1.963,8.562,1.596,75.935,92.374
4094,27,2024-08-19,205672,421.0,2.577,4.648,0.76,77.578,71.835
4095,27,2024-08-26,207524,695.0,2.917,6.217,2.558,76.631,66.852
4096,27,2024-09-02,208799,697.0,4.687,6.027,2.0,75.257,82.645
4097,27,2024-09-09,209923,529.0,4.436,5.418,4.218,83.328,76.057
4098,27,2024-09-16,211002,1072.0,3.34,6.005,4.754,75.735,73.875
4099,27,2024-09-23,211744,676.0,4.588,6.114,1.851,77.532,73.903
4100,27,2024-09-30,212780,916.0,5.354,7.991,2.009,75.647,75.52
4101,27,2024-10-07,214502,652.0,2.066,6.478,1.88,79.413,82.546
4102,27,2024-10-14,215286,572.0,3.289,6.55,2.069,75.007,80.78
4103,27,2024-10-21,217354,737.0,2.246,6.705,2.816,75.309,72.862
4104,27,2024-10-28,218500,780.0,2.239,5.069,1.703,81.504,75.525
4105,27,2024-11-04,220022,659.0,2.811,13.131,5.917,84.539,68.017
4106,27,2024-11-11,221015,658.0,4.193,4.381,1.467,76.867,84.928
4107,27,2024-11-18,222735,517.0,1.811,7.392,2.849,81.275,83.659
4108,27,2024-11-25,223558,976.0,5.517,6.496,5.192,75.461,68.695
4109,27,2024-12-02,225389,848.0,4.046,7.72,1.693,76.043,70.793
4110,27,2024-12-09,226447,605.0,1.537,7.919,1.862,74.859,78.408
4111,27,2024-12-16,228801,409.0,2.336,2.693,3.495,76.944,79.621
4112,27,2024-12-23,229812,946.0,4.068,4.076,2.855,74.744,75.51
4113,27,2024-12-30,231037,493.0,3.962,6.331,1.552,74.842,83.684
4114,27,2025-01-06,232853,846.0,3.892,6.324,1.451,78.083,89.356
4115,27,2025-01-13,233670,758.0,5.899,5.441,1.432,76.733,79.406
4116,27,2025-01-20,235250,607.0,2.083,7.593,5.807,75.049,80.973
4117,27,2025-01-27,236211,543.0,4.49,6.135,2.768,77.598,85.596
4118,27,2025-02-03,237707,866.0,2.451,5.402,1.272,77.256,75.168
4119,27,2025-02-10,238951,714.0,4.575,6.076,1.076,77.865,76.899
4120,27,2025-02-17,240302,911.0,3.665,5.358,2.346,83.588,79.217
4121,27,2025-02-24,241927,982.0,5.68,4.926,6.315,74.42,76.475
4122,27,2025-03-03,242946,927.0,3.616,5.933,1.265,82.894,84.743
4123,27,2025-03-10,244215,456.0,4.672,14.217,1.265,76.432,79.62
4124,27,2025-03-17,245463,1312.0,5.963,7.564,5.932,77.739,88.662
4125,27,2025-03-31,247319,1050.0,1.862,8.127,1.76,76.9,84.718
4126,27,2025-04-07,248654,1347.0,2.415,4.876,1.458,75.263,81.568
4127,27,2025-04-14,250189,587.0,2.269,7.543,4.142,76.152,74.11
4128,27,2025-04-21,250887,484.0,4.16,9.139,3.11,75.402,82.86
4129,27,2025-04-28,252319,831.0,2.75,5.336,2.577,76.079,82.427
4130,27,2025-05-05,253932,395.0,2.386,7.871,1.663,77.008,70.048
4131,27,2025-05-12,254727,673.0,2.428,11.438,1.829,84.523,86.068
4132,27,2025-05-19,256577,796.0,5.058,9.863,2.552,76.603,78.42
4133,27,2025-05-26,258118,704.0,2.449,4.011,4.402,80.799,67.953
4134,27,2025-06-02,259311,560.0,3.922,6.49,3.563,86.654,89.577
4135,27,2025-06-09,260648,508.0,2.517,6.297,2.374,76.469,72.652
4136,27,2025-06-16,261971,1148.0,3.852,5.872,0.863,77.206,79.604
4137,27,2025-06-23,262751,513.0,2.559,4.152,1.326,76.09,68.697
4138,27,2025-06-30,264575,664.0,3.939,4.877,1.583,76.891,80.327
4139,27,2025-07-07,266069,1880.0,3.161,4.893,2.402,76.847,80.471
4140,27,2025-07-14,267198,1282.0,2.903,10.191,2.901,77.805,74.609
4141,27,2025-07-21,268627,906.0,1.912,7.041,2.915,78.436,89.352
4142,27,2025-07-28,269944,723.0,4.64,8.153,3.099,79.622,70.887
4143,27,2025-08-04,270438,650.0,3.619,7.977,3.36,74.648,69.942
4144,27,2025-08-11,271921,1303.0,2.894,10.73,1.402,78.107,65.693
4145,27,2025-08-18,272906,515.0,2.829,6.581,2.425,75.015,76.838
4146,27,2025-08-25,274236,742.0,3.747,4.959,2.176,79.961,75.685
4147,27,2025-09-01,275660,1323.0,3.171,9.331,1.926,76.246,82.665
4148,27,2025-09-08,276707,441.0,1.965,7.202,1.794,75.839,70.671
4149,27,2025-09-15,277506,581.0,2.509,7.456,1.955,77.225,81.393
4150,27,2025-09-22,278939,487.0,2.424,5.473,0.989,77.673,72.047
4151,27,2025-09-29,280913,1230.0,4.011,10.341,1.423,77.115,76.953
4152,27,2025-10-06,282163,495.0,3.378,7.376,3.091,77.264,73.807
4153,27,2025-10-13,283051,1047.0,4.659,5.562,2.053,87.097,80.414
4154,27,2025-10-20,284219,591.0,2.989,5.467,1.615,75.449,75.219
4155,27,2025-10-27,284820,574.0,1.69,5.049,2.196,75.631,82.836
4156,27,2025-11-03,285885,1282.0,2.728,5.769,2.589,75.48,75.157
4157,27,2025-11-10,287449,931.0,4.303,8.465,1.776,74.078,85.882
4158,27,2025-11-17,288869,944.0,4.199,5.089,4.759,84.349,86.905
4159,27,2025-11-24,289873,786.0,4.896,4.054,1.196,75.955,76.569
4160,27,2025-12-01,291414,692.0,3.629,7.165,1.376,84.676,78.647
4161,27,2025-12-08,293063,849.0,5.569,8.268,1.125,76.171,74.156
4162,27,2025-12-15,294739,839.0,3.274,7.241,2.247,73.669,74.074
4163,27,2025-12-22,296586,1020.0,4.434,4.848,2.63,77.57,87.335
4164,27,2025-12-29,298171,576.0,4.91,4.557,3.936,74.598,78.116
4165,28,2023-01-02,67792,1077.0,3.137,5.876,2.943,76.799,81.252
4166,28,2023-01-09,68612,1047.0,2.527,4.303,5.141,77.999,77.287
4167,28,2023-01-16,70387,443.0,4.69,9.527,5.549,78.422,69.233
4168,28,2023-01-23,71789,792.0,4.274,6.724,2.223,76.861,90.038
4169,28,2023-01-30,73120,607.0,4.017,4.402,1.474,81.123,82.057
4170,28,2023-02-06,73956,803.0,3.386,6.169,1.735,76.927,71.597
4171,28,2023-02-13,74776,664.0,3.92,5.411,2.246,74.374,71.108
4172,28,2023-02-20,75907,703.0,4.534,3.291,1.103,75.212,79.87
4173,28,2023-02-27,76335,548.0,4.145,6.187,3.968,76.784,88.212
4174,28,2023-03-06,77430,656.0,2.965,4.522,2.791,79.123,80.749
4175,28,2023-03-13,78832,901.0,2.351,10.479,2.202,77.565,80.029
4176,28,2023-03-20,79978,1095.0,2.656,4.382,0.768,76.648,72.37
4177,28,2023-03-27,81067,1096.0,2.48,5.15,0.635,84.091,78.016
4178,28,2023-04-03,83015,931.0,4.987,4.481,2.713,78.184,75.468
4179,28,2023-04-10,83816,544.0,5.046,8.784,3.136,73.685,76.362
4180,28,2023-04-17,84662,521.0,2.615,5.121,1.529,78.837,70.406
4181,28,2023-04-24,85839,975.0,3.473,5.41,0.625,76.122,71.313
4182,28,2023-05-01,86921,623.0,4.624,7.079,3.136,76.648,83.81
4183,28,2023-05-08,87944,911.0,3.276,5.203,2.586,77.521,66.042
4184,28,2023-05-15,88660,1274.0,2.649,15.864,3.322,81.944,67.355
4185,28,2023-05-22,90045,842.0,2.158,5.946,3.409,84.173,84.79
4186,28,2023-05-29,91044,1063.0,3.2,6.566,1.337,77.809,77.059
4187,28,2023-06-05,92540,1388.0,4.057,4.369,1.445,75.066,82.856
4188,28,2023-06-12,93994,658.0,1.886,7.857,3.7,83.957,80.757
4189,28,2023-06-19,95024,659.0,4.283,5.226,2.593,74.829,76.761
4190,28,2023-06-26,97476,685.0,2.415,6.114,2.637,77.007,79.737
4191,28,2023-07-03,98438,481.0,3.707,5.373,1.751,74.712,73.657
4192,28,2023-07-10,100169,771.0,2.114,4.696,4.454,77.139,79.817
4193,28,2023-07-17,101720,577.0,1.951,6.122,3.092,76.839,79.07
4194,28,2023-07-24,103080,1248.0,2.209,5.982,2.2,87.942,76.3
4195,28,2023-07-31,104010,726.0,1.231,2.592,2.111,77.655,90.51
4196,28,2023-08-07,104808,634.0,1.891,7.471,0.569,78.203,81.734
4197,28,2023-08-14,106420,692.0,3.85,5.335,1.344,75.105,84.726
4198,28,2023-08-21,108206,619.0,4.171,6.555,1.735,82.525,67.228
4199,28,2023-08-28,110016,824.0,2.796,11.019,1.665,74.107,83.927
4200,28,2023-09-04,111369,632.0,2.653,5.916,1.818,78.677,71.061
4201,28,2023-09-11,112864,1026.0,4.607,6.244,3.082,77.467,79.653
4202,28,2023-09-18,114181,476.0,4.951,5.527,2.763,75.344,82.374
4203,28,2023-09-25,115410,857.0,2.719,3.806,4.041,77.253,85.542
4204,28,2023-10-02,115928,811.0,5.269,14.835,0.42,76.718,81.664
4205,28,2023-10-09,117329,523.0,4.989,6.351,2.775,84.169,88.331
4206,28,2023-10-16,117709,869.0,4.854,9.171,1.656,75.651,82.391
4207,28,2023-10-23,119304,800.0,2.934,4.269,1.982,77.118,79.905
4208,28,2023-10-30,120471,431.0,3.897,4.746,2.273,73.399,85.573
4209,28,2023-11-06,121459,1330.0,5.166,7.526,0.255,78.411,72.526
4210,28,2023-11-13,122187,947.0,3.665,4.603,3.166,75.761,83.796
4211,28,2023-11-20,124135,810.0,3.864,7.035,2.993,85.231,70.755
4212,28,2023-11-27,125483,414.0,2.41,8.355,2.921,75.706,71.334
4213,28,2023-12-04,127455,509.0,2.945,4.74,2.453,74.22,84.958
4214,28,2023-12-11,128660,814.0,2.313,9.318,2.876,84.321,75.474
4215,28,2023-12-18,130171,433.0,2.209,15.067,4.241,76.788,77.791
4216,28,2023-12-25,131195,845.0,2.665,4.893,1.265,77.2,87.158
4217,28,2024-01-01,132777,469.0,4.27,13.515,3.076,76.044,85.049
4218,28,2024-01-08,133665,820.0,3.156,9.826,2.661,75.92,74.714
4219,28,2024-01-15,134845,622.0,4.003,11.598,1.983,77.412,79.027
4220,28,2024-01-22,135807,838.0,2.764,5.423,0.483,76.21,87.477
4221,28,2024-01-29,137340,1134.0,3.444,7.623,3.524,76.103,86.906
4222,28,2024-02-05,138279,529.0,5.124,6.881,1.692,81.829,63.857
4223,28,2024-02-12,139318,543.0,1.923,5.531,2.435,77.616,85.346
4224,28,2024-02-19,140671,1024.0,5.111,7.64,1.355,78.401,81.089
4225,28,2024-02-26,141808,658.0,4.01,4.728,1.719,78.126,84.169
4226,28,2024-03-04,143370,503.0,4.469,7.796,2.121,76.938,67.544
4227,28,2024-03-11,144901,470.0,4.955,6.508,1.538,76.193,71.951
4228,28,2024-03-18,146878,534.0,2.617,5.729,2.572,83.295,74.474
4229,28,2024-03-25,147479,658.0,3.547,9.309,1.89,79.637,86.919
4230,28,2024-04-01,149173,512.0,2.734,16.217,2.797,76.063,79.02
4231,28,2024-04-08,151352,529.0,3.216,5.469,2.197,78.294,75.391
4232,28,2024-04-15,151836,832.0,4.072,6.7,1.737,74.51,85.696
4233,28,2024-04-22,152986,563.0,2.552,8.247,2.264,75.006,79.517
4234,28,2024-04-29,154066,883.0,2.535,6.246,2.54,77.293,68.178
4235,28,2024-05-06,155805,531.0,2.972,7.41,1.299,76.223,67.471
4236,28,2024-05-13,157644,634.0,2.992,6.086,1.787,77.101,66.382
4237,28,2024-05-20,158331,478.0,3.698,4.802,2.292,74.781,73.647
4238,28,2024-05-27,159690,997.0,3.204,4.912,2.056,78.353,81.372
4239,28,2024-06-03,161152,556.0,2.999,4.563,3.422,76.108,69.021
4240,28,2024-06-10,163173,681.0,3.751,5.183,1.645,76.754,83.748
4241,28,2024-06-17,164116,402.0,2.205,5.488,3.126,75.486,88.935
4242,28,2024-06-24,165456,1303.0,3.575,3.597,1.501,83.73,73.413
4243,28,2024-07-01,166462,944.0,3.639,8.346,2.457,77.137,87.46
4244,28,2024-07-08,167875,680.0,3.034,6.668,3.622,74.131,79.017
4245,28,2024-07-15,169842,857.0,3.742,6.524,5.405,77.324,74.499
4246,28,2024-07-22,171248,718.0,4.526,5.428,2.294,77.059,77.499
4247,28,2024-07-29,173032,566.0,3.74,7.283,2.755,73.541,75.181
4248,28,2024-08-05,174073,793.0,4.03,9.396,3.081,74.609,67.853
4249,28,2024-08-12,175278,375.0,3.071,4.383,5.663,87.306,84.208
4250,28,2024-08-19,176306,744.0,1.874,7.8,3.543,87.012,79.171
4251,28,2024-08-26,177903,764.0,3.274,5.06,1.902,77.209,80.864
4252,28,2024-09-02,179253,849.0,1.977,4.249,1.141,75.19,80.694
4253,28,2024-09-09,179882,1106.0,1.994,7.144,1.36,77.685,78.201
4254,28,2024-09-16,180985,1337.0,2.678,4.39,2.962,73.798,86.064
4255,28,2024-09-23,181616,1161.0,3.409,5.261,2.729,75.016,66.094
4256,28,2024-09-30,182889,589.0,3.162,4.577,2.707,77.531,77.268
4257,28,2024-10-07,184676,774.0,3.179,6.303,3.096,75.68,72.155
4258,28,2024-10-14,186385,1239.0,3.016,6.163,2.532,77.954,71.35
4259,28,2024-10-21,187347,474.0,1.972,6.187,0.753,77.01,76.288
4260,28,2024-10-28,189071,577.0,3.073,6.19,4.313,75.991,83.879
4261,28,2024-11-04,190601,874.0,3.634,11.971,1.167,77.512,88.725
4262,28,2024-11-11,192227,437.0,2.772,4.245,2.575,74.703,82.727
4263,28,2024-11-18,194030,344.0,5.456,3.345,1.713,79.594,76.314
4264,28,2024-11-25,195922,1244.0,2.05,11.052,2.137,83.023,72.663
4265,28,2024-12-02,196878,795.0,2.753,5.512,1.513,74.815,74.648
4266,28,2024-12-09,197949,499.0,3.841,8.256,2.94,75.481,68.645
4267,28,2024-12-16,200000,498.0,4.695,5.65,1.292,75.269,73.062
4268,28,2024-12-23,201397,702.0,2.2,7.778,2.899,74.32,83.396
4269,28,2024-12-30,202966,889.0,4.472,8.857,1.373,75.605,79.264
4270,28,2025-01-06,204698,551.0,4.548,4.996,2.128,78.634,73.442
4271,28,2025-01-13,205476,1155.0,3.474,13.001,2.403,75.739,78.347
4272,28,2025-01-20,207096,568.0,2.762,6.142,2.874,77.809,72.206
4273,28,2025-01-27,208415,414.0,4.627,7.79,3.179,74.72,75.539
4274,28,2025-02-03,209322,511.0,4.189,5.754,5.899,75.867,73.048
4275,28,2025-02-10,210675,459.0,3.029,6.88,1.408,76.774,76.565
4276,28,2025-02-17,213288,1178.0,3.256,8.173,1.49,77.237,75.996
4277,28,2025-02-24,214617,747.0,3.782,9.82,2.308,76.53,74.18
4278,28,2025-03-03,215878,1175.0,3.06,10.679,1.165,76.768,83.758
4279,28,2025-03-10,217352,777.0,2.315,8.476,1.841,74.332,79.167
4280,28,2025-03-17,218449,788.0,2.867,9.449,1.913,76.622,84.098
4281,28,2025-03-24,220189,858.0,5.518,5.06,1.27,78.291,75.095
4282,28,2025-03-31,221597,632.0,2.159,3.396,1.543,83.513,79.8
4283,28,2025-04-07,222577,1027.0,1.82,3.282,2.401,78.008,76.895
4284,28,2025-04-14,223559,387.0,4.408,4.718,2.328,76.801,75.647
4285,28,2025-04-21,224674,456.0,4.786,5.28,3.558,84.14,77.489
4286,28,2025-04-28,225421,754.0,2.345,6.759,4.547,75.505,74.79
4287,28,2025-05-05,226574,433.0,5.215,6.348,3.12,75.731,71.67
4288,28,2025-05-12,227970,795.0,2.473,7.742,5.651,84.201,83.856
4289,28,2025-05-19,228933,656.0,2.965,4.522,2.791,79.123,80.749
4290,28,2025-05-26,229863,750.0,2.675,7.572,3.496,75.439,77.235
4291,28,2025-06-02,230736,902.0,4.117,4.981,4.347,75.952,87.925
4292,28,2025-06-09,231831,1160.0,1.938,5.514,2.079,76.704,74.458
4293,28,2025-06-16,233766,627.0,2.616,5.326,2.992,77.142,78.005
4294,28,2025-06-23,234777,677.0,3.015,6.889,1.459,77.435,85.862
4295,28,2025-06-30,236159,830.0,2.417,5.667,1.342,76.807,87.641
4296,28,2025-07-07,237849,1039.0,3.039,14.56,1.327,75.958,70.729
4297,28,2025-07-14,239401,1453.0,2.96,7.468,2.839,75.769,71.623
4298,28,2025-07-21,240636,722.0,3.775,2.814,1.621,77.33,83.615
4299,28,2025-07-28,241866,1314.0,3.067,7.179,2.921,78.364,73.673
4300,28,2025-08-04,243308,1239.0,4.393,6.625,1.448,76.762,84.156
4301,28,2025-08-11,244469,458.0,3.77,6.081,3.639,75.862,85.216
4302,28,2025-08-18,244974,761.0,3.419,5.36,1.638,75.936,70.427
4303,28,2025-08-25,246923,1121.0,4.522,7.124,1.181,76.578,65.561
4304,28,2025-09-01,248116,1139.0,3.893,5.938,2.943,76.915,88.012
4305,28,2025-09-08,250004,491.0,1.983,5.628,2.487,77.187,88.779
4306,28,2025-09-15,251530,423.0,2.883,4.496,1.851,76.877,79.698
4307,28,2025-09-22,252114,1092.0,3.425,5.555,0.914,74.05,77.977
4308,28,2025-09-29,253260,794.0,3.234,4.704,3.046,74.43,68.729
4309,28,2025-10-06,254120,1153.0,2.502,3.735,1.085,86.595,81.16
4310,28,2025-10-13,255028,419.0,4.859,7.125,3.439,75.081,81.347
4311,28,2025-10-20,256708,477.0,2.631,9.366,2.091,75.745,79.887
4312,28,2025-10-27,257664,439.0,1.605,5.319,4.746,74.209,67.247
4313,28,2025-11-03,258897,1000.0,2.855,7.075,1.753,75.345,68.141
4314,28,2025-11-10,260106,1157.0,4.516,4.628,2.788,75.297,82.764
4315,28,2025-11-17,261658,664.0,1.894,3.412,2.994,78.581,79.471
4316,28,2025-11-24,262996,1368.0,4.487,7.124,2.461,75.847,82.647
4317,28,2025-12-01,264162,887.0,2.855,8.647,1.807,75.583,76.729
4318,28,2025-12-08,264958,1155.0,3.723,7.475,2.343,76.317,73.677
4319,28,2025-12-15,266833,824.0,5.387,8.949,2.174,77.284,69.259
4320,28,2025-12-22,268455,775.0,3.81,6.052,3.02,83.577,72.535
4321,28,2025-12-29,269577,631.0,2.214,4.408,2.866,73.294,81.958
4322,29,2023-01-02,31841,547.0,2.289,13.826,1.616,76.575,82.878
4323,29,2023-01-09,33546,652.0,4.555,8.081,1.981,75.341,92.587
4324,29,2023-01-16,35162,842.0,3.973,5.893,0.985,76.362,81.239
4325,29,2023-01-23,36888,1002.0,2.535,4.319,2.299,76.324,74.788
4326,29,2023-01-30,38569,715.0,2.547,6.488,3.159,74.706,76.211
4327,29,2023-02-06,39589,1176.0,5.036,7.428,2.805,79.45,82.508
4328,29,2023-02-13,41241,1162.0,2.704,5.36,1.783,74.381,68.153
4329,29,2023-02-20,41763,606.0,0.012,6.929,2.593,74.377,67.599
4330,29,2023-02-27,43188,814.0,3.97,3.556,1.141,76.657,85.632
4331,29,2023-03-06,44926,902.0,3.762,5.706,1.976,77.651,82.777
4332,29,2023-03-13,45719,847.0,3.306,6.26,2.738,76.896,82.951
4333,29,2023-03-20,46892,1071.0,4.029,6.384,1.238,86.634,87.3
4334,29,2023-03-27,48485,560.0,2.524,9.854,2.643,86.294,80.513
4335,29,2023-04-03,49350,553.0,2.98,3.479,1.319,76.419,78.221
4336,29,2023-04-10,50590,778.0,1.985,5.426,1.175,75.224,78.511
4337,29,2023-04-17,51501,906.0,2.876,7.734,3.538,75.119,81.54
4338,29,2023-04-24,53435,627.0,2.942,14.301,2.97,76.787,72.981
4339,29,2023-05-01,55006,534.0,3.049,5.976,1.305,75.843,76.693
4340,29,2023-05-08,56101,463.0,3.138,3.427,1.278,76.734,79.992
4341,29,2023-05-22,58063,507.0,2.596,10.608,2.516,77.519,77.045
4342,29,2023-05-29,59683,582.0,1.951,3.36,1.35,76.637,86.275
4343,29,2023-06-05,60442,871.0,4.019,9.164,2.62,75.709,66.243
4344,29,2023-06-12,62123,812.0,4.276,5.349,3.322,76.499,76.38
4345,29,2023-06-19,62941,838.0,3.701,5.721,2.738,75.908,81.827
4346,29,2023-06-26,64643,562.0,2.463,6.881,2.249,78.043,72.264
4347,29,2023-07-03,66134,675.0,2.995,2.253,1.539,74.429,91.169
4348,29,2023-07-10,67932,735.0,2.559,8.429,2.138,76.378,87.804
4349,29,2023-07-17,69458,895.0,2.963,0.631,2.806,75.497,86.308
4350,29,2023-07-24,70769,782.0,2.907,6.073,3.188,73.831,75.566
4351,29,2023-07-31,72396,472.0,4.219,5.948,2.284,78.483,76.612
4352,29,2023-08-07,74288,1455.0,3.923,6.855,1.976,78.299,71.645
4353,29,2023-08-14,75317,510.0,2.118,7.296,1.458,77.341,71.075
4354,29,2023-08-21,76456,701.0,4.539,8.262,2.936,84.073,75.269
4355,29,2023-08-28,77332,702.0,3.736,5.915,2.344,75.466,76.111
4356,29,2023-09-04,78858,879.0,4.09,7.438,2.6,74.452,78.937
4357,29,2023-09-11,80366,1053.0,4.292,9.691,3.289,77.009,81.927
4358,29,2023-09-18,81685,422.0,2.933,4.885,1.465,83.582,81.421
4359,29,2023-09-25,82675,422.0,2.8,9.509,1.309,77.176,71.523
4360,29,2023-10-02,84589,589.0,3.162,4.577,2.707,77.531,77.268
4361,29,2023-10-09,86336,753.0,3.021,7.619,3.174,73.356,65.484
4362,29,2023-10-16,87715,573.0,2.948,3.859,2.904,87.341,80.862
4363,29,2023-10-23,89096,728.0,2.483,6.562,1.726,74.176,76.737
4364,29,2023-10-30,90695,919.0,2.914,7.806,1.637,77.504,71.172
4365,29,2023-11-06,91843,683.0,4.016,4.705,2.889,76.75,69.476
4366,29,2023-11-13,93769,1025.0,5.04,9.14,1.935,75.686,87.255
4367,29,2023-11-20,94331,1046.0,3.373,9.197,2.828,75.011,79.463
4368,29,2023-11-27,96057,644.0,2.361,7.392,1.584,77.698,88.555
4369,29,2023-12-04,97416,417.0,4.625,4.925,1.558,74.504,85.067
4370,29,2023-12-11,98147,1018.0,4.238,8.273,1.617,77.053,78.435
4371,29,2023-12-18,99760,783.0,4.309,8.378,2.632,78.177,69.631
4372,29,2023-12-25,101451,1111.0,4.549,4.469,2.423,76.538,84.841
4373,29,2024-01-01,102902,1795.0,2.282,5.817,2.218,75.435,75.921
4374,29,2024-01-08,103623,954.0,5.675,4.091,2.458,74.613,68.43
4375,29,2024-01-15,104444,664.0,5.712,8.069,2.553,76.152,88.835
4376,29,2024-01-22,105762,441.0,3.845,8.322,2.981,78.19,71.801
4377,29,2024-01-29,106487,476.0,2.991,15.127,1.144,75.725,74.311
4378,29,2024-02-05,108329,717.0,3.862,4.19,2.72,76.41,68.842
4379,29,2024-02-12,109975,697.0,2.153,5.921,0.051,75.028,69.921
4380,29,2024-02-19,111660,419.0,4.505,4.686,2.384,77.134,83.347
4381,29,2024-02-26,112675,1337.0,3.468,15.291,2.762,76.342,87.972
4382,29,2024-03-04,114115,660.0,3.399,3.491,3.289,74.612,82.915
4383,29,2024-03-11,115050,398.0,2.312,6.256,1.673,75.873,81.613
4384,29,2024-03-18,115855,419.0,4.505,4.686,2.384,77.134,83.347
4385,29,2024-03-25,117071,649.0,1.757,0.671,2.948,77.947,77.752
4386,29,2024-04-01,119209,632.0,1.971,7.133,1.6,77.389,91.864
4387,29,2024-04-08,120409,530.0,5.062,9.394,5.471,77.654,73.821
4388,29,2024-04-15,121754,866.0,4.343,8.023,3.118,85.275,77.646
4389,29,2024-04-22,123500,776.0,3.109,0.629,1.449,82.26,88.463
4390,29,2024-04-29,124344,677.0,0.449,6.13,2.34,76.558,73.541
4391,29,2024-05-06,126297,513.0,3.527,5.162,1.985,75.853,74.394
4392,29,2024-05-13,127728,968.0,3.811,16.688,1.841,78.567,72.796
4393,29,2024-05-20,129008,1501.0,4.652,2.742,2.554,77.804,75.847
4394,29,2024-05-27,129731,541.0,2.112,1.959,2.778,74.537,72.186
4395,29,2024-06-03,130783,471.0,3.072,4.606,2.564,77.182,88.899
4396,29,2024-06-10,131319,589.0,3.629,7.894,1.834,74.053,81.126
4397,29,2024-06-17,132331,610.0,4.363,1.737,4.572,73.266,74.998
4398,29,2024-06-24,133957,774.0,3.842,10.692,3.597,75.507,82.713
4399,29,2024-07-01,135425,1072.0,2.1,3.842,1.782,76.206,86.442
4400,29,2024-07-08,136724,409.0,4.34,6.763,2.622,77.702,68.156
4401,29,2024-07-15,137554,708.0,4.925,6.304,1.291,77.313,87.454
4402,29,2024-07-22,138297,855.0,4.617,5.095,1.803,73.323,83.039
4403,29,2024-07-29,139969,454.0,0.017,7.234,1.275,80.559,67.932
4404,29,2024-08-05,140986,539.0,2.991,5.297,1.466,77.658,71.154
4405,29,2024-08-12,142192,539.0,5.444,7.826,1.859,75.648,74.258
4406,29,2024-08-19,142623,1122.0,2.204,1.343,1.322,76.243,80.276
4407,29,2024-08-26,143600,513.0,2.909,4.472,1.14,78.516,75.241
4408,29,2024-09-02,144334,824.0,2.398,9.333,4.551,75.978,70.688
4409,29,2024-09-09,145219,630.0,1.964,6.492,2.882,72.388,72.185
4410,29,2024-09-16,147086,528.0,4.173,2.461,1.642,75.749,75.422
4411,29,2024-09-23,148088,853.0,2.158,2.107,2.189,77.943,88.037
4412,29,2024-09-30,149001,405.0,3.664,6.996,1.685,74.655,91.412
4413,29,2024-10-07,150407,518.0,3.394,7.606,2.825,75.572,79.024
4414,29,2024-10-14,151930,1157.0,4.392,6.209,3.296,76.152,74.31
4415,29,2024-10-21,153465,707.0,4.081,7.2,2.382,75.88,76.426
4416,29,2024-10-28,155382,783.0,3.773,0.414,1.886,76.848,86.382
4417,29,2024-11-04,156311,859.0,4.678,8.75,2.806,76.167,81.699
4418,29,2024-11-11,156464,582.0,3.213,10.452,2.817,79.568,69.747
4419,29,2024-11-18,158325,885.0,1.887,6.353,2.356,77.225,81.451
4420,29,2024-11-25,159559,1048.0,2.408,10.29,3.133,76.225,86.767
4421,29,2024-12-02,160915,856.0,4.044,5.829,2.46,73.86,71.047
4422,29,2024-12-09,162419,675.0,1.976,4.571,2.279,77.266,73.078
4423,29,2024-12-16,163582,562.0,5.124,8.006,2.804,76.318,77.386
4424,29,2024-12-23,164731,655.0,4.367,10.548,2.332,74.333,67.946
4425,29,2024-12-30,166010,440.0,4.005,3.981,1.687,78.464,86.869
4426,29,2025-01-06,167302,369.0,2.692,9.676,3.04,75.999,83.89
4427,29,2025-01-13,168371,731.0,3.222,4.11,3.059,75.723,75.39
4428,29,2025-01-20,169646,591.0,2.01,6.781,2.72,80.143,67.121
4429,29,2025-01-27,171465,1131.0,2.34,8.95,2.206,85.835,73.45
4430,29,2025-02-03,172371,439.0,2.356,7.086,3.184,76.228,80.034
4431,29,2025-02-10,174179,1407.0,4.891,7.623,1.825,75.331,72.061
4432,29,2025-02-17,175284,696.0,5.006,5.305,1.141,74.493,80.861
4433,29,2025-02-24,176285,485.0,4.572,4.828,0.971,83.244,87.705
4434,29,2025-03-03,178392,1015.0,3.79,14.995,2.218,76.615,75.111
4435,29,2025-03-10,179073,773.0,2.122,5.812,1.529,77.814,79.166
4436,29,2025-03-17,179904,477.0,2.996,6.225,1.071,74.212,76.779
4437,29,2025-03-24,181579,863.0,4.259,3.875,1.926,84.243,72.821
4438,29,2025-03-31,182608,665.0,3.534,2.039,3.303,74.483,76.879
4439,29,2025-04-07,184006,1258.0,2.96,4.557,1.954,75.38,70.478
4440,29,2025-04-14,184995,535.0,3.087,3.953,2.887,75.916,73.023
4441,29,2025-04-21,185308,678.0,3.796,4.535,3.184,74.197,84.282
4442,29,2025-04-28,187063,590.0,5.351,4.943,2.673,75.589,79.336
4443,29,2025-05-05,188553,935.0,3.665,6.379,1.415,76.713,65.539
4444,29,2025-05-12,190015,662.0,2.308,7.194,3.094,74.787,82.567
4445,29,2025-05-19,190799,391.0,3.061,4.512,3.695,75.469,70.922
4446,29,2025-05-26,192108,991.0,5.479,3.961,2.597,78.158,80.891
4447,29,2025-06-02,193544,576.0,3.88,7.478,1.608,76.571,83.316
4448,29,2025-06-09,195276,1093.0,5.375,9.822,1.833,76.646,71.396
4449,29,2025-06-16,196924,957.0,3.493,6.49,1.415,79.872,84.041
4450,29,2025-06-23,197738,656.0,2.558,9.366,2.69,81.898,74.126
4451,29,2025-06-30,198985,685.0,2.595,4.915,2.975,75.893,78.568
4452,29,2025-07-07,200414,926.0,3.07,3.922,2.749,77.499,82.39
4453,29,2025-07-14,201270,455.0,5.37,3.102,1.312,74.447,83.299
4454,29,2025-07-21,203306,868.0,3.617,6.699,0.998,78.23,74.706
4455,29,2025-07-28,204313,595.0,4.41,7.789,6.534,86.918,71.693
4456,29,2025-08-04,206056,626.0,3.451,8.195,1.909,76.655,71.775
4457,29,2025-08-11,207648,388.0,3.685,8.416,2.7,81.184,65.508
4458,29,2025-08-18,209487,437.0,2.538,6.988,3.636,75.652,77.292
4459,29,2025-08-25,210369,941.0,2.722,6.626,1.099,75.026,69.314
4460,29,2025-09-01,211519,573.0,2.948,3.859,2.904,87.341,80.862
4461,29,2025-09-08,212843,1077.0,2.579,4.634,2.95,81.286,71.638
4462,29,2025-09-15,213632,1387.0,5.207,5.012,1.336,75.389,73.383
4463,29,2025-09-22,215079,571.0,5.172,7.442,2.281,76.505,68.764
4464,29,2025-09-29,216883,914.0,3.216,5.189,1.151,77.221,75.724
4465,29,2025-10-06,218789,754.0,0.374,4.572,2.244,74.078,78.583
4466,29,2025-10-13,220072,897.0,3.589,8.259,1.63,77.884,73.547
4467,29,2025-10-20,221801,532.0,2.288,6.233,1.398,77.633,71.306
4468,29,2025-10-27,223394,1174.0,2.664,4.639,6.116,78.269,81.158
4469,29,2025-11-03,224184,795.0,2.756,4.218,1.437,75.505,68.068
4470,29,2025-11-10,225070,639.0,2.508,5.992,1.894,74.794,77.389
4471,29,2025-11-17,225917,769.0,3.113,7.25,1.623,75.708,73.163
4472,29,2025-11-24,227039,933.0,3.462,4.256,1.499,77.793,79.691
4473,29,2025-12-01,227564,712.0,3.619,5.21,1.512,76.394,70.19
4474,29,2025-12-08,229538,607.0,2.141,3.909,4.654,78.163,82.885
4475,29,2025-12-15,231095,768.0,2.28,3.351,1.918,75.997,72.403
4476,29,2025-12-22,232602,1211.0,2.517,3.744,3.313,83.559,84.908
4477,29,2025-12-29,233634,569.0,5.183,11.671,2.872,73.597,82.503
4478,30,2023-01-02,91391,499.0,0.584,6.823,1.361,81.287,79.573
4479,30,2023-01-09,92732,502.0,1.923,5.417,2.271,77.587,76.457
4480,30,2023-01-16,94061,759.0,2.799,9.435,2.264,78.368,79.579
4481,30,2023-01-23,95490,1233.0,4.628,6.829,2.729,74.754,70.468
4482,30,2023-01-30,96653,833.0,3.736,4.629,1.876,76.962,76.941
4483,30,2023-02-06,98530,988.0,3.255,3.46,2.175,75.826,78.0
4484,30,2023-02-13,100476,944.0,4.896,6.179,3.077,80.488,82.669
4485,30,2023-02-20,102850,715.0,3.002,10.493,2.247,77.078,87.949
4486,30,2023-02-27,104556,569.0,3.15,8.261,2.788,76.078,84.2
4487,30,2023-03-06,105024,861.0,4.179,8.848,1.377,76.172,81.141
4488,30,2023-03-20,106846,636.0,0.996,2.002,2.234,77.041,76.057
4489,30,2023-03-27,108044,988.0,2.926,4.48,1.752,75.479,70.074
4490,30,2023-04-03,109725,451.0,2.43,4.684,1.662,75.907,76.316
4491,30,2023-04-10,110234,692.0,4.494,7.067,1.073,76.08,84.868
4492,30,2023-04-17,111647,736.0,5.203,6.173,5.217,77.203,78.942
4493,30,2023-04-24,113000,1314.0,2.257,3.88,2.118,77.353,77.564
4494,30,2023-05-01,114926,769.0,2.335,2.277,2.116,79.963,76.537
4495,30,2023-05-08,116757,672.0,2.527,2.972,3.147,78.199,80.209
4496,30,2023-05-15,117860,1086.0,3.543,8.753,2.802,77.565,72.209
4497,30,2023-05-22,119361,647.0,2.757,8.128,1.972,76.294,66.194
4498,30,2023-05-29,120879,1358.0,4.336,5.233,1.096,77.458,86.304
4499,30,2023-06-05,123006,890.0,2.181,4.674,3.592,75.627,69.279
4500,30,2023-06-12,124212,402.0,3.459,4.905,2.96,75.72,87.483
4501,30,2023-06-19,125694,1403.0,3.095,3.454,1.916,76.898,73.768
4502,30,2023-06-26,126971,646.0,2.97,11.051,2.516,76.093,83.634
4503,30,2023-07-03,128560,763.0,3.414,5.477,2.681,76.665,77.492
4504,30,2023-07-10,130563,1333.0,0.587,4.68,2.934,77.407,76.308
4505,30,2023-07-17,131433,417.0,2.38,9.457,2.613,75.085,87.163
4506,30,2023-07-24,133771,673.0,2.942,13.742,1.106,80.362,87.586
4507,30,2023-07-31,135113,894.0,3.044,8.128,1.061,77.362,74.207
4508,30,2023-08-07,136279,635.0,4.345,7.579,3.362,78.239,80.759
4509,30,2023-08-14,137647,575.0,2.397,4.016,1.659,75.884,91.643
4510,30,2023-08-21,139010,839.0,5.533,6.226,2.468,75.686,79.132
4511,30,2023-08-28,140670,626.0,3.796,6.59,1.458,76.924,75.852
4512,30,2023-09-04,141805,759.0,2.799,9.435,2.264,78.368,79.579
4513,30,2023-09-11,143147,453.0,3.233,12.937,2.65,79.322,87.36
4514,30,2023-09-18,144080,826.0,3.064,17.443,2.063,78.509,74.613
4515,30,2023-09-25,145328,1040.0,5.626,5.0,2.135,77.534,74.892
4516,30,2023-10-02,146267,701.0,2.777,9.598,0.653,74.842,81.943
4517,30,2023-10-09,147534,926.0,2.651,5.954,2.799,74.856,78.654
4518,30,2023-10-16,149193,691.0,4.564,6.25,2.264,81.576,81.597
4519,30,2023-10-23,150099,573.0,2.91,7.552,2.068,78.531,80.57
4520,30,2023-10-30,151256,1311.0,2.775,0.243,0.918,83.394,79.919
4521,30,2023-11-06,153054,1633.0,2.417,6.701,1.142,82.017,81.649
4522,30,2023-11-13,155131,675.0,4.16,6.661,3.523,74.962,74.819
4523,30,2023-11-20,156402,817.0,2.295,4.359,1.244,76.921,83.603
4524,30,2023-11-27,157324,718.0,3.889,6.587,2.946,74.909,75.087
4525,30,2023-12-04,158207,574.0,4.754,6.82,1.398,76.473,86.002
4526,30,2023-12-11,159207,610.0,4.363,1.737,4.572,73.266,74.998
4527,30,2023-12-18,160031,718.0,3.166,9.943,6.183,75.939,73.055
4528,30,2023-12-25,161039,657.0,2.639,4.276,2.532,83.527,81.634
4529,30,2024-01-01,162579,610.0,2.535,4.569,1.74,81.35,79.568
4530,30,2024-01-08,163543,673.0,2.1,7.83,1.333,74.547,75.834
4531,30,2024-01-15,164850,556.0,2.999,4.563,3.422,76.108,69.021
4532,30,2024-01-22,165910,984.0,4.211,6.826,1.716,76.53,76.644
4533,30,2024-01-29,167433,867.0,4.811,8.162,1.01,76.892,85.978
4534,30,2024-02-05,168291,826.0,4.212,6.462,1.641,72.55,75.542
4535,30,2024-02-12,169083,844.0,2.366,6.591,1.727,75.329,76.681
4536,30,2024-02-19,170496,633.0,3.584,13.001,2.066,77.627,69.396
4537,30,2024-02-26,171737,942.0,2.503,5.488,1.384,77.382,77.802
4538,30,2024-03-04,173009,589.0,3.93,11.08,1.872,75.875,84.356
4539,30,2024-03-11,174320,586.0,2.432,8.08,2.079,79.907,74.445
4540,30,2024-03-18,175847,680.0,4.115,5.499,1.714,75.966,73.725
4541,30,2024-03-25,177800,553.0,3.967,4.017,1.37,76.336,87.795
4542,30,2024-04-01,179342,603.0,2.579,8.247,1.578,76.146,70.635
4543,30,2024-04-08,180351,601.0,2.559,5.487,1.355,77.123,75.103
4544,30,2024-04-15,181283,981.0,4.822,6.406,1.609,76.8,81.87
4545,30,2024-04-22,183505,748.0,2.358,3.291,1.761,75.834,74.659
4546,30,2024-04-29,185211,444.0,2.415,7.015,3.158,74.226,81.696
4547,30,2024-05-06,186694,720.0,2.703,4.806,2.531,76.401,77.702
4548,30,2024-05-13,187544,892.0,3.198,7.309,1.459,77.475,78.348
4549,30,2024-05-20,188818,890.0,3.091,9.635,2.791,76.398,80.646
4550,30,2024-05-27,189809,500.0,2.43,5.691,2.337,75.488,82.795
4551,30,2024-06-03,191075,1187.0,2.593,6.89,1.833,78.102,84.967
4552,30,2024-06-10,192687,970.0,4.347,3.744,1.172,84.507,87.992
4553,30,2024-06-17,193657,572.0,5.046,8.934,3.11,75.489,78.737
4554,30,2024-06-24,194055,668.0,3.988,4.025,2.312,76.874,83.044
4555,30,2024-07-01,195476,1036.0,2.615,7.212,6.313,75.514,76.353
4556,30,2024-07-08,196444,1208.0,1.874,8.049,1.664,73.92,85.444
4557,30,2024-07-22,198343,615.0,2.685,4.522,2.458,76.971,85.116
4558,30,2024-07-29,199631,389.0,3.246,11.097,1.448,76.668,75.544
4559,30,2024-08-05,200657,402.0,2.056,4.867,1.107,73.415,75.108
4560,30,2024-08-12,202517,713.0,4.712,10.109,5.511,77.349,67.281
4561,30,2024-08-19,204040,733.0,3.143,7.615,0.894,75.463,65.988
4562,30,2024-08-26,205583,847.0,2.212,5.382,1.837,76.916,80.694
4563,30,2024-09-02,206740,697.0,2.153,5.921,0.051,75.028,69.921
4564,30,2024-09-09,208188,1187.0,0.407,2.651,2.832,76.435,76.753
4565,30,2024-09-16,209483,583.0,5.162,6.359,3.492,80.166,74.144
4566,30,2024-09-23,210891,738.0,2.915,10.307,2.797,75.565,79.639
4567,30,2024-09-30,211292,1512.0,5.142,6.065,2.039,74.91,78.13
4568,30,2024-10-07,212316,923.0,2.564,4.322,3.91,77.55,75.181
4569,30,2024-10-14,212942,409.0,2.424,2.743,1.863,88.042,89.523
4570,30,2024-10-21,213703,832.0,2.09,5.756,1.144,75.684,84.805
4571,30,2024-10-28,215248,493.0,2.353,4.439,2.918,80.899,80.252
4572,30,2024-11-04,217220,860.0,2.599,5.488,2.028,75.492,80.645
4573,30,2024-11-11,217926,989.0,5.401,8.272,0.812,75.893,76.803
4574,30,2024-11-18,219209,1369.0,3.62,5.677,2.362,74.909,75.717
4575,30,2024-11-25,220751,1409.0,3.043,6.075,1.306,82.198,73.691
4576,30,2024-12-02,222282,473.0,3.342,5.122,1.874,76.431,73.924
4577,30,2024-12-09,223151,1541.0,2.609,5.752,2.227,87.129,85.046
4578,30,2024-12-16,224104,676.0,3.216,5.018,2.604,75.8,84.1
4579,30,2024-12-23,225470,599.0,2.593,3.681,3.657,81.887,73.95
4580,30,2024-12-30,226624,765.0,3.633,5.566,3.323,74.712,80.204
4581,30,2025-01-06,227901,956.0,3.876,3.548,2.335,77.348,78.123
4582,30,2025-01-13,229440,761.0,3.134,5.748,2.654,86.611,81.695
4583,30,2025-01-20,230126,774.0,5.263,13.8,2.819,73.748,70.601
4584,30,2025-01-27,231454,767.0,5.072,5.264,2.389,77.06,70.072
4585,30,2025-02-10,233335,768.0,2.815,6.102,0.033,76.031,82.379
4586,30,2025-02-17,234111,788.0,2.064,5.225,3.372,77.049,77.392
4587,30,2025-02-24,235461,766.0,4.635,6.815,2.284,75.594,66.166
4588,30,2025-03-03,236569,684.0,1.798,6.415,1.596,76.227,70.721
4589,30,2025-03-10,238714,916.0,4.431,5.385,2.72,75.721,76.684
4590,30,2025-03-17,240169,408.0,1.756,7.13,6.321,76.724,90.633
4591,30,2025-03-24,241305,562.0,2.464,7.533,1.905,81.078,78.834
4592,30,2025-03-31,242932,1109.0,5.129,11.934,4.646,77.953,80.037
4593,30,2025-04-07,244438,629.0,5.538,5.019,0.25,77.099,74.464
4594,30,2025-04-14,246580,508.0,4.107,6.135,2.607,77.004,84.85
4595,30,2025-04-21,248015,1006.0,5.024,11.84,1.676,80.746,87.872
4596,30,2025-04-28,249595,510.0,4.387,2.529,2.631,74.628,66.891
4597,30,2025-05-05,250465,618.0,3.766,1.549,0.927,77.827,81.137
4598,30,2025-05-12,251738,657.0,2.639,4.276,2.532,83.527,81.634
4599,30,2025-05-19,253032,787.0,4.371,6.572,2.203,76.775,69.36
4600,30,2025-05-26,253879,1802.0,2.65,13.332,3.205,80.147,86.733
4601,30,2025-06-02,255368,678.0,4.197,5.332,1.418,76.915,78.039
4602,30,2025-06-09,256315,780.0,4.235,6.155,3.089,76.443,75.868
4603,30,2025-06-16,257581,852.0,3.044,3.497,1.691,80.985,76.237
4604,30,2025-06-23,258748,668.0,4.23,8.409,1.742,81.315,80.049
4605,30,2025-07-07,260213,491.0,2.055,4.413,1.492,75.474,73.556
4606,30,2025-07-14,261286,886.0,4.551,2.598,1.649,76.503,87.093
4607,30,2025-07-21,262032,589.0,4.662,4.85,1.375,76.364,74.462
4608,30,2025-07-28,263038,656.0,4.242,12.473,1.815,76.596,87.471
4609,30,2025-08-04,264057,348.0,2.091,7.592,5.336,76.591,93.854
4610,30,2025-08-11,265476,508.0,2.539,7.142,2.902,74.913,90.737
4611,30,2025-08-18,266783,1557.0,4.242,5.636,2.417,74.381,76.856
4612,30,2025-08-25,269251,675.0,2.982,6.745,1.219,74.983,80.963
4613,30,2025-09-01,270887,887.0,3.084,5.589,2.131,75.43,73.464
4614,30,2025-09-08,272526,868.0,4.849,7.976,1.695,78.013,87.998
4615,30,2025-09-15,273860,630.0,4.62,5.298,1.822,77.287,77.899
4616,30,2025-09-22,274615,775.0,3.265,5.617,1.745,77.091,75.761
4617,30,2025-09-29,275800,819.0,2.167,6.935,1.96,75.649,91.645
4618,30,2025-10-06,276934,808.0,3.077,3.582,5.853,83.185,74.732
4619,30,2025-10-13,278070,703.0,3.393,3.376,1.456,76.345,71.143
4620,30,2025-10-20,279343,547.0,1.991,5.159,3.159,86.212,86.717
4621,30,2025-10-27,280466,353.0,2.926,5.346,1.863,77.868,73.464
4622,30,2025-11-03,281740,549.0,3.412,8.03,2.9,76.0,85.402
4623,30,2025-11-10,283352,464.0,2.451,6.574,1.084,79.169,85.616
4624,30,2025-11-17,284189,1041.0,2.738,4.111,3.033,75.51,82.187
4625,30,2025-11-24,285451,794.0,4.468,6.523,2.413,76.172,68.832
4626,30,2025-12-01,286923,887.0,3.841,6.051,2.455,74.618,83.966
4627,30,2025-12-08,288267,627.0,3.044,6.58,2.899,76.891,70.326
4628,30,2025-12-15,289747,697.0,4.776,8.078,3.168,87.316,74.251
4629,30,2025-12-22,290860,722.0,1.952,3.719,1.436,77.673,77.613
4630,30,2025-12-29,292516,571.0,4.994,6.41,2.361,76.574,69.461
4631,31,2023-01-02,79769,967.0,4.075,7.258,1.564,76.697,75.991
4632,31,2023-01-09,81482,469.0,2.353,4.812,2.626,76.846,89.322
4633,31,2023-01-16,83336,653.0,2.406,7.189,1.233,75.465,69.093
4634,31,2023-01-23,84870,912.0,4.589,5.065,1.653,76.259,70.505
4635,31,2023-01-30,86362,777.0,4.334,12.969,2.753,74.277,84.761
4636,31,2023-02-06,87330,1010.0,2.782,5.484,1.626,75.826,78.947
4637,31,2023-02-13,88755,1112.0,4.379,8.451,1.989,75.594,72.136
4638,31,2023-02-20,89637,992.0,3.196,5.913,2.48,83.203,70.504
4639,31,2023-02-27,90062,462.0,2.476,9.608,2.978,86.742,84.33
4640,31,2023-03-06,92066,888.0,4.131,4.227,1.4,86.451,79.517
4641,31,2023-03-13,93426,486.0,4.273,3.462,1.69,75.569,73.464
4642,31,2023-03-20,94709,758.0,4.81,4.633,1.516,76.001,71.718
4643,31,2023-03-27,95254,478.0,3.682,6.431,3.046,74.075,70.077
4644,31,2023-04-03,96870,700.0,1.959,7.237,2.913,73.799,77.787
4645,31,2023-04-10,97860,880.0,4.976,6.14,3.008,85.018,74.802
4646,31,2023-04-17,99092,804.0,3.222,4.973,0.997,75.685,65.56
4647,31,2023-04-24,100382,696.0,4.44,4.253,1.867,77.049,83.348
4648,31,2023-05-01,101648,1309.0,3.095,7.792,1.591,75.327,78.395
4649,31,2023-05-08,102686,943.0,2.755,6.097,5.058,78.186,69.072
4650,31,2023-05-15,104235,727.0,1.937,3.288,3.251,75.974,81.58
4651,31,2023-05-22,105298,743.0,2.853,5.278,2.146,79.322,79.07
4652,31,2023-05-29,107189,470.0,2.542,5.574,1.945,76.897,82.774
4653,31,2023-06-05,108297,579.0,4.461,15.311,1.502,75.732,83.475
4654,31,2023-06-12,110144,831.0,2.989,6.427,1.736,83.42,75.772
4655,31,2023-06-19,111536,885.0,4.437,2.126,2.81,85.112,75.098
4656,31,2023-06-26,112417,824.0,2.667,7.849,1.511,75.258,76.866
4657,31,2023-07-03,113069,933.0,2.909,4.664,3.036,76.647,71.383
4658,31,2023-07-10,114150,425.0,2.153,6.239,1.934,77.891,84.991
4659,31,2023-07-17,114916,565.0,3.079,16.167,1.509,78.582,77.872
4660,31,2023-07-24,116060,359.0,2.427,0.095,2.409,76.067,81.325
4661,31,2023-07-31,117210,657.0,2.132,3.765,1.911,79.502,68.772
4662,31,2023-08-07,118557,653.0,1.698,3.985,1.902,78.156,77.196
4663,31,2023-08-21,120183,600.0,2.277,5.856,1.272,74.309,71.567
4664,31,2023-08-28,121796,1073.0,4.24,6.3,1.686,80.644,82.471
4665,31,2023-09-04,122769,454.0,3.93,6.885,3.419,76.788,82.654
4666,31,2023-09-11,124131,720.0,3.528,11.602,1.717,74.05,80.962
4667,31,2023-09-18,125105,925.0,5.147,8.343,6.175,74.408,76.429
4668,31,2023-09-25,126295,913.0,2.669,7.856,2.288,75.522,69.51
4669,31,2023-10-02,127622,587.0,1.139,6.361,2.63,76.261,75.713
4670,31,2023-10-09,128650,759.0,2.425,7.329,2.277,73.076,80.614
4671,31,2023-10-16,130159,487.0,4.213,6.327,5.384,81.743,74.339
4672,31,2023-10-23,131532,690.0,2.945,9.027,1.262,77.251,75.714
4673,31,2023-10-30,132953,679.0,3.733,10.556,1.611,74.271,72.749
4674,31,2023-11-06,134259,981.0,4.822,6.406,1.609,76.8,81.87
4675,31,2023-11-13,135714,662.0,2.563,7.129,2.25,81.942,79.913
4676,31,2023-11-20,136888,795.0,5.622,5.189,1.711,78.035,79.753
4677,31,2023-11-27,138142,432.0,2.016,5.119,1.441,76.924,76.345
4678,31,2023-12-04,139189,470.0,4.499,5.674,2.993,77.957,67.079
4679,31,2023-12-11,140682,872.0,4.087,5.221,1.396,76.297,83.088
4680,31,2023-12-18,142073,1148.0,2.085,3.005,1.264,74.982,73.562
4681,31,2023-12-25,142667,633.0,2.209,11.569,1.535,75.838,74.228
4682,31,2024-01-01,143751,798.0,4.731,6.096,1.41,77.449,85.494
4683,31,2024-01-08,144928,915.0,2.957,10.915,2.683,76.899,79.659
4684,31,2024-01-15,146428,590.0,2.524,5.79,2.785,74.777,84.215
4685,31,2024-01-22,147843,884.0,4.602,5.812,1.631,75.449,81.471
4686,31,2024-01-29,148797,571.0,4.159,7.754,2.729,77.455,79.013
4687,31,2024-02-05,150053,649.0,1.563,7.245,2.052,76.21,76.528
4688,31,2024-02-12,151170,447.0,3.359,7.468,1.043,75.581,66.057
4689,31,2024-02-19,152437,514.0,2.0,6.056,0.87,75.902,74.207
4690,31,2024-02-26,153498,591.0,3.255,12.137,2.356,75.392,81.959
4691,31,2024-03-04,154841,529.0,3.698,6.329,3.526,76.148,74.773
4692,31,2024-03-11,157168,760.0,4.895,10.032,1.965,76.577,75.719
4693,31,2024-03-18,158672,625.0,2.78,9.86,2.211,75.14,80.188
4694,31,2024-03-25,160425,753.0,3.984,5.708,1.494,85.337,79.993
4695,31,2024-04-01,161450,1061.0,1.027,6.639,2.907,76.426,74.498
4696,31,2024-04-08,162972,882.0,2.05,13.417,1.735,78.019,70.113
4697,31,2024-04-15,163748,418.0,2.069,8.889,3.131,75.26,69.072
4698,31,2024-04-22,164905,999.0,4.879,6.526,2.459,73.895,74.032
4699,31,2024-04-29,165808,604.0,2.897,6.29,1.98,74.964,70.18
4700,31,2024-05-06,166545,576.0,1.865,9.34,2.636,74.526,72.011
4701,31,2024-05-13,167798,610.0,2.406,16.373,2.586,76.391,74.793
4702,31,2024-05-20,169254,1082.0,2.187,3.893,1.88,78.292,81.687
4703,31,2024-05-27,169560,1221.0,3.707,7.744,1.458,76.998,74.558
4704,31,2024-06-03,170262,640.0,3.115,13.869,1.518,82.084,82.037
4705,31,2024-06-10,172296,552.0,2.581,8.159,2.387,77.469,85.83
4706,31,2024-06-17,173353,846.0,2.891,6.15,3.1,76.164,88.673
4707,31,2024-06-24,174902,1037.0,2.139,7.121,1.783,77.388,71.959
4708,31,2024-07-01,176257,845.0,3.129,8.751,3.806,75.679,79.784
4709,31,2024-07-08,176709,533.0,6.169,3.18,1.366,78.031,79.366
4710,31,2024-07-15,177445,866.0,4.343,8.023,3.118,85.275,77.646
4711,31,2024-07-22,179128,370.0,2.109,6.411,3.181,75.545,81.429
4712,31,2024-07-29,180087,566.0,2.923,5.407,3.875,76.396,82.643
4713,31,2024-08-05,181444,563.0,3.169,7.247,3.629,76.608,74.184
4714,31,2024-08-12,182629,1053.0,3.302,6.116,3.167,77.45,87.65
4715,31,2024-08-19,183971,605.0,3.219,12.7,2.148,75.508,77.089
4716,31,2024-08-26,184823,712.0,2.403,6.294,3.235,76.68,85.546
4717,31,2024-09-02,186053,551.0,2.995,6.252,2.266,76.277,78.572
4718,31,2024-09-09,187687,377.0,5.333,5.27,0.309,77.566,78.879
4719,31,2024-09-16,189188,466.0,2.813,6.169,1.377,77.749,85.138
4720,31,2024-09-23,190373,1310.0,4.0,5.684,0.8,77.7,74.749
4721,31,2024-09-30,191168,936.0,3.067,6.492,1.818,75.917,81.89
4722,31,2024-10-07,192039,626.0,5.009,7.746,3.102,76.251,82.569
4723,31,2024-10-14,192854,643.0,2.703,4.647,1.14,76.446,83.578
4724,31,2024-10-21,194209,792.0,2.462,4.998,1.068,82.492,91.813
4725,31,2024-10-28,195720,722.0,4.692,3.606,3.209,78.154,69.717
4726,31,2024-11-04,197060,753.0,2.67,6.009,1.356,83.763,69.663
4727,31,2024-11-11,198844,895.0,2.966,2.963,2.579,78.025,91.338
4728,31,2024-11-18,200262,794.0,2.341,12.426,2.794,74.196,78.723
4729,31,2024-11-25,201491,856.0,2.999,12.957,1.306,74.691,68.392
4730,31,2024-12-02,203350,1131.0,3.388,6.956,0.864,74.058,80.739
4731,31,2024-12-09,204528,589.0,2.288,4.36,5.442,75.325,72.622
4732,31,2024-12-16,205752,549.0,3.374,5.727,1.943,79.737,79.197
4733,31,2024-12-23,207223,1040.0,3.869,4.187,2.104,77.514,85.032
4734,31,2024-12-30,209241,537.0,1.984,3.789,1.578,79.22,84.484
4735,31,2025-01-06,210626,885.0,2.886,7.68,1.623,76.655,83.289
4736,31,2025-01-13,211943,738.0,2.315,8.805,3.043,81.822,82.072
4737,31,2025-01-20,213890,1174.0,2.84,7.889,1.202,77.857,76.693
4738,31,2025-01-27,214587,869.0,4.067,19.717,2.056,78.815,80.7
4739,31,2025-02-03,215714,524.0,3.878,5.628,1.831,77.373,82.46
4740,31,2025-02-10,216885,593.0,4.221,5.202,2.937,75.901,72.735
4741,31,2025-02-17,217394,864.0,4.159,5.293,2.459,87.563,94.779
4742,31,2025-02-24,218698,771.0,3.75,6.795,2.202,77.001,88.008
4743,31,2025-03-03,220015,1303.0,3.575,3.597,1.501,83.73,73.413
4744,31,2025-03-10,220570,734.0,2.948,4.838,5.421,82.755,78.643
4745,31,2025-03-17,221767,798.0,4.668,4.34,2.486,76.166,79.594
4746,31,2025-03-24,223370,686.0,5.046,2.976,2.064,77.423,81.158
4747,31,2025-03-31,224419,1386.0,4.278,4.245,5.808,86.686,86.437
4748,31,2025-04-07,225453,1176.0,3.292,1.4,2.229,76.394,88.634
4749,31,2025-04-14,226576,1131.0,2.382,3.722,2.567,82.877,84.78
4750,31,2025-04-21,227665,503.0,4.469,7.796,2.121,76.938,67.544
4751,31,2025-04-28,228575,1223.0,4.102,5.657,3.279,74.161,75.218
4752,31,2025-05-05,230540,530.0,1.955,4.858,2.436,77.248,83.89
4753,31,2025-05-12,231857,426.0,2.736,14.554,1.647,84.295,66.642
4754,31,2025-05-19,233079,1280.0,3.419,7.509,1.569,79.938,85.197
4755,31,2025-05-26,233940,928.0,2.605,8.232,2.677,74.032,93.225
4756,31,2025-06-02,234682,991.0,4.629,6.527,2.411,75.644,85.481
4757,31,2025-06-09,235942,1043.0,2.871,5.307,2.945,73.654,70.77
4758,31,2025-06-16,237643,867.0,2.134,3.724,2.629,75.007,81.665
4759,31,2025-06-23,239415,539.0,3.333,8.205,2.232,77.46,86.442
4760,31,2025-06-30,240639,430.0,2.519,10.991,1.776,76.549,71.556
4761,31,2025-07-07,241787,1521.0,3.6,5.955,3.219,73.984,79.284
4762,31,2025-07-14,243149,809.0,2.995,6.779,1.966,84.926,82.969
4763,31,2025-07-21,244342,816.0,5.898,4.448,1.938,75.984,82.421
4764,31,2025-07-28,246093,1098.0,4.5,5.877,1.176,77.644,85.448
4765,31,2025-08-04,247342,849.0,1.852,11.519,2.929,78.256,91.88
4766,31,2025-08-11,248735,578.0,4.606,11.395,1.659,76.82,78.025
4767,31,2025-08-18,249727,455.0,3.699,0.717,1.41,77.781,82.321
4768,31,2025-08-25,250467,992.0,3.196,5.913,2.48,83.203,70.504
4769,31,2025-09-01,252076,565.0,3.842,12.794,1.599,75.96,87.149
4770,31,2025-09-08,253076,863.0,4.907,16.227,3.555,73.089,72.321
4771,31,2025-09-15,254099,797.0,2.504,6.745,1.356,76.186,77.673
4772,31,2025-09-22,255154,738.0,2.915,10.307,2.797,75.565,79.639
4773,31,2025-09-29,256682,397.0,5.26,3.55,0.948,76.86,82.354
4774,31,2025-10-06,257335,1597.0,2.906,8.86,2.016,76.489,71.22
4775,31,2025-10-13,258879,1140.0,5.08,4.73,2.937,76.607,68.194
4776,31,2025-10-20,259575,1053.0,3.571,5.971,1.932,77.86,69.494
4777,31,2025-10-27,260825,1334.0,3.647,8.172,1.721,75.758,79.197
4778,31,2025-11-03,262676,1312.0,2.516,6.778,2.635,85.715,89.478
4779,31,2025-11-10,263926,670.0,3.006,7.571,4.902,77.317,83.963
4780,31,2025-11-17,264941,523.0,2.476,7.769,1.834,79.088,70.076
4781,31,2025-11-24,267002,556.0,2.835,5.773,3.037,76.461,85.708
4782,31,2025-12-01,268010,652.0,2.827,9.129,3.034,77.593,85.865
4783,31,2025-12-08,269844,668.0,3.543,5.208,1.021,85.523,73.419
4784,31,2025-12-22,272645,715.0,3.344,7.75,1.344,76.594,69.507
4785,31,2025-12-29,273784,1365.0,2.454,11.909,2.299,76.564,90.534
4786,32,2023-01-02,87808,670.0,2.161,10.067,1.585,73.824,75.301
4787,32,2023-01-09,88960,619.0,3.15,4.171,2.274,77.094,93.053
4788,32,2023-01-16,89591,962.0,3.817,5.533,2.955,77.561,72.725
4789,32,2023-01-23,90922,692.0,2.194,4.562,2.539,77.443,82.705
4790,32,2023-01-30,91766,1030.0,4.377,6.867,1.651,76.035,80.554
4791,32,2023-02-06,93361,725.0,1.95,5.576,1.892,76.852,76.229
4792,32,2023-02-13,95065,949.0,3.346,3.167,1.995,76.467,71.396
4793,32,2023-02-20,95516,861.0,2.42,4.965,1.469,77.805,82.692
4794,32,2023-02-27,96416,887.0,3.841,6.051,2.455,74.618,83.966
4795,32,2023-03-06,97385,883.0,3.272,0.013,0.512,78.901,82.039
4796,32,2023-03-13,98758,574.0,3.361,8.215,1.407,76.692,75.107
4797,32,2023-03-20,99876,684.0,3.786,6.113,1.47,74.765,74.764
4798,32,2023-03-27,100984,1070.0,2.376,5.539,1.362,76.878,74.094
4799,32,2023-04-03,102346,476.0,4.951,5.527,2.763,75.344,82.374
4800,32,2023-04-10,103417,1236.0,3.496,4.279,2.435,78.174,75.83
4801,32,2023-04-24,105766,372.0,2.667,4.35,1.704,79.305,84.203
4802,32,2023-05-01,106827,615.0,3.829,1.287,1.585,74.806,86.744
4803,32,2023-05-08,108330,569.0,1.195,4.131,3.061,76.352,67.323
4804,32,2023-05-15,109896,854.0,2.369,7.475,2.366,76.058,76.222
4805,32,2023-05-22,110959,783.0,2.945,11.508,1.98,76.904,71.311
4806,32,2023-05-29,112549,519.0,5.241,4.875,2.601,76.485,70.441
4807,32,2023-06-05,113342,728.0,4.23,13.037,1.243,78.507,78.554
4808,32,2023-06-12,114729,566.0,2.885,13.889,2.91,74.227,76.262
4809,32,2023-06-19,116468,1073.0,3.205,6.745,4.397,75.799,80.934
4810,32,2023-06-26,118708,740.0,2.888,8.185,1.683,76.509,64.014
4811,32,2023-07-03,119782,1152.0,3.182,8.396,1.729,76.459,80.43
4812,32,2023-07-10,121204,565.0,5.418,8.58,0.854,77.529,74.316
4813,32,2023-07-17,122562,1056.0,4.573,14.118,3.072,79.361,69.293
4814,32,2023-07-24,123236,756.0,2.244,6.409,2.197,75.025,76.168
4815,32,2023-07-31,124076,539.0,3.015,5.214,3.026,75.389,75.655
4816,32,2023-08-07,125506,532.0,4.833,7.767,2.444,74.368,71.56
4817,32,2023-08-14,126907,767.0,2.412,4.289,1.856,75.654,75.385
4818,32,2023-08-21,128766,640.0,4.687,5.794,3.698,78.056,80.84
4819,32,2023-08-28,130140,1069.0,3.193,6.166,1.343,78.224,75.721
4820,32,2023-09-11,132666,532.0,2.568,8.021,2.647,73.994,73.076
4821,32,2023-09-18,133724,668.0,3.884,10.751,3.238,75.861,81.146
4822,32,2023-09-25,135252,946.0,3.088,5.324,1.082,77.379,82.712
4823,32,2023-10-02,136497,610.0,5.384,7.295,1.024,76.713,74.945
4824,32,2023-10-09,138070,529.0,1.934,5.354,3.649,76.536,72.699
4825,32,2023-10-16,138866,625.0,2.134,4.507,2.81,77.999,79.603
4826,32,2023-10-23,139938,683.0,2.584,4.602,1.125,76.618,80.979
4827,32,2023-10-30,141175,581.0,4.611,5.815,1.397,79.281,74.728
4828,32,2023-11-06,142836,794.0,2.161,3.405,1.936,76.341,78.008
4829,32,2023-11-13,144208,1377.0,1.822,4.342,3.099,76.027,93.145
4830,32,2023-11-20,144967,548.0,4.439,5.393,2.277,82.663,71.092
4831,32,2023-11-27,146027,524.0,3.69,9.987,2.686,78.608,85.881
4832,32,2023-12-04,147798,991.0,2.64,14.52,2.025,76.933,68.064
4833,32,2023-12-11,149475,400.0,4.345,3.814,1.603,75.753,79.414
4834,32,2023-12-18,151172,800.0,2.434,6.257,1.842,77.691,75.91
4835,32,2023-12-25,152656,1083.0,2.837,7.946,2.802,85.642,69.599
4836,32,2024-01-01,153639,999.0,0.127,5.106,3.938,74.645,92.354
4837,32,2024-01-08,155110,774.0,2.138,4.904,1.47,77.725,83.994
4838,32,2024-01-15,155969,700.0,4.262,9.706,3.974,75.904,80.007
4839,32,2024-01-22,157120,492.0,2.033,5.736,6.942,81.553,71.257
4840,32,2024-01-29,158560,887.0,0.522,7.795,3.458,77.095,83.344
4841,32,2024-02-05,159373,1214.0,5.176,1.772,2.129,75.833,76.738
4842,32,2024-02-12,160922,639.0,5.533,7.71,2.824,75.289,81.288
4843,32,2024-02-19,161938,650.0,2.491,6.144,2.168,76.662,86.186
4844,32,2024-02-26,162672,580.0,2.463,8.402,1.954,72.245,86.855
4845,32,2024-03-04,163898,719.0,2.412,6.236,1.515,75.792,90.426
4846,32,2024-03-11,165462,1356.0,4.098,4.033,2.108,82.083,79.776
4847,32,2024-03-18,166528,413.0,2.785,4.447,2.418,73.825,90.718
4848,32,2024-03-25,167718,799.0,2.449,5.292,2.235,77.141,69.323
4849,32,2024-04-01,168838,383.0,2.456,5.113,7.212,76.341,85.659
4850,32,2024-04-08,170092,563.0,3.779,5.173,2.946,75.47,82.823
4851,32,2024-04-15,172195,1325.0,4.864,5.157,1.251,75.485,69.779
4852,32,2024-04-22,173848,749.0,3.092,7.155,1.117,76.093,79.62
4853,32,2024-04-29,174329,487.0,3.236,5.1,1.392,77.018,88.354
4854,32,2024-05-06,175734,1059.0,3.574,5.791,1.613,75.973,86.029
4855,32,2024-05-13,176770,750.0,4.312,6.126,1.998,78.887,78.364
4856,32,2024-05-20,178175,502.0,2.367,3.367,4.734,76.52,81.937
4857,32,2024-05-27,179170,796.0,3.53,5.486,1.64,75.927,74.777
4858,32,2024-06-03,180394,993.0,4.59,5.981,5.092,76.891,73.195
4859,32,2024-06-10,181440,785.0,2.884,5.651,1.014,75.435,83.432
4860,32,2024-06-17,182795,405.0,5.246,3.82,3.849,77.24,69.36
4861,32,2024-06-24,184120,1106.0,4.252,5.446,1.407,76.999,77.641
4862,32,2024-07-01,185466,805.0,2.764,7.599,1.758,82.483,85.696
4863,32,2024-07-08,186693,554.0,5.023,7.1,2.671,84.207,84.382
4864,32,2024-07-15,188394,784.0,3.284,8.186,1.591,77.443,68.663
4865,32,2024-07-22,189508,591.0,2.01,6.781,2.72,80.143,67.121
4866,32,2024-07-29,190573,1483.0,3.355,9.97,2.352,76.627,79.727
4867,32,2024-08-05,191820,502.0,3.551,7.434,5.482,75.746,68.998
4868,32,2024-08-12,193392,701.0,4.486,3.57,2.712,75.039,72.821
4869,32,2024-08-19,193935,909.0,3.173,6.719,3.807,78.468,72.768
4870,32,2024-08-26,195759,465.0,3.65,9.689,1.846,74.005,72.199
4871,32,2024-09-02,197167,956.0,3.876,3.548,2.335,77.348,78.123
4872,32,2024-09-09,198020,790.0,3.296,6.806,2.306,75.557,82.122
4873,32,2024-09-16,199345,482.0,3.584,5.105,2.807,77.652,85.601
4874,32,2024-09-23,200270,505.0,5.057,7.229,2.673,73.057,66.556
4875,32,2024-09-30,201383,763.0,3.414,5.477,2.681,76.665,77.492
4876,32,2024-10-07,202854,895.0,2.206,6.8,4.084,77.096,75.816
4877,32,2024-10-14,203578,1365.0,2.454,11.909,2.299,76.564,90.534
4878,32,2024-10-21,205113,693.0,2.419,10.602,1.929,75.462,78.265
4879,32,2024-10-28,206872,1120.0,3.527,6.59,2.898,75.948,76.751
4880,32,2024-11-04,208334,681.0,2.647,12.008,1.406,77.997,87.014
4881,32,2024-11-11,209469,1439.0,2.397,8.617,1.725,75.985,79.878
4882,32,2024-11-18,210781,473.0,3.708,19.51,3.727,74.13,71.775
4883,32,2024-11-25,212177,1085.0,3.924,7.709,2.541,84.813,76.128
4884,32,2024-12-02,214096,883.0,3.72,4.704,1.658,87.047,71.909
4885,32,2024-12-09,215398,690.0,1.894,5.574,2.912,74.881,72.32
4886,32,2024-12-16,216747,739.0,3.529,8.57,2.776,78.345,68.486
4887,32,2024-12-23,218270,634.0,3.961,6.472,3.329,74.499,74.795
4888,32,2024-12-30,218935,589.0,4.095,8.317,0.895,74.758,86.253
4889,32,2025-01-06,220283,133.0,4.558,5.517,1.558,77.49,66.464
4890,32,2025-01-13,221237,681.0,3.175,5.572,1.89,88.075,70.735
4891,32,2025-01-20,222260,595.0,2.581,15.79,1.42,76.33,72.86
4892,32,2025-01-27,222965,840.0,2.827,10.715,5.301,80.642,94.934
4893,32,2025-02-03,224384,1433.0,4.146,4.888,1.317,84.471,66.263
4894,32,2025-02-10,225152,793.0,5.502,6.037,3.541,74.596,72.006
4895,32,2025-02-17,227010,633.0,3.014,6.479,1.335,83.213,79.617
4896,32,2025-02-24,229647,996.0,3.25,8.401,3.808,76.001,70.007
4897,32,2025-03-03,231746,526.0,4.014,6.687,2.104,77.72,74.335
4898,32,2025-03-10,233206,839.0,2.889,7.318,6.072,78.211,77.665
4899,32,2025-03-17,234530,830.0,2.943,6.472,2.429,75.425,80.325
4900,32,2025-03-24,235426,470.0,2.542,5.574,1.945,76.897,82.774
4901,32,2025-03-31,236801,851.0,5.723,6.323,1.96,74.703,70.419
4902,32,2025-04-07,237957,689.0,2.689,3.075,1.867,74.255,73.181
4903,32,2025-04-14,239153,999.0,2.365,6.749,2.48,78.365,69.481
4904,32,2025-04-21,240210,757.0,3.794,11.595,2.744,81.072,87.653
4905,32,2025-04-28,242057,571.0,3.562,7.635,2.681,76.32,69.89
4906,32,2025-05-05,242786,656.0,2.626,5.645,2.53,76.185,73.256
4907,32,2025-05-12,243567,558.0,4.094,8.064,2.212,76.524,72.691
4908,32,2025-05-19,245086,672.0,5.649,6.17,3.17,76.067,74.612
4909,32,2025-05-26,246570,582.0,2.519,3.921,1.555,76.099,72.895
4910,32,2025-06-02,247743,871.0,4.552,7.424,2.959,75.436,87.411
4911,32,2025-06-09,248702,812.0,3.933,6.095,3.175,73.394,90.043
4912,32,2025-06-16,250179,932.0,4.804,6.529,1.996,76.297,70.561
4913,32,2025-06-23,251184,1043.0,3.271,3.685,1.647,75.747,87.278
4914,32,2025-06-30,252135,477.0,2.476,7.355,1.061,78.015,77.98
4915,32,2025-07-07,253803,1267.0,4.12,8.26,2.096,74.637,76.782
4916,32,2025-07-14,254953,492.0,2.33,8.051,2.28,79.202,79.214
4917,32,2025-07-21,256944,1255.0,2.936,12.989,1.837,74.873,81.408
4918,32,2025-07-28,258382,735.0,2.708,6.565,3.126,87.726,72.067
4919,32,2025-08-04,259643,991.0,3.535,9.83,3.0,75.982,77.75
4920,32,2025-08-18,261064,710.0,2.103,7.915,1.321,75.515,84.476
4921,32,2025-08-25,261931,640.0,4.687,5.794,3.698,78.056,80.84
4922,32,2025-09-01,263880,445.0,5.01,16.4,2.849,80.147,67.981
4923,32,2025-09-08,264799,719.0,2.363,6.254,3.391,74.909,68.668
4924,32,2025-09-15,266093,811.0,4.03,4.337,2.981,76.607,70.468
4925,32,2025-09-22,267035,1376.0,3.095,4.06,2.496,77.64,90.101
4926,32,2025-09-29,268551,670.0,4.304,4.947,2.651,80.863,75.149
4927,32,2025-10-06,270023,577.0,2.128,7.752,2.486,76.385,88.917
4928,32,2025-10-13,271294,737.0,2.859,12.168,1.044,81.396,80.291
4929,32,2025-10-20,272533,646.0,2.461,2.727,1.702,78.145,78.069
4930,32,2025-10-27,273824,446.0,4.975,4.91,2.834,78.168,90.894
4931,32,2025-11-03,275142,661.0,4.963,17.995,0.961,76.475,73.918
4932,32,2025-11-10,276932,545.0,2.551,7.303,1.668,75.465,75.415
4933,32,2025-11-17,278411,706.0,3.234,4.444,2.908,79.092,85.887
4934,32,2025-11-24,279124,1198.0,2.332,2.694,1.138,81.068,77.772
4935,32,2025-12-01,280968,1216.0,2.853,5.797,1.443,77.292,85.624
4936,32,2025-12-08,282323,668.0,4.038,4.742,2.109,81.286,72.602
4937,32,2025-12-15,283465,920.0,2.956,6.63,1.452,76.127,76.835
4938,32,2025-12-22,283951,575.0,3.554,6.715,3.411,77.467,81.754
4939,32,2025-12-29,285036,457.0,3.884,5.938,2.135,76.593,88.163
4940,33,2023-01-02,79090,479.0,3.913,12.313,1.6,76.471,83.243
4941,33,2023-01-09,80395,549.0,3.374,5.727,1.943,79.737,79.197
4942,33,2023-01-16,81698,883.0,2.275,7.476,2.083,72.783,70.302
4943,33,2023-01-23,82784,410.0,3.58,6.123,3.311,76.177,72.014
4944,33,2023-01-30,84983,848.0,2.029,1.78,2.4,75.9,87.27
4945,33,2023-02-13,86227,1472.0,3.301,5.488,1.494,84.505,81.853
4946,33,2023-02-20,86826,383.0,2.451,4.521,1.675,75.253,86.458
4947,33,2023-02-27,88211,761.0,3.893,6.416,2.749,76.141,73.16
4948,33,2023-03-06,89265,917.0,2.809,4.436,4.268,76.983,76.254
4949,33,2023-03-13,91179,429.0,3.645,6.939,1.719,76.661,72.778
4950,33,2023-03-20,92517,758.0,2.956,7.682,4.039,74.786,78.854
4951,33,2023-03-27,93370,560.0,2.524,9.854,2.643,86.294,80.513
4952,33,2023-04-03,94731,497.0,2.386,7.981,1.205,75.994,77.855
4953,33,2023-04-10,96837,907.0,2.421,18.764,3.325,74.229,79.395
4954,33,2023-04-17,97857,954.0,3.724,6.153,2.345,77.128,82.21
4955,33,2023-04-24,99975,933.0,4.249,4.142,0.638,84.456,81.326
4956,33,2023-05-01,101253,532.0,3.317,5.335,2.897,74.978,90.935
4957,33,2023-05-08,102535,941.0,4.756,8.641,1.299,89.581,79.036
4958,33,2023-05-15,104283,695.0,3.774,6.004,1.625,79.107,76.171
4959,33,2023-05-22,105273,795.0,2.904,8.703,3.239,81.578,82.321
4960,33,2023-05-29,106163,552.0,6.093,4.763,2.21,74.115,81.642
4961,33,2023-06-05,108577,467.0,3.383,7.533,4.158,76.001,70.554
4962,33,2023-06-12,110082,635.0,2.76,6.63,2.021,76.359,68.403
4963,33,2023-06-19,111717,737.0,4.621,5.909,1.832,77.613,70.896
4964,33,2023-06-26,113499,996.0,3.26,4.789,3.649,75.289,79.596
4965,33,2023-07-03,114422,521.0,4.143,2.152,2.14,75.092,87.967
4966,33,2023-07-10,115524,562.0,5.124,8.006,2.804,76.318,77.386
4967,33,2023-07-17,116778,689.0,3.535,5.398,2.181,73.438,79.988
4968,33,2023-07-24,118284,691.0,3.666,6.225,3.759,84.354,79.084
4969,33,2023-07-31,119365,475.0,2.836,12.204,2.26,73.94,69.552
4970,33,2023-08-07,120966,595.0,4.618,8.153,1.413,74.915,71.128
4971,33,2023-08-14,122289,594.0,2.323,5.832,1.379,75.304,72.09
4972,33,2023-08-21,123627,653.0,1.698,3.985,1.902,78.156,77.196
4973,33,2023-08-28,124817,519.0,2.345,0.972,1.613,75.025,78.203
4974,33,2023-09-04,126118,825.0,2.27,6.036,2.573,77.043,78.916
4975,33,2023-09-11,127355,1334.0,5.393,10.011,1.199,76.696,79.074
4976,33,2023-09-18,128936,450.0,2.713,3.966,1.357,77.258,73.273
4977,33,2023-09-25,129914,688.0,2.481,4.054,2.496,82.921,69.947
4978,33,2023-10-02,131535,453.0,2.587,10.342,3.147,77.346,85.149
4979,33,2023-10-09,132804,808.0,3.961,4.504,0.969,86.933,76.272
4980,33,2023-10-16,134057,927.0,3.86,7.209,2.908,76.055,84.675
4981,33,2023-10-23,134973,639.0,4.394,5.058,1.342,77.592,80.711
4982,33,2023-10-30,136013,640.0,2.24,2.592,3.425,73.828,78.318
4983,33,2023-11-06,137646,671.0,2.599,9.275,2.707,76.21,70.657
4984,33,2023-11-13,138379,583.0,2.371,3.601,2.668,77.489,75.197
4985,33,2023-11-20,139528,870.0,2.874,10.932,4.696,85.063,70.185
4986,33,2023-11-27,140482,664.0,3.874,4.898,1.127,76.292,86.095
4987,33,2023-12-04,140980,764.0,3.941,6.832,2.686,78.514,85.659
4988,33,2023-12-11,142687,908.0,3.625,5.273,3.312,80.563,87.363
4989,33,2023-12-18,144659,573.0,4.629,2.913,1.611,78.687,83.119
4990,33,2023-12-25,146440,604.0,4.501,9.271,1.82,75.872,79.836
4991,33,2024-01-01,147308,529.0,2.592,7.384,2.334,76.628,76.084
4992,33,2024-01-08,148060,632.0,4.449,7.13,1.479,82.894,84.011
4993,33,2024-01-15,149693,982.0,4.271,6.655,3.09,77.014,74.175
4994,33,2024-01-22,150609,983.0,3.889,5.445,3.232,84.733,72.443
4995,33,2024-01-29,151500,1094.0,0.34,2.163,1.627,83.496,79.5
4996,33,2024-02-05,152999,896.0,3.218,3.854,1.771,86.674,76.121
4997,33,2024-02-12,154826,508.0,2.609,4.595,2.38,77.789,81.789
4998,33,2024-02-19,156245,736.0,2.398,5.342,1.835,77.116,84.255
4999,33,2024-02-26,156722,543.0,3.618,8.483,2.398,76.398,76.506
5000,33,2024-03-04,158017,874.0,2.06,6.102,1.533,76.056,81.918
5001,33,2024-03-11,159914,570.0,2.181,8.332,2.254,75.901,69.686
5002,33,2024-03-25,161911,948.0,2.573,3.628,1.719,77.576,82.003
5003,33,2024-04-01,163301,614.0,3.358,4.6,2.195,77.087,79.401
5004,33,2024-04-08,164742,623.0,1.918,4.811,3.643,78.493,77.828
5005,33,2024-04-15,166651,662.0,3.432,5.771,1.366,75.648,77.11
5006,33,2024-04-22,167204,738.0,4.097,4.164,2.524,74.539,85.086
5007,33,2024-04-29,169226,1279.0,3.011,8.297,4.61,81.467,71.339
5008,33,2024-05-06,170418,506.0,2.194,6.597,1.286,76.102,77.789
5009,33,2024-05-13,171396,890.0,4.747,11.196,1.91,78.538,79.724
5010,33,2024-05-20,173048,1110.0,2.276,7.962,1.251,84.179,82.156
5011,33,2024-05-27,174325,532.0,4.675,3.974,2.877,76.276,77.005
5012,33,2024-06-03,176033,1011.0,2.809,6.346,1.783,76.541,81.071
5013,33,2024-06-10,176795,1221.0,4.309,10.514,1.95,81.032,75.923
5014,33,2024-06-17,177554,706.0,1.974,3.417,1.588,76.97,86.164
5015,33,2024-06-24,179353,392.0,2.736,7.004,2.23,74.405,82.263
5016,33,2024-07-01,180918,807.0,3.216,6.007,1.754,78.405,70.838
5017,33,2024-07-08,182787,837.0,4.492,13.133,4.465,73.481,76.178
5018,33,2024-07-15,183688,526.0,3.004,13.138,2.501,82.018,76.187
5019,33,2024-07-22,185863,826.0,4.172,5.342,1.78,83.78,78.063
5020,33,2024-07-29,187403,1084.0,4.302,7.258,1.792,74.345,82.794
5021,33,2024-08-05,188611,1000.0,1.953,4.977,1.838,88.176,73.984
5022,33,2024-08-12,189563,750.0,3.011,13.025,2.454,77.612,68.398
5023,33,2024-08-19,190754,592.0,4.544,4.61,2.394,77.336,88.373
5024,33,2024-08-26,191479,653.0,3.174,5.486,3.225,75.586,64.884
5025,33,2024-09-02,193410,479.0,5.691,1.145,2.198,77.812,84.587
5026,33,2024-09-09,194751,934.0,2.237,8.521,3.405,79.456,84.344
5027,33,2024-09-16,196150,862.0,4.418,6.753,1.486,78.359,75.293
5028,33,2024-09-23,197345,604.0,2.39,10.09,1.364,83.839,74.225
5029,33,2024-09-30,199021,1033.0,3.229,6.052,2.187,77.614,82.956
5030,33,2024-10-07,200199,372.0,3.903,4.652,1.192,77.192,92.656
5031,33,2024-10-14,201338,1086.0,2.688,7.608,1.821,77.992,69.661
5032,33,2024-10-21,203139,480.0,4.189,5.825,1.369,75.656,64.945
5033,33,2024-10-28,203990,428.0,2.131,8.962,2.918,74.769,74.513
5034,33,2024-11-04,205760,759.0,3.461,4.292,3.295,84.364,87.96
5035,33,2024-11-18,208054,712.0,5.141,5.78,1.836,82.707,83.681
5036,33,2024-11-25,210125,373.0,2.696,5.613,2.447,77.076,71.881
5037,33,2024-12-02,211587,876.0,2.942,3.638,3.744,77.66,68.539
5038,33,2024-12-09,212956,745.0,4.628,6.124,2.857,74.911,70.824
5039,33,2024-12-16,214472,921.0,4.015,5.81,2.266,78.2,75.768
5040,33,2024-12-23,215766,537.0,2.078,7.797,2.793,81.186,87.057
5041,33,2024-12-30,217698,824.0,4.526,8.673,5.732,73.982,75.396
5042,33,2025-01-06,218928,881.0,4.188,2.732,1.284,86.324,84.7
5043,33,2025-01-13,220452,507.0,4.594,7.34,2.787,75.95,65.815
5044,33,2025-01-20,222158,831.0,4.536,8.017,1.106,77.284,81.596
5045,33,2025-02-03,225398,487.0,3.253,9.444,1.56,76.971,85.631
5046,33,2025-02-10,226842,1277.0,4.355,8.026,0.908,78.187,73.443
5047,33,2025-02-17,228365,1061.0,1.93,4.812,3.069,73.422,84.508
5048,33,2025-02-24,229550,831.0,5.004,6.063,1.499,75.345,66.99
5049,33,2025-03-03,230330,770.0,2.461,4.147,3.007,75.554,75.147
5050,33,2025-03-10,232100,449.0,1.909,1.385,2.337,76.982,81.307
5051,33,2025-03-17,233206,562.0,2.825,6.048,1.689,77.261,76.623
5052,33,2025-03-24,234234,544.0,2.182,5.556,2.832,76.306,83.072
5053,33,2025-03-31,235419,1061.0,1.93,4.812,3.069,73.422,84.508
5054,33,2025-04-07,235942,774.0,2.865,6.784,1.294,77.236,76.058
5055,33,2025-04-21,238801,753.0,2.294,8.861,1.745,83.709,92.91
5056,33,2025-04-28,239739,652.0,1.922,5.892,1.932,77.036,75.943
5057,33,2025-05-05,241413,659.0,4.522,8.535,3.696,77.325,72.082
5058,33,2025-05-12,242948,1133.0,2.916,7.881,1.513,78.044,76.814
5059,33,2025-05-19,243500,844.0,5.245,6.993,1.546,75.86,68.593
5060,33,2025-05-26,244262,479.0,3.457,6.506,4.743,77.923,79.802
5061,33,2025-06-02,245231,922.0,3.121,4.327,1.571,77.735,70.476
5062,33,2025-06-09,246337,471.0,2.53,3.792,2.843,76.858,73.924
5063,33,2025-06-16,248019,830.0,4.197,8.162,1.777,84.984,80.221
5064,33,2025-06-23,250024,529.0,2.5,5.34,6.01,77.104,84.223
5065,33,2025-06-30,250667,825.0,2.438,2.94,1.267,84.303,81.656
5066,33,2025-07-07,252571,1032.0,4.718,6.92,2.423,74.526,73.388
5067,33,2025-07-14,253604,702.0,3.978,7.037,2.326,75.528,71.496
5068,33,2025-07-28,255679,606.0,2.479,6.17,1.934,74.364,74.143
5069,33,2025-08-11,257719,966.0,4.405,8.337,1.143,76.597,89.184
5070,33,2025-08-18,259796,676.0,2.121,6.374,1.373,78.384,88.544
5071,33,2025-08-25,261484,468.0,3.361,6.761,1.527,78.294,86.367
5072,33,2025-09-01,262639,751.0,2.315,4.986,1.385,74.027,86.579
5073,33,2025-09-08,263959,551.0,2.74,18.285,1.02,75.269,70.89
5074,33,2025-09-15,265377,383.0,2.719,6.393,1.269,76.848,73.519
5075,33,2025-09-22,266170,626.0,2.732,6.966,2.662,75.902,72.788
5076,33,2025-09-29,267310,761.0,3.895,6.026,3.519,75.897,72.62
5077,33,2025-10-06,268091,1172.0,4.464,5.831,1.359,76.343,73.18
5078,33,2025-10-13,269688,742.0,2.715,5.798,1.457,76.282,81.023
5079,33,2025-10-20,271010,760.0,4.519,7.398,0.625,82.358,85.241
5080,33,2025-10-27,272572,780.0,2.218,5.776,1.762,83.746,89.339
5081,33,2025-11-03,273025,755.0,2.854,7.045,1.041,75.787,73.032
5082,33,2025-11-10,274382,346.0,2.845,5.72,2.043,77.712,69.513
5083,33,2025-11-17,275856,582.0,3.469,10.769,3.093,81.048,83.662
5084,33,2025-11-24,276910,903.0,2.497,7.916,2.937,76.958,84.358
5085,33,2025-12-01,278146,773.0,2.31,6.748,3.049,76.073,84.442
5086,33,2025-12-08,279495,1378.0,2.808,6.07,1.638,75.207,70.446
5087,33,2025-12-15,281475,1200.0,3.582,8.789,2.668,79.944,89.602
5088,33,2025-12-22,282286,753.0,3.581,10.775,1.548,84.756,82.643
5089,33,2025-12-29,283411,461.0,2.494,10.65,2.08,76.281,84.541
5090,34,2023-01-02,19565,1020.0,2.981,11.143,2.685,76.681,82.834
5091,34,2023-01-09,21194,548.0,3.08,5.738,3.368,74.333,80.431
5092,34,2023-01-16,22307,672.0,2.253,5.95,2.237,83.447,75.426
5093,34,2023-01-23,24021,1330.0,5.166,7.526,0.255,78.411,72.526
5094,34,2023-01-30,25330,662.0,3.344,4.512,1.475,75.105,66.78
5095,34,2023-02-06,27324,582.0,3.108,5.409,1.454,78.383,89.083
5096,34,2023-02-13,28869,1523.0,4.771,7.388,1.499,78.514,81.426
5097,34,2023-02-20,30157,650.0,3.619,7.977,3.36,74.648,69.942
5098,34,2023-02-27,31972,1003.0,3.146,8.004,2.434,73.847,81.896
5099,34,2023-03-06,33089,845.0,2.016,5.395,1.893,74.442,73.012
5100,34,2023-03-13,34591,603.0,4.057,5.356,1.882,77.256,82.001
5101,34,2023-03-20,35262,809.0,3.651,10.109,3.236,77.884,77.703
5102,34,2023-03-27,37050,1433.0,2.269,5.003,2.403,75.569,75.487
5103,34,2023-04-03,38610,1101.0,3.456,5.831,1.964,77.82,83.118
5104,34,2023-04-10,39462,1053.0,2.281,5.762,2.119,76.353,83.353
5105,34,2023-04-17,41185,834.0,3.685,7.428,1.321,74.992,68.279
5106,34,2023-04-24,42655,708.0,2.947,5.088,2.925,77.462,76.91
5107,34,2023-05-01,43121,608.0,4.975,7.79,2.068,77.131,73.908
5108,34,2023-05-08,44407,725.0,3.296,6.932,1.086,76.841,79.2
5109,34,2023-05-15,45362,809.0,3.124,7.652,2.256,76.4,77.467
5110,34,2023-05-22,46856,938.0,3.448,6.974,2.632,76.376,76.612
5111,34,2023-05-29,47574,615.0,2.811,4.221,2.149,76.767,76.643
5112,34,2023-06-05,48536,569.0,2.135,5.745,2.775,75.619,83.979
5113,34,2023-06-12,49748,556.0,2.999,4.563,3.422,76.108,69.021
5114,34,2023-06-19,51289,1040.0,2.875,6.068,1.338,74.342,72.107
5115,34,2023-06-26,51857,722.0,3.394,6.29,1.959,75.65,83.158
5116,34,2023-07-03,53472,551.0,2.692,5.802,1.401,80.34,69.331
5117,34,2023-07-10,54854,1024.0,2.966,5.425,2.703,75.552,84.191
5118,34,2023-07-17,56517,502.0,4.352,5.079,5.869,74.735,75.913
5119,34,2023-07-24,58140,907.0,2.206,4.203,1.945,87.448,85.967
5120,34,2023-07-31,59181,1048.0,4.002,6.866,2.295,75.807,75.054
5121,34,2023-08-07,60107,856.0,3.56,7.127,2.184,78.385,71.437
5122,34,2023-08-14,61539,660.0,2.499,4.819,1.867,74.06,84.298
5123,34,2023-08-21,62799,1048.0,3.093,6.505,2.572,73.232,79.169
5124,34,2023-08-28,64099,443.0,3.957,4.96,1.46,78.439,68.35
5125,34,2023-09-04,65324,485.0,4.425,19.138,3.035,82.959,78.619
5126,34,2023-09-11,66521,729.0,2.379,11.283,1.552,73.69,87.989
5127,34,2023-09-18,67842,1008.0,2.447,5.759,3.48,77.735,79.654
5128,34,2023-09-25,69358,672.0,2.776,8.336,4.929,76.252,89.483
5129,34,2023-10-02,70787,1224.0,4.577,5.556,2.679,80.936,70.052
5130,34,2023-10-09,71770,513.0,3.741,6.946,2.259,74.764,75.464
5131,34,2023-10-16,72508,496.0,2.72,6.718,1.307,75.967,66.536
5132,34,2023-10-23,73548,821.0,2.26,6.65,1.425,77.936,79.171
5133,34,2023-10-30,74599,785.0,2.985,5.879,1.321,74.537,75.569
5134,34,2023-11-06,76765,425.0,2.289,8.294,4.134,73.919,75.04
5135,34,2023-11-13,77505,855.0,3.982,5.399,0.162,82.822,82.893
5136,34,2023-11-20,79205,498.0,4.253,9.332,2.052,78.168,85.653
5137,34,2023-11-27,80455,967.0,4.075,7.258,1.564,76.697,75.991
5138,34,2023-12-04,81533,1004.0,2.746,16.554,5.738,74.622,83.155
5139,34,2023-12-11,82624,737.0,3.133,7.901,3.363,81.272,84.474
5140,34,2023-12-18,83933,706.0,3.234,4.444,2.908,79.092,85.887
5141,34,2023-12-25,84553,806.0,5.024,18.5,2.225,76.569,78.547
5142,34,2024-01-01,85790,1074.0,3.738,10.968,1.626,75.354,78.732
5143,34,2024-01-08,87277,943.0,2.423,6.51,2.573,76.523,74.929
5144,34,2024-01-15,88617,893.0,4.169,4.997,3.421,75.007,82.721
5145,34,2024-01-22,89255,686.0,2.185,5.749,1.903,76.539,87.433
5146,34,2024-01-29,90671,785.0,2.888,6.886,4.678,75.112,69.368
5147,34,2024-02-05,91895,610.0,3.7,2.994,1.465,76.601,82.496
5148,34,2024-02-12,93338,632.0,2.653,5.916,1.818,78.677,71.061
5149,34,2024-02-26,94799,1181.0,3.288,5.959,2.261,75.399,76.021
5150,34,2024-03-04,95797,1183.0,4.108,0.36,2.718,78.006,86.468
5151,34,2024-03-11,96910,809.0,3.616,4.95,3.258,74.502,88.863
5152,34,2024-03-18,98403,614.0,3.393,4.133,2.34,76.462,82.593
5153,34,2024-03-25,99654,902.0,3.983,8.003,1.543,77.192,76.549
5154,34,2024-04-01,100446,887.0,2.964,6.549,1.866,75.416,64.145
5155,34,2024-04-08,101867,529.0,4.436,5.418,4.218,83.328,76.057
5156,34,2024-04-15,103324,464.0,3.668,6.857,2.884,75.973,75.055
5157,34,2024-04-22,104161,1016.0,2.959,3.723,3.246,76.143,88.489
5158,34,2024-04-29,105132,1391.0,2.922,12.85,1.826,75.52,81.544
5159,34,2024-05-06,106397,948.0,4.646,8.575,2.615,74.994,72.616
5160,34,2024-05-13,107308,398.0,2.636,12.264,2.079,76.667,71.267
5161,34,2024-05-20,109475,607.0,5.009,5.724,3.648,77.341,70.199
5162,34,2024-05-27,110874,476.0,3.339,7.578,1.603,75.24,70.507
5163,34,2024-06-03,112184,495.0,4.016,7.811,1.053,76.573,87.857
5164,34,2024-06-10,113355,486.0,4.298,4.428,1.409,74.659,80.234
5165,34,2024-06-17,114729,469.0,2.19,5.416,1.466,77.097,83.147
5166,34,2024-06-24,116042,736.0,3.064,5.088,1.951,75.825,92.517
5167,34,2024-07-01,117696,830.0,2.685,6.959,2.026,75.931,73.461
5168,34,2024-07-08,118886,885.0,3.187,7.628,2.92,81.047,86.777
5169,34,2024-07-15,119740,893.0,2.353,4.81,1.708,76.62,81.586
5170,34,2024-07-22,121063,1186.0,2.804,7.689,2.565,75.025,76.256
5171,34,2024-07-29,122499,443.0,3.858,3.834,2.512,75.429,68.36
5172,34,2024-08-05,123703,1097.0,5.255,3.808,2.825,77.342,82.863
5173,34,2024-08-12,124745,916.0,3.687,3.585,3.109,75.54,71.12
5174,34,2024-08-19,126554,1176.0,3.367,8.045,1.437,76.796,70.45
5175,34,2024-08-26,128092,448.0,1.99,4.281,1.567,74.423,73.521
5176,34,2024-09-02,129507,711.0,2.68,8.016,1.364,86.356,83.755
5177,34,2024-09-09,130196,763.0,1.83,4.084,1.049,76.017,83.265
5178,34,2024-09-16,132383,506.0,2.654,5.094,1.289,83.8,87.399
5179,34,2024-09-23,134741,828.0,4.087,5.498,1.524,82.695,75.702
5180,34,2024-09-30,136349,829.0,2.453,6.16,5.069,75.45,77.057
5181,34,2024-10-07,137535,895.0,2.763,7.122,1.519,80.499,74.746
5182,34,2024-10-14,139065,1015.0,2.181,5.768,4.074,78.277,73.49
5183,34,2024-10-21,140180,720.0,3.924,8.381,2.381,76.512,80.574
5184,34,2024-10-28,142037,841.0,2.533,3.502,2.582,76.294,75.909
5185,34,2024-11-04,142871,1158.0,2.593,5.207,2.031,76.587,79.123
5186,34,2024-11-11,144153,1223.0,4.796,7.022,3.165,75.877,91.115
5187,34,2024-11-18,145122,984.0,4.211,6.826,1.716,76.53,76.644
5188,34,2024-11-25,146365,806.0,2.314,7.072,2.011,75.718,77.196
5189,34,2024-12-02,147850,1240.0,4.339,4.512,1.57,76.508,72.475
5190,34,2024-12-09,149453,571.0,2.563,6.159,2.521,75.926,72.882
5191,34,2024-12-16,151308,492.0,4.363,7.435,2.711,77.934,73.033
5192,34,2024-12-23,152090,550.0,2.372,8.16,3.009,77.767,80.291
5193,34,2024-12-30,153389,594.0,4.04,6.673,1.549,74.1,77.344
5194,34,2025-01-06,154775,683.0,4.237,4.048,3.504,76.994,85.89
5195,34,2025-01-13,156455,418.0,2.751,1.377,1.52,78.494,86.262
5196,34,2025-01-20,158431,510.0,3.966,6.241,2.391,77.02,70.8
5197,34,2025-01-27,160286,663.0,4.716,4.483,1.111,75.761,80.139
5198,34,2025-02-03,161667,979.0,4.857,7.352,3.554,77.1,75.987
5199,34,2025-02-10,163593,645.0,2.892,6.714,0.992,77.604,70.122
5200,34,2025-02-17,164420,708.0,5.19,6.889,2.5,75.507,68.469
5201,34,2025-02-24,165100,1024.0,2.26,7.614,1.93,76.636,85.252
5202,34,2025-03-03,166373,1139.0,3.893,5.938,2.943,76.915,88.012
5203,34,2025-03-10,167953,564.0,5.442,3.874,2.731,74.909,84.83
5204,34,2025-03-17,168537,529.0,2.691,9.861,1.757,76.702,80.213
5205,34,2025-03-24,169854,681.0,3.179,6.471,3.036,74.567,71.178
5206,34,2025-03-31,171641,1099.0,4.546,5.281,2.176,75.499,86.231
5207,34,2025-04-07,173299,510.0,3.421,8.979,1.834,75.887,86.516
5208,34,2025-04-14,175662,671.0,3.247,8.242,2.719,73.983,76.125
5209,34,2025-04-21,176652,759.0,3.975,1.72,1.286,78.446,74.013
5210,34,2025-04-28,178570,555.0,4.055,6.169,2.158,76.127,68.347
5211,34,2025-05-05,180238,809.0,2.525,7.397,2.54,78.506,86.336
5212,34,2025-05-12,181129,651.0,3.127,5.672,2.857,76.737,65.359
5213,34,2025-05-19,182132,584.0,2.018,7.132,2.592,75.53,76.893
5214,34,2025-05-26,183992,976.0,5.517,6.496,5.192,75.461,68.695
5215,34,2025-06-02,184510,488.0,3.562,7.948,3.015,85.874,77.034
5216,34,2025-06-09,186069,780.0,2.442,6.24,1.243,83.314,78.978
5217,34,2025-06-16,186741,692.0,5.008,4.91,2.079,87.768,73.187
5218,34,2025-06-23,187987,615.0,4.415,2.795,3.156,75.467,84.035
5219,34,2025-06-30,189717,538.0,2.205,5.257,1.54,85.497,86.802
5220,34,2025-07-07,190422,1136.0,2.691,6.414,1.848,83.63,88.24
5221,34,2025-07-14,191485,1103.0,2.976,8.539,3.014,75.185,77.826
5222,34,2025-07-21,193192,489.0,4.016,7.326,3.128,75.318,70.013
5223,34,2025-07-28,194878,1435.0,3.738,6.528,1.801,78.472,76.428
5224,34,2025-08-04,195896,715.0,2.59,5.261,2.286,75.837,76.297
5225,34,2025-08-11,197274,626.0,2.847,11.258,1.1,74.263,81.423
5226,34,2025-08-18,198866,523.0,2.768,10.416,1.604,76.312,74.702
5227,34,2025-08-25,200237,539.0,3.584,5.898,2.562,76.693,71.764
5228,34,2025-09-01,202395,617.0,2.146,6.94,2.156,74.662,77.335
5229,34,2025-09-08,203572,414.0,2.946,5.165,1.157,76.244,80.72
5230,34,2025-09-15,205065,989.0,3.092,7.211,4.803,75.623,73.521
5231,34,2025-09-22,205766,914.0,3.19,7.637,3.16,77.523,81.071
5232,34,2025-09-29,207321,703.0,4.351,10.596,4.376,76.333,78.206
5233,34,2025-10-06,209136,559.0,4.834,5.472,1.749,73.183,76.133
5234,34,2025-10-13,210386,1314.0,2.257,3.88,2.118,77.353,77.564
5235,34,2025-10-20,211585,1183.0,3.946,6.503,2.882,76.309,75.166
5236,34,2025-10-27,213621,878.0,3.983,5.049,1.447,76.322,73.828
5237,34,2025-11-03,214465,975.0,4.705,5.243,1.514,83.028,71.25
5238,34,2025-11-10,215710,684.0,3.786,6.113,1.47,74.765,74.764
5239,34,2025-11-17,216959,916.0,4.537,7.719,7.138,76.894,74.348
5240,34,2025-11-24,218168,713.0,2.904,10.364,4.56,80.324,76.853
5241,34,2025-12-01,219017,1009.0,5.78,6.983,3.073,76.707,81.327
5242,34,2025-12-08,221209,387.0,3.453,12.94,3.142,75.537,75.621
5243,34,2025-12-15,222044,525.0,2.315,5.211,0.924,74.549,73.042
5244,34,2025-12-22,223290,637.0,4.003,6.706,2.737,78.477,77.467
5245,34,2025-12-29,223901,815.0,3.252,5.447,5.457,77.366,74.364
5246,35,2023-01-02,40266,607.0,3.801,7.848,1.266,75.049,74.305
5247,35,2023-01-09,41757,480.0,1.289,5.422,5.688,73.512,77.516
5248,35,2023-01-16,43504,966.0,3.058,12.695,2.902,77.898,89.194
5249,35,2023-01-23,45333,476.0,4.951,5.527,2.763,75.344,82.374
5250,35,2023-01-30,47014,1898.0,4.288,5.272,1.005,75.05,73.633
5251,35,2023-02-06,47583,843.0,4.641,14.534,1.459,77.019,82.927
5252,35,2023-02-13,48979,758.0,2.26,5.971,1.06,79.593,82.292
5253,35,2023-02-20,50507,547.0,2.289,13.826,1.616,76.575,82.878
5254,35,2023-02-27,51581,1123.0,2.21,5.535,1.773,77.227,83.675
5255,35,2023-03-06,52378,1517.0,3.209,4.542,3.573,77.516,68.374
5256,35,2023-03-13,53367,623.0,4.255,4.241,2.382,75.099,81.746
5257,35,2023-03-20,55123,797.0,2.441,5.729,1.705,76.235,66.083
5258,35,2023-03-27,56015,1050.0,2.832,17.193,1.853,77.635,76.972
5259,35,2023-04-03,57439,608.0,3.989,8.756,1.795,77.238,67.977
5260,35,2023-04-10,58848,619.0,2.867,9.089,2.05,76.077,88.262
5261,35,2023-04-17,60248,1243.0,1.842,3.982,2.612,77.496,83.328
5262,35,2023-04-24,61733,1365.0,2.687,6.731,2.895,76.523,69.09
5263,35,2023-05-01,63719,835.0,2.516,4.136,5.007,76.447,75.619
5264,35,2023-05-08,64823,399.0,3.968,5.377,0.498,84.144,81.444
5265,35,2023-05-15,66132,768.0,6.561,5.838,5.067,76.773,72.452
5266,35,2023-05-22,67284,682.0,4.55,7.768,1.519,74.764,81.588
5267,35,2023-05-29,68831,765.0,2.841,7.587,1.953,76.213,70.973
5268,35,2023-06-05,70259,471.0,2.128,3.653,1.875,74.928,80.011
5269,35,2023-06-12,71394,961.0,2.768,4.414,2.285,76.446,77.153
5270,35,2023-06-19,73025,807.0,2.643,5.23,1.688,76.53,81.359
5271,35,2023-06-26,73940,612.0,1.981,6.616,1.382,76.305,84.892
5272,35,2023-07-03,75168,952.0,3.779,6.637,2.408,76.034,71.318
5273,35,2023-07-10,76324,874.0,4.335,6.428,3.01,76.237,69.387
5274,35,2023-07-17,77774,557.0,3.548,5.785,1.449,77.609,83.954
5275,35,2023-07-24,78748,460.0,3.524,5.173,1.228,80.117,78.43
5276,35,2023-07-31,80104,598.0,4.635,7.555,1.265,75.491,77.125
5277,35,2023-08-07,81029,895.0,4.048,3.554,1.944,77.473,70.278
5278,35,2023-08-14,82301,579.0,4.38,8.426,2.358,76.218,84.939
5279,35,2023-08-21,83231,1137.0,3.66,6.354,6.191,77.287,85.359
5280,35,2023-08-28,84733,880.0,4.598,6.683,3.019,77.385,90.503
5281,35,2023-09-04,85496,941.0,2.391,8.356,2.032,85.072,80.138
5282,35,2023-09-11,86297,637.0,3.377,4.409,2.146,77.739,69.622
5283,35,2023-09-18,87574,920.0,4.88,6.171,0.986,76.316,82.299
5284,35,2023-09-25,88951,478.0,2.763,8.433,2.494,74.486,80.34
5285,35,2023-10-02,90487,639.0,4.432,6.281,1.946,75.085,79.301
5286,35,2023-10-09,91680,531.0,3.395,7.543,2.669,77.28,81.031
5287,35,2023-10-16,92622,650.0,3.854,5.583,1.705,75.134,77.709
5288,35,2023-10-23,94822,1089.0,2.688,5.597,2.11,76.992,69.08
5289,35,2023-10-30,97188,739.0,2.389,2.732,1.788,78.084,83.908
5290,35,2023-11-06,98276,654.0,4.244,4.489,2.168,76.347,82.901
5291,35,2023-11-13,99317,438.0,4.617,7.002,2.818,77.036,71.148
5292,35,2023-11-20,100456,1356.0,4.825,7.549,2.611,76.027,76.838
5293,35,2023-11-27,101438,777.0,2.878,5.31,1.928,77.343,90.109
5294,35,2023-12-04,102294,540.0,3.081,4.375,0.983,76.415,79.32
5295,35,2023-12-11,103012,796.0,4.128,8.325,2.253,75.327,76.276
5296,35,2023-12-18,104425,804.0,3.123,17.204,1.397,78.369,69.372
5297,35,2023-12-25,105010,643.0,2.098,9.988,2.691,78.957,85.827
5298,35,2024-01-01,106823,1123.0,3.543,4.175,1.444,76.406,82.206
5299,35,2024-01-08,108433,464.0,1.92,6.444,3.182,75.493,73.176
5300,35,2024-01-15,110169,552.0,2.793,4.857,2.766,79.764,74.176
5301,35,2024-01-22,110828,838.0,1.88,5.814,1.954,76.632,82.389
5302,35,2024-01-29,112106,918.0,3.75,6.006,2.362,80.337,79.349
5303,35,2024-02-05,113418,410.0,3.58,6.123,3.311,76.177,72.014
5304,35,2024-02-12,114706,762.0,4.514,7.358,2.05,85.283,75.912
5305,35,2024-02-19,116280,534.0,2.623,4.131,3.578,75.592,70.183
5306,35,2024-02-26,117510,902.0,4.315,9.897,2.121,76.263,80.062
5307,35,2024-03-04,118340,844.0,3.222,7.675,1.826,73.635,73.025
5308,35,2024-03-11,119711,683.0,4.88,5.695,1.718,77.142,72.158
5309,35,2024-03-18,120320,686.0,4.46,6.579,2.251,78.638,76.076
5310,35,2024-03-25,121419,541.0,2.112,1.959,2.778,74.537,72.186
5311,35,2024-04-01,122615,688.0,4.958,7.306,1.726,78.363,65.216
5312,35,2024-04-08,123504,468.0,5.429,3.969,2.518,76.381,75.757
5313,35,2024-04-15,124385,960.0,4.94,5.892,0.961,80.943,88.49
5314,35,2024-04-22,125714,802.0,4.118,6.483,1.732,87.64,90.777
5315,35,2024-04-29,127357,887.0,2.637,5.879,2.212,77.989,68.89
5316,35,2024-05-06,128909,827.0,5.245,5.061,2.664,76.376,82.823
5317,35,2024-05-13,130535,1041.0,2.839,8.973,2.36,74.561,85.595
5318,35,2024-05-20,132059,796.0,3.143,7.517,1.248,76.801,68.912
5319,35,2024-05-27,133206,1247.0,3.125,15.789,2.954,74.744,83.535
5320,35,2024-06-03,134206,565.0,5.255,9.795,1.951,76.215,74.09
5321,35,2024-06-10,135733,822.0,2.095,6.599,3.259,73.327,73.662
5322,35,2024-06-17,137071,829.0,3.582,5.129,2.298,85.702,66.917
5323,35,2024-06-24,138608,765.0,2.37,3.379,2.259,76.674,71.925
5324,35,2024-07-01,141178,1079.0,0.429,6.254,1.922,76.552,77.749
5325,35,2024-07-08,143046,934.0,2.714,10.766,1.4,77.196,71.561
5326,35,2024-07-15,144504,751.0,3.548,7.287,1.297,76.866,80.624
5327,35,2024-07-22,146022,563.0,4.614,6.512,1.64,73.731,74.4
5328,35,2024-07-29,147390,739.0,2.465,8.192,2.753,74.697,87.951
5329,35,2024-08-05,148342,1344.0,2.266,4.865,2.207,80.694,75.421
5330,35,2024-08-12,150221,1312.0,2.478,6.6,3.716,77.899,80.457
5331,35,2024-08-19,152421,568.0,3.921,4.831,1.143,74.245,73.636
5332,35,2024-08-26,153775,850.0,3.42,6.372,3.08,76.743,68.932
5333,35,2024-09-02,155386,477.0,2.964,2.488,2.586,76.476,75.241
5334,35,2024-09-09,156689,732.0,3.42,9.568,3.028,76.596,76.665
5335,35,2024-09-16,157735,915.0,2.488,3.106,1.492,76.03,76.28
5336,35,2024-09-23,159593,599.0,2.863,10.512,1.962,76.584,78.745
5337,35,2024-09-30,160982,664.0,4.053,7.267,3.095,77.135,83.868
5338,35,2024-10-07,162483,547.0,2.971,3.544,3.338,75.287,73.4
5339,35,2024-10-14,163179,740.0,3.242,7.91,1.111,75.656,88.252
5340,35,2024-10-21,164261,587.0,4.002,4.423,3.168,74.624,73.734
5341,35,2024-10-28,164841,659.0,3.582,4.822,2.175,76.393,73.335
5342,35,2024-11-04,166043,737.0,2.655,3.539,1.755,75.261,69.942
5343,35,2024-11-11,167509,856.0,4.044,5.829,2.46,73.86,71.047
5344,35,2024-11-18,168773,508.0,4.289,5.673,2.1,76.173,80.357
5345,35,2024-11-25,169706,1283.0,3.663,8.05,3.362,76.004,83.539
5346,35,2024-12-02,170743,525.0,4.476,6.327,0.298,75.788,87.857
5347,35,2024-12-09,172440,1367.0,5.399,8.113,2.228,76.117,73.433
5348,35,2024-12-16,173425,831.0,3.12,5.258,1.273,83.949,70.138
5349,35,2024-12-23,174770,767.0,4.658,16.154,1.863,77.347,70.365
5350,35,2024-12-30,175781,1073.0,3.205,6.745,4.397,75.799,80.934
5351,35,2025-01-06,177441,1424.0,3.41,8.954,1.957,77.88,72.71
5352,35,2025-01-13,178346,521.0,2.73,4.818,1.827,74.066,85.271
5353,35,2025-01-20,179050,679.0,3.552,5.827,2.606,76.871,66.184
5354,35,2025-01-27,180352,656.0,2.676,6.345,2.529,75.812,66.33
5355,35,2025-02-03,181442,532.0,2.28,4.441,1.779,74.221,74.035
5356,35,2025-02-10,182270,1037.0,2.942,5.083,1.921,76.121,86.701
5357,35,2025-02-17,183487,999.0,2.365,6.749,2.48,78.365,69.481
5358,35,2025-02-24,184935,361.0,2.458,7.597,1.868,78.216,82.567
5359,35,2025-03-03,186351,775.0,3.205,7.581,1.241,76.428,71.212
5360,35,2025-03-10,187812,1008.0,2.54,9.542,1.275,72.986,66.971
5361,35,2025-03-17,189269,513.0,3.741,6.946,2.259,74.764,75.464
5362,35,2025-03-24,189882,733.0,4.54,3.974,4.09,78.539,79.908
5363,35,2025-03-31,191408,469.0,3.284,7.384,2.733,77.017,75.233
5364,35,2025-04-07,193032,1366.0,4.15,5.548,2.258,80.925,78.232
5365,35,2025-04-14,194188,1124.0,3.785,3.145,1.09,86.25,85.125
5366,35,2025-04-21,195174,985.0,3.658,3.692,2.109,77.773,84.187
5367,35,2025-04-28,196969,698.0,3.105,15.956,1.366,75.287,78.033
5368,35,2025-05-05,198575,612.0,4.125,5.371,2.311,77.631,89.008
5369,35,2025-05-12,199712,750.0,4.866,13.057,2.016,77.395,78.436
5370,35,2025-05-19,201105,629.0,1.844,6.115,1.923,77.246,79.322
5371,35,2025-05-26,201877,407.0,2.471,4.288,0.924,76.557,85.602
5372,35,2025-06-02,203018,757.0,2.375,6.155,1.234,75.869,71.897
5373,35,2025-06-09,204483,786.0,2.62,7.045,2.075,77.001,86.407
5374,35,2025-06-16,206035,651.0,4.137,8.303,6.509,74.126,67.827
5375,35,2025-06-23,207037,463.0,2.167,8.877,3.306,78.912,81.878
5376,35,2025-06-30,208814,929.0,2.472,6.597,3.539,75.609,75.881
5377,35,2025-07-07,209591,1056.0,2.794,3.956,3.089,80.614,80.654
5378,35,2025-07-14,210776,534.0,3.432,8.423,1.566,74.823,71.783
5379,35,2025-07-21,212156,1094.0,2.425,5.601,1.912,77.922,83.957
5380,35,2025-07-28,213743,560.0,2.827,11.731,1.832,77.183,70.765
5381,35,2025-08-04,214787,1258.0,2.63,7.346,2.658,76.083,83.105
5382,35,2025-08-11,215108,763.0,2.527,4.759,1.725,77.598,86.975
5383,35,2025-08-18,216730,484.0,2.711,5.136,1.739,76.471,81.245
5384,35,2025-08-25,217586,559.0,5.664,5.071,2.49,78.017,76.165
5385,35,2025-09-01,219076,791.0,4.385,6.463,1.741,78.259,87.276
5386,35,2025-09-08,220479,790.0,4.184,6.65,3.372,75.755,82.967
5387,35,2025-09-15,221106,712.0,3.27,6.76,3.383,76.8,76.503
5388,35,2025-09-22,222246,815.0,3.399,5.063,3.444,76.714,72.863
5389,35,2025-09-29,223641,1087.0,4.295,3.273,2.087,85.178,75.427
5390,35,2025-10-06,224779,736.0,4.213,2.561,2.905,81.945,78.477
5391,35,2025-10-13,226169,568.0,3.889,12.228,1.976,78.549,77.009
5392,35,2025-10-20,227716,470.0,2.424,6.259,2.821,75.91,83.821
5393,35,2025-10-27,228717,432.0,2.116,6.808,2.654,75.926,72.467
5394,35,2025-11-03,229670,685.0,4.613,6.233,2.408,77.23,83.386
5395,35,2025-11-10,231029,704.0,3.628,6.208,2.092,78.01,82.768
5396,35,2025-11-17,231984,524.0,4.073,6.866,1.352,75.718,86.261
5397,35,2025-11-24,233656,634.0,3.792,11.745,1.707,82.044,77.249
5398,35,2025-12-01,235214,640.0,3.303,12.052,3.267,76.68,84.327
5399,35,2025-12-08,236068,940.0,4.541,7.158,1.407,76.642,72.079
5400,35,2025-12-15,237461,761.0,2.565,5.323,2.876,76.225,86.548
5401,35,2025-12-22,238619,1090.0,2.272,4.796,3.155,75.296,80.053
5402,35,2025-12-29,239307,751.0,2.714,5.363,1.024,76.318,68.576
5403,36,2023-01-02,112232,516.0,4.373,1.428,1.462,84.068,72.221
5404,36,2023-01-09,113300,871.0,1.051,5.51,5.547,82.974,70.907
5405,36,2023-01-16,114356,559.0,4.834,5.472,1.749,73.183,76.133
5406,36,2023-01-23,115554,513.0,3.266,13.728,1.57,77.887,75.651
5407,36,2023-01-30,116924,739.0,4.407,5.551,2.037,78.104,77.825
5408,36,2023-02-06,117698,756.0,3.158,9.434,3.019,78.024,87.615
5409,36,2023-02-13,119389,1186.0,2.804,7.689,2.565,75.025,76.256
5410,36,2023-02-20,119785,418.0,2.538,2.945,2.603,78.015,76.493
5411,36,2023-02-27,121377,597.0,2.14,4.538,2.375,72.851,81.838
5412,36,2023-03-06,122883,688.0,3.661,4.639,4.228,78.516,78.953
5413,36,2023-03-13,124332,478.0,2.209,3.112,1.971,77.969,87.774
5414,36,2023-03-20,125357,1361.0,2.012,5.063,2.548,76.694,72.798
5415,36,2023-03-27,126340,969.0,2.566,6.042,1.405,74.246,67.764
5416,36,2023-04-03,127371,753.0,2.003,9.155,1.759,75.413,81.638
5417,36,2023-04-10,128331,555.0,3.096,5.185,3.346,74.287,80.45
5418,36,2023-04-17,130712,618.0,2.586,3.675,1.872,75.3,76.218
5419,36,2023-04-24,132171,422.0,4.256,3.689,2.33,74.544,90.817
5420,36,2023-05-01,133820,517.0,4.181,5.445,1.249,77.638,79.015
5421,36,2023-05-08,134216,606.0,2.295,10.112,4.759,80.715,77.901
5422,36,2023-05-15,135567,473.0,3.708,19.51,3.727,74.13,71.775
5423,36,2023-05-22,136221,863.0,2.91,5.537,1.044,77.057,86.398
5424,36,2023-05-29,138037,1040.0,3.869,4.187,2.104,77.514,85.032
5425,36,2023-06-05,139414,1245.0,3.998,5.16,2.024,85.602,75.891
5426,36,2023-06-12,141144,609.0,3.615,6.549,4.757,81.126,82.382
5427,36,2023-06-19,141907,694.0,2.638,6.641,2.924,75.428,74.994
5428,36,2023-06-26,143656,1089.0,4.099,5.232,1.791,75.296,90.67
5429,36,2023-07-03,145797,1000.0,2.318,11.639,2.342,76.538,94.049
5430,36,2023-07-10,146859,803.0,3.386,6.169,1.735,76.927,71.597
5431,36,2023-07-17,148052,818.0,4.929,1.786,2.17,77.514,76.357
5432,36,2023-07-24,149311,1082.0,2.201,6.716,2.523,77.118,88.18
5433,36,2023-07-31,150677,503.0,3.686,4.829,3.727,80.732,80.118
5434,36,2023-08-07,152074,349.0,3.025,8.336,2.98,77.129,87.039
5435,36,2023-08-14,153497,937.0,1.985,5.483,2.184,76.093,75.367
5436,36,2023-08-21,154727,876.0,4.747,3.129,0.351,77.31,72.672
5437,36,2023-08-28,156522,391.0,4.298,9.092,1.885,74.504,65.072
5438,36,2023-09-04,157675,928.0,2.429,8.357,1.94,74.984,76.112
5439,36,2023-09-11,158707,864.0,4.467,6.942,1.784,74.287,84.559
5440,36,2023-09-18,160091,698.0,2.78,8.481,1.992,79.043,74.153
5441,36,2023-09-25,161008,848.0,5.139,6.155,1.07,76.193,73.178
5442,36,2023-10-02,162352,626.0,3.869,5.716,1.846,75.029,69.312
5443,36,2023-10-09,163930,955.0,2.395,6.369,1.982,74.624,80.35
5444,36,2023-10-16,165242,1017.0,4.042,8.354,1.173,74.198,74.519
5445,36,2023-10-23,167153,927.0,2.544,6.639,3.777,89.214,79.814
5446,36,2023-10-30,168106,703.0,4.351,10.596,4.376,76.333,78.206
5447,36,2023-11-06,168810,1022.0,1.792,7.351,1.474,73.581,82.005
5448,36,2023-11-13,170101,1132.0,3.981,8.044,2.914,77.602,66.547
5449,36,2023-11-20,170855,548.0,3.08,5.738,3.368,74.333,80.431
5450,36,2023-11-27,173140,1085.0,3.456,6.961,2.005,77.935,74.985
5451,36,2023-12-04,174716,582.0,3.469,10.769,3.093,81.048,83.662
5452,36,2023-12-11,176798,1368.0,4.524,12.732,3.485,80.518,80.465
5453,36,2023-12-18,178405,523.0,3.894,7.403,1.326,75.842,71.795
5454,36,2023-12-25,179971,949.0,3.982,6.795,1.133,77.624,73.665
5455,36,2024-01-01,180646,428.0,4.817,7.381,3.067,74.598,68.051
5456,36,2024-01-08,182384,928.0,3.642,7.095,3.367,76.687,82.529
5457,36,2024-01-15,183541,731.0,3.437,4.543,2.777,78.757,76.806
5458,36,2024-01-22,184943,1173.0,4.906,5.457,1.767,84.294,82.86
5459,36,2024-02-05,187080,853.0,2.965,4.428,2.632,75.462,75.931
5460,36,2024-02-12,188575,559.0,5.206,8.685,3.098,75.471,67.491
5461,36,2024-02-19,189133,730.0,3.384,4.502,2.74,81.13,87.558
5462,36,2024-02-26,189991,755.0,3.141,7.618,2.011,75.803,81.385
5463,36,2024-03-04,191837,875.0,2.441,7.272,2.414,77.619,80.203
5464,36,2024-03-11,193027,833.0,4.658,5.991,2.944,75.061,85.499
5465,36,2024-03-18,194300,502.0,4.352,5.079,5.869,74.735,75.913
5466,36,2024-03-25,195409,873.0,3.128,9.425,3.085,77.302,82.49
5467,36,2024-04-01,196682,1435.0,3.738,6.528,1.801,78.472,76.428
5468,36,2024-04-08,198772,1087.0,3.848,2.585,1.714,75.919,77.461
5469,36,2024-04-15,200368,641.0,2.49,9.38,2.363,75.978,72.626
5470,36,2024-04-22,201142,733.0,4.404,4.9,2.285,76.366,84.254
5471,36,2024-04-29,201841,1381.0,2.198,7.444,2.241,82.824,80.398
5472,36,2024-05-06,203360,913.0,2.869,4.351,1.792,76.178,87.239
5473,36,2024-05-13,205446,735.0,2.58,4.715,5.049,75.797,88.071
5474,36,2024-05-20,206283,663.0,4.716,4.483,1.111,75.761,80.139
5475,36,2024-05-27,207420,892.0,2.786,6.018,1.516,75.01,74.292
5476,36,2024-06-03,209073,648.0,4.226,12.894,3.463,74.839,74.56
5477,36,2024-06-10,210282,960.0,3.808,1.68,2.04,76.825,74.179
5478,36,2024-06-17,212629,466.0,5.298,6.816,1.567,85.353,87.195
5479,36,2024-06-24,214117,968.0,2.962,5.093,1.098,75.53,81.091
5480,36,2024-07-01,215456,1260.0,4.636,3.028,2.631,78.547,69.768
5481,36,2024-07-08,217003,822.0,2.842,3.602,1.601,82.611,80.676
5482,36,2024-07-15,217888,729.0,2.826,6.783,5.185,77.593,73.159
5483,36,2024-07-22,219184,547.0,2.072,7.475,2.702,75.683,86.632
5484,36,2024-07-29,220550,1048.0,4.586,5.969,1.485,75.736,73.783
5485,36,2024-08-05,221698,509.0,5.183,7.335,6.713,76.874,72.602
5486,36,2024-08-12,222381,782.0,5.018,8.37,1.835,75.294,86.966
5487,36,2024-08-19,223825,602.0,5.675,4.76,0.748,76.026,83.147
5488,36,2024-08-26,225566,1336.0,2.719,8.628,1.76,75.015,89.651
5489,36,2024-09-02,226567,887.0,3.084,5.589,2.131,75.43,73.464
5490,36,2024-09-09,227538,539.0,1.019,11.443,2.706,87.442,83.851
5491,36,2024-09-16,228999,611.0,3.245,10.388,2.397,76.05,76.809
5492,36,2024-09-23,230795,559.0,2.908,10.116,2.188,77.506,83.963
5493,36,2024-09-30,231424,1108.0,2.998,7.539,0.948,77.522,72.538
5494,36,2024-10-07,232864,668.0,3.613,3.627,1.176,76.099,81.68
5495,36,2024-10-14,234205,717.0,4.594,7.8,2.037,77.367,70.885
5496,36,2024-10-21,235866,907.0,5.652,8.047,4.844,76.607,85.0
5497,36,2024-10-28,237766,632.0,3.766,4.251,1.816,76.312,77.672
5498,36,2024-11-04,239247,806.0,3.86,5.066,1.739,80.765,67.32
5499,36,2024-11-11,240092,359.0,2.828,6.701,1.554,77.224,77.778
5500,36,2024-11-18,241645,589.0,2.507,12.499,2.999,74.392,79.831
5501,36,2024-11-25,242674,774.0,5.533,4.141,1.698,75.258,70.296
5502,36,2024-12-02,243656,760.0,4.895,10.032,1.965,76.577,75.719
5503,36,2024-12-09,244313,552.0,3.913,4.786,3.748,77.771,88.087
5504,36,2024-12-16,245232,1041.0,5.757,9.233,2.186,77.041,72.767
5505,36,2024-12-23,246483,755.0,3.254,7.125,2.519,80.107,82.943
5506,36,2024-12-30,247886,724.0,2.06,5.518,3.313,74.282,87.261
5507,36,2025-01-06,248754,802.0,1.383,8.789,1.151,76.351,81.538
5508,36,2025-01-13,249639,478.0,3.294,3.611,1.719,77.069,81.002
5509,36,2025-01-20,250794,1385.0,2.857,5.272,2.005,75.62,85.382
5510,36,2025-01-27,252114,561.0,2.102,6.704,1.763,74.651,82.871
5511,36,2025-02-03,253395,545.0,4.831,5.359,1.018,77.104,83.768
5512,36,2025-02-10,255435,936.0,4.616,6.865,2.056,76.931,81.342
5513,36,2025-02-17,256178,620.0,3.04,12.27,2.339,76.15,76.52
5514,36,2025-02-24,257034,814.0,2.313,9.318,2.876,84.321,75.474
5515,36,2025-03-03,258442,733.0,3.309,11.871,1.975,74.444,84.315
5516,36,2025-03-10,260176,1272.0,2.888,13.654,2.529,77.563,75.615
5517,36,2025-03-17,261617,1272.0,3.797,6.709,3.506,73.112,83.284
5518,36,2025-03-24,263077,623.0,2.528,5.343,1.61,76.672,87.722
5519,36,2025-03-31,263668,1086.0,4.508,5.901,1.191,75.3,69.165
5520,36,2025-04-07,264561,789.0,3.013,5.713,1.574,75.711,86.594
5521,36,2025-04-14,265917,487.0,4.213,6.327,5.384,81.743,74.339
5522,36,2025-04-21,266788,605.0,3.894,5.298,5.027,86.704,72.099
5523,36,2025-04-28,268230,1255.0,2.182,4.597,1.329,86.809,85.188
5524,36,2025-05-05,269985,428.0,3.84,5.791,2.237,74.269,72.483
5525,36,2025-05-12,271165,778.0,2.077,7.364,5.228,72.851,76.838
5526,36,2025-05-19,272337,571.0,2.391,4.431,2.722,82.876,75.156
5527,36,2025-05-26,273713,627.0,3.938,3.24,2.168,76.337,86.365
5528,36,2025-06-02,274378,494.0,5.316,5.117,1.666,75.746,74.657
5529,36,2025-06-09,275472,572.0,4.752,6.834,2.36,76.365,66.787
5530,36,2025-06-23,276653,781.0,4.011,6.703,1.395,75.427,79.694
5531,36,2025-06-30,278795,915.0,4.783,5.174,1.332,77.949,75.034
5532,36,2025-07-07,279862,523.0,3.752,5.065,2.337,76.685,82.665
5533,36,2025-07-14,281037,555.0,2.32,7.549,2.576,76.832,89.176
5534,36,2025-07-21,282150,869.0,2.209,6.471,0.594,77.283,69.974
5535,36,2025-07-28,283365,403.0,4.356,8.798,1.684,86.167,77.712
5536,36,2025-08-04,285035,602.0,2.414,6.673,5.756,75.308,79.883
5537,36,2025-08-11,286102,705.0,1.75,6.177,1.393,85.651,80.555
5538,36,2025-08-18,287630,725.0,2.925,4.711,2.907,86.316,83.092
5539,36,2025-08-25,288812,911.0,1.997,4.37,1.602,77.768,78.389
5540,36,2025-09-01,289909,1184.0,3.66,11.954,1.57,76.659,80.222
5541,36,2025-09-08,291395,1456.0,2.863,6.165,3.053,76.781,81.048
5542,36,2025-09-15,292395,800.0,2.406,6.55,1.236,75.846,77.942
5543,36,2025-09-22,293249,769.0,2.788,4.623,3.161,77.085,81.048
5544,36,2025-09-29,294683,592.0,2.871,5.81,2.322,78.389,77.541
5545,36,2025-10-06,295369,1489.0,2.655,12.816,1.603,81.275,89.613
5546,36,2025-10-13,295910,703.0,4.286,5.133,1.939,74.866,80.346
5547,36,2025-10-20,297315,557.0,3.548,5.785,1.449,77.609,83.954
5548,36,2025-10-27,298473,739.0,4.115,11.4,2.801,75.746,64.854
5549,36,2025-11-03,300095,495.0,4.016,7.811,1.053,76.573,87.857
5550,36,2025-11-10,301548,631.0,2.903,5.791,1.552,77.002,79.849
5551,36,2025-11-17,303217,530.0,2.885,10.979,1.766,76.301,73.145
5552,36,2025-11-24,304632,733.0,2.224,6.166,2.981,81.687,89.06
5553,36,2025-12-01,306578,540.0,4.117,9.049,2.516,77.252,81.545
5554,36,2025-12-08,307258,733.0,2.892,8.158,1.705,74.784,80.641
5555,36,2025-12-15,308106,1023.0,3.029,18.345,1.008,78.402,77.146
5556,36,2025-12-22,309431,641.0,3.538,4.708,2.676,74.404,86.8
5557,36,2025-12-29,311133,633.0,3.014,6.479,1.335,83.213,79.617
5558,37,2023-01-02,22661,1482.0,4.154,4.946,2.184,81.736,92.735
5559,37,2023-01-09,24430,895.0,0.104,7.665,1.906,74.774,74.63
5560,37,2023-01-23,25256,1229.0,1.758,5.268,2.94,76.741,77.827
5561,37,2023-01-30,26676,602.0,6.167,12.256,0.343,76.666,76.418
5562,37,2023-02-06,27971,919.0,3.932,5.42,2.656,76.078,81.985
5563,37,2023-02-13,28323,610.0,2.741,12.885,1.087,74.777,87.581
5564,37,2023-02-20,29281,696.0,3.094,8.292,1.222,77.18,73.624
5565,37,2023-02-27,30094,577.0,2.518,6.503,2.237,81.274,78.085
5566,37,2023-03-06,31035,1383.0,1.417,9.572,1.628,75.653,84.454
5567,37,2023-03-13,32466,576.0,1.655,6.678,1.919,77.643,77.759
5568,37,2023-03-20,33242,673.0,5.207,8.83,2.865,82.618,82.638
5569,37,2023-03-27,34792,566.0,5.288,8.779,3.151,74.802,75.469
5570,37,2023-04-03,36096,1294.0,4.461,6.811,1.182,78.226,85.019
5571,37,2023-04-10,37307,716.0,3.047,7.891,1.846,75.836,93.75
5572,37,2023-04-17,38495,1195.0,3.447,5.943,2.918,75.955,71.75
5573,37,2023-04-24,40065,469.0,3.931,8.342,2.936,78.929,73.572
5574,37,2023-05-01,41749,659.0,2.084,13.837,1.526,76.721,72.599
5575,37,2023-05-08,43502,872.0,3.297,5.515,0.942,78.004,74.363
5576,37,2023-05-15,44595,857.0,3.831,5.561,1.785,75.858,87.513
5577,37,2023-05-22,46095,1059.0,1.826,7.889,1.985,76.477,81.181
5578,37,2023-05-29,47607,942.0,6.108,4.772,1.743,75.504,79.585
5579,37,2023-06-05,48577,1370.0,3.084,8.587,1.714,78.214,84.834
5580,37,2023-06-12,50466,564.0,4.035,4.595,2.837,76.189,85.646
5581,37,2023-06-19,51198,808.0,3.441,0.706,3.338,76.221,71.547
5582,37,2023-06-26,52114,1095.0,1.781,6.519,1.561,74.02,91.095
5583,37,2023-07-03,53798,498.0,3.077,8.257,2.855,75.185,70.081
5584,37,2023-07-10,55918,922.0,3.658,8.462,1.103,76.624,86.69
5585,37,2023-07-17,57108,1488.0,3.936,3.404,2.299,89.14,81.981
5586,37,2023-07-24,58369,932.0,2.146,5.141,1.354,74.529,69.285
5587,37,2023-07-31,59391,886.0,3.305,6.514,3.217,77.144,77.077
5588,37,2023-08-07,60831,654.0,4.364,5.394,1.065,77.064,67.107
5589,37,2023-08-14,62314,1352.0,2.988,7.585,3.015,73.829,73.485
5590,37,2023-08-21,63957,704.0,2.354,4.91,1.232,77.224,82.852
5591,37,2023-08-28,65338,508.0,2.79,6.394,1.722,76.953,88.49
5592,37,2023-09-04,66683,546.0,3.693,6.413,1.855,75.248,70.457
5593,37,2023-09-11,68212,887.0,3.427,1.225,1.743,75.949,80.695
5594,37,2023-09-18,69572,884.0,2.905,4.926,2.31,82.144,81.322
5595,37,2023-09-25,70597,673.0,2.988,5.221,1.962,75.429,73.868
5596,37,2023-10-02,72406,652.0,3.299,4.424,2.321,75.233,71.709
5597,37,2023-10-09,74501,525.0,3.916,12.667,2.891,75.455,76.925
5598,37,2023-10-16,75831,556.0,3.154,3.706,1.647,77.054,88.693
5599,37,2023-10-23,76608,1048.0,4.705,7.861,1.856,75.597,88.95
5600,37,2023-10-30,78053,1328.0,5.229,6.659,2.335,77.776,78.91
5601,37,2023-11-06,80226,606.0,2.828,11.63,3.506,76.921,65.248
5602,37,2023-11-13,81512,1297.0,2.808,5.653,2.773,75.635,73.451
5603,37,2023-11-20,82174,590.0,2.309,6.167,2.057,77.152,72.579
5604,37,2023-11-27,83659,504.0,2.238,1.031,5.351,77.04,82.827
5605,37,2023-12-04,84554,712.0,3.56,6.046,2.531,74.364,73.511
5606,37,2023-12-11,85504,897.0,2.318,7.473,1.739,78.052,83.014
5607,37,2023-12-18,87034,758.0,3.719,6.993,1.238,76.522,78.767
5608,37,2023-12-25,88471,1019.0,4.706,7.255,1.279,75.37,69.301
5609,37,2024-01-01,90152,661.0,1.92,5.937,1.304,76.302,85.301
5610,37,2024-01-08,91296,798.0,2.322,7.675,1.832,77.123,72.51
5611,37,2024-01-15,92909,971.0,5.27,6.737,1.627,75.991,78.346
5612,37,2024-01-22,94471,680.0,1.798,8.624,2.984,75.331,73.618
5613,37,2024-01-29,96292,317.0,3.863,5.427,0.412,77.273,73.427
5614,37,2024-02-05,97082,537.0,0.436,13.894,2.018,78.586,78.011
5615,37,2024-02-12,98100,525.0,4.572,8.392,1.507,78.139,78.713
5616,37,2024-02-19,99396,532.0,2.458,6.208,1.902,83.913,82.844
5617,37,2024-02-26,100812,382.0,3.604,5.636,3.069,76.186,80.037
5618,37,2024-03-04,102247,867.0,2.767,9.886,2.739,76.101,71.635
5619,37,2024-03-11,103074,649.0,2.477,5.283,1.371,80.144,68.685
5620,37,2024-03-18,104181,821.0,2.416,8.474,2.2,76.029,69.301
5621,37,2024-03-25,105231,1130.0,3.858,6.49,2.09,75.959,70.888
5622,37,2024-04-01,106931,574.0,4.57,3.764,3.76,75.746,83.35
5623,37,2024-04-08,108289,925.0,2.442,5.565,1.358,75.182,78.992
5624,37,2024-04-15,109160,1014.0,5.212,6.863,1.768,74.321,80.113
5625,37,2024-04-22,110574,960.0,3.015,6.615,3.37,80.04,79.381
5626,37,2024-04-29,111678,623.0,5.572,7.666,2.127,77.001,80.012
5627,37,2024-05-06,113198,518.0,3.394,7.606,2.825,75.572,79.024
5628,37,2024-05-13,114735,674.0,4.823,4.547,4.62,85.741,83.958
5629,37,2024-05-20,116380,418.0,5.205,7.971,2.328,76.175,79.739
5630,37,2024-05-27,117072,894.0,3.0,7.384,2.244,83.484,76.269
5631,37,2024-06-03,118284,616.0,4.858,4.415,2.707,77.042,74.427
5632,37,2024-06-10,120201,418.0,3.234,6.637,2.726,78.387,81.79
5633,37,2024-06-17,120872,708.0,2.558,4.578,1.761,79.755,78.597
5634,37,2024-06-24,122902,862.0,4.418,6.753,1.486,78.359,75.293
5635,37,2024-07-01,124234,675.0,3.141,6.207,1.753,77.58,76.916
5636,37,2024-07-08,124868,1280.0,2.447,8.028,2.123,77.25,73.384
5637,37,2024-07-15,126252,919.0,5.402,4.684,2.804,80.96,84.103
5638,37,2024-07-22,127872,838.0,3.825,4.06,1.361,75.265,74.001
5639,37,2024-07-29,129501,1234.0,2.324,4.383,3.055,82.827,77.142
5640,37,2024-08-05,131183,407.0,2.06,7.772,1.722,75.741,67.702
5641,37,2024-08-12,132327,1154.0,2.297,6.496,1.715,76.767,87.388
5642,37,2024-08-19,133479,901.0,3.21,11.725,6.059,82.193,69.193
5643,37,2024-08-26,134494,620.0,2.047,6.215,1.037,74.944,81.747
5644,37,2024-09-02,135946,645.0,5.331,8.958,3.04,75.542,77.363
5645,37,2024-09-09,136985,872.0,4.812,3.247,2.32,73.831,66.781
5646,37,2024-09-16,138454,1118.0,2.834,6.582,3.119,77.651,84.716
5647,37,2024-09-23,139345,888.0,2.898,5.806,1.195,77.282,70.527
5648,37,2024-09-30,140373,919.0,3.616,5.616,3.022,76.919,78.004
5649,37,2024-10-07,141744,893.0,2.818,6.621,1.568,75.805,74.363
5650,37,2024-10-14,142584,482.0,2.821,5.0,0.956,78.046,87.42
5651,37,2024-10-21,143621,377.0,2.03,4.898,2.216,76.184,81.859
5652,37,2024-10-28,144649,582.0,2.607,3.667,1.324,75.419,76.794
5653,37,2024-11-04,146334,914.0,2.981,18.518,2.666,85.484,82.449
5654,37,2024-11-18,148540,813.0,4.605,3.373,1.521,76.948,78.726
5655,37,2024-11-25,149437,714.0,5.348,7.336,5.377,75.233,79.1
5656,37,2024-12-02,151082,813.0,2.322,6.779,0.475,79.984,78.082
5657,37,2024-12-09,152476,529.0,2.466,6.929,2.372,80.955,82.521
5658,37,2024-12-16,153778,1132.0,4.431,11.979,1.108,78.637,85.292
5659,37,2024-12-23,154453,1601.0,2.483,9.463,1.781,75.603,86.825
5660,37,2024-12-30,155584,861.0,3.146,12.338,4.28,74.982,82.564
5661,37,2025-01-06,156956,619.0,4.171,6.555,1.735,82.525,67.228
5662,37,2025-01-13,157835,841.0,2.097,4.827,3.227,79.033,73.746
5663,37,2025-01-20,158986,599.0,4.453,4.336,1.548,80.882,78.143
5664,37,2025-01-27,160112,620.0,4.085,5.916,1.931,83.642,88.313
5665,37,2025-02-03,161893,790.0,2.089,2.739,1.617,75.831,82.429
5666,37,2025-02-10,162989,821.0,2.074,3.655,1.796,77.285,72.182
5667,37,2025-02-17,164119,913.0,3.61,7.313,2.183,79.608,83.315
5668,37,2025-02-24,165049,469.0,3.284,7.384,2.733,77.017,75.233
5669,37,2025-03-03,166400,825.0,5.251,4.788,1.089,75.804,71.373
5670,37,2025-03-10,167457,430.0,2.519,10.991,1.776,76.549,71.556
5671,37,2025-03-17,169394,421.0,1.938,1.934,1.895,75.043,75.742
5672,37,2025-03-24,171325,778.0,2.115,11.197,1.804,74.146,83.483
5673,37,2025-03-31,172516,997.0,4.723,7.927,1.531,75.838,76.961
5674,37,2025-04-07,174172,753.0,2.228,4.458,1.937,76.536,71.533
5675,37,2025-04-14,175051,567.0,0.614,4.467,1.902,76.958,85.755
5676,37,2025-05-05,177840,1611.0,5.305,5.822,1.273,76.272,72.393
5677,37,2025-05-12,179343,791.0,5.589,5.26,2.682,76.841,76.232
5678,37,2025-05-19,180404,878.0,4.525,18.529,2.654,84.084,77.522
5679,37,2025-05-26,181577,594.0,2.335,6.493,1.382,75.71,77.604
5680,37,2025-06-02,182683,1017.0,3.864,5.814,1.482,74.884,89.379
5681,37,2025-06-09,184458,589.0,3.256,4.668,3.006,77.019,78.699
5682,37,2025-06-16,186056,818.0,2.499,8.811,2.661,77.023,86.181
5683,37,2025-06-23,186989,489.0,2.659,9.229,1.441,75.418,72.278
5684,37,2025-07-07,188871,655.0,4.155,8.472,3.379,81.707,78.805
5685,37,2025-07-14,190296,494.0,4.496,5.136,2.2,76.808,83.113
5686,37,2025-07-21,191704,681.0,2.275,6.053,2.511,77.346,67.783
5687,37,2025-07-28,192409,1283.0,3.663,8.05,3.362,76.004,83.539
5688,37,2025-08-04,193331,1108.0,2.755,7.591,4.52,76.027,80.046
5689,37,2025-08-11,194533,804.0,2.448,8.628,1.511,75.27,71.347
5690,37,2025-08-18,196799,530.0,2.906,6.934,0.986,77.225,70.989
5691,37,2025-08-25,198502,965.0,2.584,6.925,1.245,76.835,85.576
5692,37,2025-09-01,199640,771.0,3.75,6.795,2.202,77.001,88.008
5693,37,2025-09-08,200734,442.0,5.07,5.514,1.65,75.911,70.463
5694,37,2025-09-15,201810,576.0,2.274,6.519,3.186,76.581,80.807
5695,37,2025-09-22,203437,388.0,1.905,5.699,1.22,77.471,72.966
5696,37,2025-09-29,204509,441.0,3.809,5.141,1.467,83.733,69.0
5697,37,2025-10-06,206006,385.0,4.118,4.896,2.74,77.255,84.563
5698,37,2025-10-13,207500,1367.0,2.375,3.815,1.893,85.211,72.925
5699,37,2025-10-20,209052,757.0,4.76,6.98,1.071,77.78,70.007
5700,37,2025-10-27,211218,453.0,3.976,4.613,1.66,77.93,85.863
5701,37,2025-11-10,212349,787.0,4.833,3.715,1.71,76.829,73.903
5702,37,2025-11-17,214587,744.0,3.731,5.603,2.823,83.487,72.447
5703,37,2025-11-24,216458,560.0,2.691,6.238,2.645,82.845,82.9
5704,37,2025-12-01,216994,996.0,2.32,3.177,3.641,82.999,77.669
5705,37,2025-12-08,218550,758.0,3.636,8.613,4.991,74.051,71.843
5706,37,2025-12-15,219842,1494.0,2.443,3.548,1.953,82.235,83.954
5707,37,2025-12-22,221680,1038.0,2.556,11.49,2.023,88.842,76.851
5708,37,2025-12-29,222821,770.0,2.316,7.57,1.343,77.165,79.889
5709,38,2023-01-02,49594,616.0,2.383,6.016,1.695,76.313,83.84
5710,38,2023-01-09,50874,776.0,2.518,5.263,2.809,88.147,85.338
5711,38,2023-01-16,51996,766.0,3.042,6.944,1.331,76.469,80.781
5712,38,2023-01-23,53561,835.0,2.543,5.803,3.269,76.746,83.62
5713,38,2023-01-30,54536,861.0,3.587,8.15,1.801,78.162,67.78
5714,38,2023-02-06,55423,640.0,2.046,7.89,2.218,77.392,85.616
5715,38,2023-02-13,56591,508.0,1.959,7.992,3.044,75.862,86.512
5716,38,2023-02-20,58259,568.0,2.297,4.479,1.829,76.372,78.772
5717,38,2023-02-27,59651,600.0,3.749,5.061,2.317,77.017,72.004
5718,38,2023-03-06,60762,793.0,2.553,5.713,1.666,78.306,77.488
5719,38,2023-03-13,61452,548.0,3.581,5.569,1.339,76.219,75.981
5720,38,2023-03-20,62577,1472.0,3.301,5.488,1.494,84.505,81.853
5721,38,2023-03-27,63970,541.0,3.608,14.827,2.915,76.912,82.29
5722,38,2023-04-03,65888,637.0,4.141,6.828,1.787,77.238,73.856
5723,38,2023-04-10,66901,785.0,5.166,4.161,2.985,75.213,72.032
5724,38,2023-04-17,68240,556.0,2.515,5.424,1.785,76.053,77.476
5725,38,2023-04-24,70195,714.0,2.409,7.536,1.416,75.907,75.983
5726,38,2023-05-01,71598,735.0,3.32,10.068,1.45,75.275,74.971
5727,38,2023-05-08,72331,1193.0,2.169,5.623,2.923,77.554,79.535
5728,38,2023-05-15,73388,815.0,3.074,7.352,2.032,76.866,66.46
5729,38,2023-05-22,74675,929.0,5.201,8.031,1.337,76.977,74.468
5730,38,2023-05-29,77042,947.0,3.665,4.603,3.166,75.761,83.796
5731,38,2023-06-05,78404,1207.0,3.556,6.754,2.096,74.797,75.53
5732,38,2023-06-12,79628,405.0,2.469,8.678,2.422,76.651,86.159
5733,38,2023-06-19,81082,1566.0,4.126,2.111,1.986,76.063,81.684
5734,38,2023-06-26,82551,743.0,3.652,5.446,2.286,77.219,82.449
5735,38,2023-07-03,83756,724.0,4.412,12.813,1.61,75.647,89.004
5736,38,2023-07-10,84869,683.0,2.91,7.906,1.618,77.811,83.628
5737,38,2023-07-17,86282,966.0,4.098,5.943,2.926,78.339,87.531
5738,38,2023-07-24,87525,1412.0,1.951,4.58,2.392,77.935,80.829
5739,38,2023-07-31,88993,1071.0,2.528,9.804,3.583,77.337,79.842
5740,38,2023-08-07,90752,688.0,3.092,5.593,1.948,74.399,79.883
5741,38,2023-08-14,92568,805.0,4.146,4.132,3.242,86.309,68.548
5742,38,2023-08-21,93732,540.0,1.742,6.912,1.248,71.59,75.661
5743,38,2023-08-28,94838,802.0,4.716,12.769,1.377,87.385,75.863
5744,38,2023-09-04,96550,847.0,4.233,4.488,2.839,75.814,70.683
5745,38,2023-09-11,97731,760.0,4.783,4.615,1.99,75.069,77.329
5746,38,2023-09-18,98802,583.0,2.548,6.343,1.845,77.627,80.988
5747,38,2023-09-25,99735,735.0,3.32,10.068,1.45,75.275,74.971
5748,38,2023-10-02,100640,1514.0,3.338,5.32,1.569,77.161,81.098
5749,38,2023-10-09,102888,909.0,1.902,5.653,1.433,79.002,73.734
5750,38,2023-10-16,104297,750.0,3.011,13.025,2.454,77.612,68.398
5751,38,2023-10-23,106464,706.0,4.947,10.16,1.352,76.054,71.05
5752,38,2023-10-30,107974,1377.0,1.822,4.342,3.099,76.027,93.145
5753,38,2023-11-06,108705,412.0,3.857,8.34,2.841,73.537,87.589
5754,38,2023-11-13,110257,443.0,5.245,5.242,2.466,77.102,73.752
5755,38,2023-11-20,111266,496.0,4.845,15.46,2.553,76.189,82.93
5756,38,2023-11-27,112466,620.0,2.099,4.509,2.762,76.425,80.979
5757,38,2023-12-04,113399,589.0,3.979,8.108,1.855,78.75,67.412
5758,38,2023-12-11,114651,1162.0,3.042,6.605,1.668,77.716,84.741
5759,38,2023-12-18,115491,610.0,3.782,5.727,1.57,75.754,74.494
5760,38,2023-12-25,116618,1001.0,3.162,2.842,1.966,79.809,87.371
5761,38,2024-01-01,117595,797.0,2.945,5.817,5.798,76.793,73.945
5762,38,2024-01-08,118531,620.0,2.225,5.186,1.987,77.984,76.651
5763,38,2024-01-15,119459,996.0,4.088,5.27,2.837,77.565,89.117
5764,38,2024-01-22,120979,1221.0,2.638,4.235,2.032,73.903,82.456
5765,38,2024-01-29,122883,511.0,2.549,10.779,1.947,85.643,67.22
5766,38,2024-02-05,124571,749.0,5.613,6.064,1.967,79.555,82.415
5767,38,2024-02-12,125554,1066.0,2.005,3.506,2.467,76.297,79.02
5768,38,2024-02-19,127355,562.0,4.446,6.163,3.802,76.372,74.848
5769,38,2024-02-26,128022,726.0,5.076,6.717,2.78,76.159,74.194
5770,38,2024-03-04,129220,545.0,2.55,7.364,1.43,82.307,75.851
5771,38,2024-03-11,130289,889.0,2.883,7.036,1.56,80.991,73.392
5772,38,2024-03-18,131722,434.0,2.726,7.947,3.372,75.4,81.05
5773,38,2024-03-25,134057,907.0,2.206,4.203,1.945,87.448,85.967
5774,38,2024-04-01,135208,729.0,2.185,6.535,1.399,77.299,77.259
5775,38,2024-04-08,136693,507.0,2.842,7.491,2.205,74.67,79.406
5776,38,2024-04-15,137699,432.0,2.812,5.359,1.087,77.503,73.614
5777,38,2024-04-22,139060,563.0,4.614,6.512,1.64,73.731,74.4
5778,38,2024-04-29,140706,792.0,2.086,6.038,2.188,76.01,86.675
5779,38,2024-05-06,141674,730.0,3.384,4.502,2.74,81.13,87.558
5780,38,2024-05-13,143555,611.0,2.388,2.976,2.559,75.754,83.392
5781,38,2024-05-20,144887,573.0,2.66,7.352,3.355,74.665,79.549
5782,38,2024-05-27,146325,807.0,4.16,7.929,1.809,83.934,82.965
5783,38,2024-06-03,148219,683.0,2.91,7.906,1.618,77.811,83.628
5784,38,2024-06-10,148954,624.0,3.34,6.378,1.682,77.387,74.297
5785,38,2024-06-17,149835,670.0,2.128,6.182,2.546,76.104,76.426
5786,38,2024-06-24,151056,879.0,3.534,5.71,1.825,74.337,76.028
5787,38,2024-07-01,152903,755.0,3.202,7.57,1.326,85.422,67.154
5788,38,2024-07-08,154031,649.0,5.029,5.084,1.631,76.752,75.22
5789,38,2024-07-15,155539,521.0,2.981,7.843,2.877,76.287,80.459
5790,38,2024-07-22,156390,556.0,2.123,6.133,2.448,79.478,82.218
5791,38,2024-07-29,157663,887.0,2.461,13.206,1.616,74.757,84.131
5792,38,2024-08-05,158172,1060.0,2.491,12.229,2.979,74.055,64.507
5793,38,2024-08-12,159927,657.0,4.242,6.383,3.47,76.12,88.198
5794,38,2024-08-19,161203,860.0,2.599,5.488,2.028,75.492,80.645
5795,38,2024-08-26,162370,1003.0,4.14,6.975,2.265,76.994,75.054
5796,38,2024-09-02,164156,1243.0,4.44,10.999,1.933,75.058,70.878
5797,38,2024-09-09,165780,670.0,2.633,4.592,1.934,75.541,76.587
5798,38,2024-09-16,166502,960.0,2.826,4.796,2.121,75.229,79.705
5799,38,2024-09-23,166976,757.0,3.659,6.95,3.058,76.309,73.099
5800,38,2024-09-30,168934,1003.0,2.836,11.458,2.064,76.836,88.575
5801,38,2024-10-07,170024,1015.0,4.44,5.877,2.404,74.389,74.762
5802,38,2024-10-14,171665,1109.0,2.341,2.147,1.339,82.102,74.099
5803,38,2024-10-21,173386,992.0,3.293,7.986,2.664,75.056,67.529
5804,38,2024-10-28,174406,592.0,3.886,7.209,2.46,77.024,77.589
5805,38,2024-11-04,175499,618.0,2.351,4.875,1.651,82.548,77.673
5806,38,2024-11-11,177376,656.0,2.965,4.522,2.791,79.123,80.749
5807,38,2024-11-18,178789,810.0,3.717,10.778,2.732,79.403,75.693
5808,38,2024-11-25,179474,835.0,2.514,3.15,2.464,78.342,71.883
5809,38,2024-12-02,179994,450.0,4.654,16.152,1.846,77.214,74.881
5810,38,2024-12-09,180865,493.0,3.024,4.382,2.79,81.37,78.577
5811,38,2024-12-16,182062,501.0,4.167,8.329,5.142,76.695,77.378
5812,38,2024-12-23,183425,668.0,2.367,4.4,1.563,74.14,75.595
5813,38,2024-12-30,184926,433.0,4.929,5.862,0.908,77.408,80.565
5814,38,2025-01-06,185875,570.0,2.692,8.216,3.057,82.997,67.075
5815,38,2025-01-13,187462,500.0,2.12,1.668,2.21,78.428,89.132
5816,38,2025-01-20,189334,418.0,2.34,5.769,1.51,79.315,79.257
5817,38,2025-01-27,189993,1493.0,2.4,7.378,2.829,77.927,78.901
5818,38,2025-02-03,191086,886.0,2.643,5.616,1.259,76.363,77.584
5819,38,2025-02-10,192184,665.0,4.33,5.807,4.76,77.028,76.311
5820,38,2025-02-17,193375,911.0,5.065,7.939,2.869,77.32,77.902
5821,38,2025-02-24,194350,939.0,2.48,6.28,2.257,77.98,89.788
5822,38,2025-03-03,195828,507.0,2.842,7.491,2.205,74.67,79.406
5823,38,2025-03-10,197790,504.0,3.12,13.905,3.941,76.526,91.66
5824,38,2025-03-17,199647,786.0,5.063,5.378,1.226,77.998,81.593
5825,38,2025-03-24,201714,471.0,4.007,17.029,3.193,76.244,85.344
5826,38,2025-03-31,202341,461.0,3.062,7.165,0.896,77.225,81.861
5827,38,2025-04-07,203647,744.0,5.89,5.854,1.158,77.972,77.167
5828,38,2025-04-14,204858,473.0,3.342,5.122,1.874,76.431,73.924
5829,38,2025-04-21,206256,611.0,5.468,9.405,3.279,74.281,78.286
5830,38,2025-04-28,207490,612.0,2.271,6.515,1.871,74.902,88.134
5831,38,2025-05-05,208128,514.0,2.56,6.122,1.165,80.341,85.475
5832,38,2025-05-12,209058,968.0,2.962,5.093,1.098,75.53,81.091
5833,38,2025-05-19,210328,698.0,4.711,4.049,2.102,75.695,80.542
5834,38,2025-05-26,211836,645.0,4.025,4.701,1.834,74.503,82.927
5835,38,2025-06-02,213182,424.0,2.885,4.459,1.692,79.795,91.483
5836,38,2025-06-09,214433,1502.0,2.61,2.586,1.059,77.52,75.599
5837,38,2025-06-16,215930,655.0,2.637,3.668,2.13,77.737,76.772
5838,38,2025-06-23,217667,1034.0,2.509,4.445,2.792,77.378,78.029
5839,38,2025-06-30,219833,794.0,2.837,5.995,2.8,77.566,75.616
5840,38,2025-07-07,221801,834.0,1.9,2.315,1.486,79.109,77.6
5841,38,2025-07-14,222525,1090.0,2.747,5.503,4.262,76.952,75.855
5842,38,2025-07-21,223605,853.0,3.611,9.021,1.78,79.252,82.287
5843,38,2025-07-28,224260,577.0,4.597,4.857,4.801,75.982,69.555
5844,38,2025-08-04,225309,466.0,4.346,4.528,1.028,76.926,72.72
5845,38,2025-08-11,226833,1231.0,2.314,4.27,2.194,82.109,76.598
5846,38,2025-08-18,228483,611.0,2.733,8.368,1.58,78.259,78.301
5847,38,2025-08-25,229444,1162.0,2.704,5.36,1.783,74.381,68.153
5848,38,2025-09-01,231083,560.0,2.596,13.446,1.907,78.265,82.713
5849,38,2025-09-08,232185,535.0,2.141,5.012,1.407,77.335,75.112
5850,38,2025-09-15,233761,534.0,3.049,5.976,1.305,75.843,76.693
5851,38,2025-09-22,234544,663.0,3.567,9.116,1.994,80.106,68.368
5852,38,2025-09-29,235947,636.0,4.473,10.846,2.767,78.665,72.126
5853,38,2025-10-06,236373,1109.0,3.342,6.255,2.533,78.074,82.825
5854,38,2025-10-13,237623,684.0,2.181,8.897,3.004,74.855,80.604
5855,38,2025-10-20,238657,562.0,2.347,3.946,3.199,75.033,87.229
5856,38,2025-10-27,239727,612.0,4.424,4.139,1.641,76.961,69.953
5857,38,2025-11-03,241310,597.0,2.952,8.103,2.133,76.091,76.086
5858,38,2025-11-10,242194,754.0,2.932,5.211,1.07,78.22,81.214
5859,38,2025-11-17,244129,510.0,1.856,3.02,2.39,79.73,82.963
5860,38,2025-11-24,245772,539.0,4.763,5.619,2.712,81.874,85.786
5861,38,2025-12-01,247741,1048.0,2.365,6.153,1.371,75.377,73.932
5862,38,2025-12-08,249206,818.0,2.491,2.973,2.86,75.517,80.293
5863,38,2025-12-15,249397,590.0,2.012,4.712,1.689,77.954,83.237
5864,38,2025-12-22,250549,595.0,1.441,5.794,6.222,74.499,71.462
5865,38,2025-12-29,251516,636.0,2.5,3.954,1.162,74.149,72.387
5866,39,2023-01-02,78845,977.0,2.38,6.423,1.662,76.759,84.387
5867,39,2023-01-09,80579,1051.0,2.818,4.895,2.387,76.607,76.882
5868,39,2023-01-16,82833,589.0,2.051,8.369,3.142,75.229,77.641
5869,39,2023-01-23,83868,772.0,3.531,12.207,1.553,75.156,72.199
5870,39,2023-01-30,85899,471.0,2.623,5.963,2.46,76.023,68.013
5871,39,2023-02-06,87323,1015.0,4.767,8.269,1.009,75.76,74.66
5872,39,2023-02-13,88595,888.0,3.979,8.782,1.928,77.167,68.124
5873,39,2023-02-20,89686,771.0,2.646,5.824,1.858,73.906,72.705
5874,39,2023-02-27,90871,649.0,4.821,7.456,0.961,84.755,82.537
5875,39,2023-03-06,92764,447.0,5.671,5.78,1.429,77.196,79.213
5876,39,2023-03-13,94209,699.0,2.627,6.751,3.759,74.587,70.837
5877,39,2023-03-20,95643,963.0,3.993,9.33,2.966,75.898,90.139
5878,39,2023-03-27,97311,1506.0,4.581,6.981,1.641,75.316,73.612
5879,39,2023-04-03,99293,1190.0,4.053,4.612,1.273,74.137,77.737
5880,39,2023-04-10,101082,540.0,5.634,6.225,3.512,74.601,70.201
5881,39,2023-04-17,102169,1172.0,3.707,5.217,0.905,85.194,76.296
5882,39,2023-04-24,103751,654.0,4.431,5.998,3.009,77.145,67.146
5883,39,2023-05-01,104863,490.0,4.219,14.002,1.375,74.801,78.26
5884,39,2023-05-08,106299,805.0,1.99,6.394,2.442,76.397,79.062
5885,39,2023-05-15,107695,800.0,3.629,7.452,1.111,79.053,78.368
5886,39,2023-05-22,108729,851.0,4.517,8.039,6.455,76.688,82.027
5887,39,2023-05-29,110485,671.0,2.599,9.275,2.707,76.21,70.657
5888,39,2023-06-05,111931,587.0,3.0,5.752,2.82,76.822,83.825
5889,39,2023-06-12,113178,621.0,2.485,5.731,2.239,76.877,77.288
5890,39,2023-06-19,114838,359.0,1.866,4.02,2.525,77.861,81.54
5891,39,2023-06-26,115744,1170.0,1.832,14.753,2.655,87.327,90.136
5892,39,2023-07-03,116519,539.0,1.891,8.488,1.708,75.706,68.648
5893,39,2023-07-10,117483,667.0,5.714,8.033,0.91,74.342,73.566
5894,39,2023-07-17,119023,642.0,2.872,9.924,2.897,76.935,92.933
5895,39,2023-07-24,120658,985.0,3.658,3.692,2.109,77.773,84.187
5896,39,2023-07-31,121952,940.0,2.99,7.05,1.284,76.9,80.215
5897,39,2023-08-07,123281,768.0,2.612,7.282,2.947,76.711,79.035
5898,39,2023-08-14,125534,695.0,2.361,4.44,1.208,76.483,74.684
5899,39,2023-08-21,126459,606.0,0.012,6.929,2.593,74.377,67.599
5900,39,2023-08-28,127375,963.0,4.684,18.917,3.341,73.884,68.703
5901,39,2023-09-04,129077,1073.0,2.818,5.123,2.328,77.179,74.066
5902,39,2023-09-11,130317,818.0,2.703,6.125,6.494,75.688,75.737
5903,39,2023-09-18,131973,610.0,2.563,6.886,1.362,78.249,86.044
5904,39,2023-09-25,133608,461.0,1.923,6.812,4.433,78.001,87.166
5905,39,2023-10-02,134520,567.0,5.034,5.891,1.183,77.013,66.295
5906,39,2023-10-09,136320,467.0,3.675,7.979,1.06,78.622,83.208
5907,39,2023-10-16,137293,603.0,4.103,4.816,2.676,83.992,88.37
5908,39,2023-10-23,138338,469.0,2.568,5.6,3.117,76.11,73.301
5909,39,2023-10-30,140256,577.0,3.941,7.322,3.347,77.789,85.144
5910,39,2023-11-06,141355,1168.0,2.671,8.067,0.272,76.968,85.47
5911,39,2023-11-13,142070,1126.0,2.461,7.225,3.409,77.044,85.27
5912,39,2023-11-20,143378,1527.0,2.245,8.492,2.924,76.58,78.336
5913,39,2023-11-27,144426,549.0,2.963,7.869,1.175,79.17,70.827
5914,39,2023-12-04,146250,984.0,3.241,7.841,2.469,77.754,79.282
5915,39,2023-12-11,147703,778.0,2.894,5.178,1.728,76.548,80.317
5916,39,2023-12-18,149075,784.0,2.672,5.909,2.898,76.741,87.748
5917,39,2023-12-25,149992,549.0,3.415,4.921,2.197,77.267,84.902
5918,39,2024-01-01,151444,538.0,2.221,7.202,1.458,76.107,81.801
5919,39,2024-01-08,153288,521.0,3.013,5.251,2.185,73.527,70.713
5920,39,2024-01-15,154730,760.0,3.263,6.863,2.576,77.483,80.166
5921,39,2024-01-22,155857,717.0,3.862,4.19,2.72,76.41,68.842
5922,39,2024-01-29,157007,388.0,2.851,6.264,2.042,75.561,74.97
5923,39,2024-02-05,157856,889.0,3.042,5.422,2.113,76.497,91.218
5924,39,2024-02-12,159074,535.0,2.335,6.438,2.669,77.086,69.847
5925,39,2024-02-19,159762,924.0,3.508,5.932,1.886,82.979,80.413
5926,39,2024-02-26,162087,758.0,3.155,6.204,2.947,76.109,76.077
5927,39,2024-03-04,163386,916.0,4.11,4.543,2.373,88.232,77.835
5928,39,2024-03-11,164781,604.0,3.514,7.798,1.407,85.278,87.319
5929,39,2024-03-18,166170,757.0,4.853,1.706,1.926,77.017,87.873
5930,39,2024-03-25,166643,804.0,2.448,8.628,1.511,75.27,71.347
5931,39,2024-04-01,167311,619.0,2.896,12.053,2.471,77.252,83.975
5932,39,2024-04-08,168015,453.0,3.137,3.664,2.594,75.454,67.959
5933,39,2024-04-15,169567,1028.0,2.306,5.929,2.089,76.361,77.163
5934,39,2024-04-22,170156,553.0,2.205,4.575,3.455,76.326,74.297
5935,39,2024-04-29,171993,630.0,5.384,6.176,0.854,76.304,86.47
5936,39,2024-05-06,173077,781.0,5.757,9.687,1.976,73.106,75.897
5937,39,2024-05-13,174863,658.0,2.232,13.085,3.319,75.922,68.015
5938,39,2024-05-20,176782,436.0,3.897,6.915,3.366,76.392,88.815
5939,39,2024-05-27,178228,723.0,3.727,4.316,3.469,75.692,67.019
5940,39,2024-06-03,179275,783.0,4.995,5.183,0.891,76.803,69.46
5941,39,2024-06-10,180677,735.0,4.48,14.005,1.36,76.676,70.716
5942,39,2024-06-17,181498,132.0,2.063,5.912,3.209,77.523,74.862
5943,39,2024-06-24,183157,871.0,2.174,5.507,2.474,74.569,87.213
5944,39,2024-07-01,184485,499.0,1.953,4.807,3.002,76.939,78.156
5945,39,2024-07-08,185722,773.0,1.792,6.978,3.12,77.179,78.834
5946,39,2024-07-15,187002,507.0,5.767,5.949,3.135,76.605,80.939
5947,39,2024-07-22,187633,703.0,2.116,17.681,1.295,77.476,72.429
5948,39,2024-07-29,188792,534.0,2.053,4.142,1.877,83.865,71.642
5949,39,2024-08-05,189582,489.0,4.258,7.95,3.538,76.458,74.244
5950,39,2024-08-12,190868,486.0,2.751,4.981,1.947,77.915,82.366
5951,39,2024-08-19,191884,992.0,2.764,9.434,4.55,77.154,86.883
5952,39,2024-08-26,193046,957.0,3.493,6.49,1.415,79.872,84.041
5953,39,2024-09-02,194493,1211.0,5.477,6.384,1.085,76.065,71.234
5954,39,2024-09-09,195649,587.0,2.875,2.764,1.347,76.423,76.22
5955,39,2024-09-16,197048,776.0,5.132,5.914,1.18,78.644,80.294
5956,39,2024-09-23,197819,607.0,4.693,7.188,0.996,77.97,67.45
5957,39,2024-09-30,198929,1330.0,2.574,8.465,1.868,77.071,83.94
5958,39,2024-10-07,200439,434.0,4.78,1.804,1.515,75.519,71.281
5959,39,2024-10-14,201800,485.0,5.065,5.412,3.461,76.172,78.305
5960,39,2024-10-21,202626,720.0,4.317,5.292,2.241,76.627,77.319
5961,39,2024-10-28,204185,1004.0,3.4,12.695,1.665,80.057,88.0
5962,39,2024-11-04,205747,719.0,2.424,4.932,2.758,75.219,77.097
5963,39,2024-11-11,207023,670.0,3.707,11.996,2.546,76.305,67.29
5964,39,2024-11-18,208367,609.0,2.255,8.514,0.933,78.149,87.594
5965,39,2024-11-25,209271,546.0,3.011,8.684,1.654,86.729,75.405
5966,39,2024-12-02,210356,580.0,3.636,7.122,1.514,82.243,77.988
5967,39,2024-12-09,211565,584.0,3.016,8.032,2.964,74.261,85.184
5968,39,2024-12-16,212738,514.0,4.62,3.89,2.468,76.354,84.068
5969,39,2024-12-23,213482,641.0,2.096,6.117,1.52,78.082,80.215
5970,39,2024-12-30,214660,1261.0,3.178,5.727,5.192,76.285,80.739
5971,39,2025-01-06,215549,468.0,2.365,6.202,2.942,74.696,83.094
5972,39,2025-01-13,216797,832.0,3.166,7.245,1.626,76.844,87.103
5973,39,2025-01-20,218729,391.0,3.933,5.581,2.255,77.176,69.79
5974,39,2025-02-03,220390,786.0,2.869,8.846,2.955,74.578,73.039
5975,39,2025-02-10,221692,772.0,1.816,4.155,2.242,76.787,83.86
5976,39,2025-02-17,222989,745.0,3.645,4.441,1.66,75.404,71.48
5977,39,2025-02-24,224506,517.0,2.256,6.923,2.009,76.812,80.988
5978,39,2025-03-03,226000,565.0,4.006,10.237,1.314,78.078,87.13
5979,39,2025-03-10,228130,500.0,1.879,1.769,1.512,75.249,72.622
5980,39,2025-03-17,229753,765.0,2.319,4.878,1.178,77.723,82.683
5981,39,2025-03-24,231105,658.0,4.812,7.334,2.857,75.384,87.176
5982,39,2025-03-31,232718,571.0,4.88,5.857,3.009,76.071,72.102
5983,39,2025-04-07,233960,542.0,3.924,7.33,1.127,75.933,82.768
5984,39,2025-04-14,236237,766.0,3.042,6.944,1.331,76.469,80.781
5985,39,2025-04-21,236788,707.0,2.503,3.798,1.285,77.903,82.183
5986,39,2025-04-28,238528,658.0,3.283,6.827,1.945,77.063,73.344
5987,39,2025-05-05,239244,1244.0,6.089,10.999,1.189,76.775,76.865
5988,39,2025-05-19,241354,1167.0,3.01,4.616,1.843,83.825,79.916
5989,39,2025-05-26,242519,735.0,2.559,8.429,2.138,76.378,87.804
5990,39,2025-06-02,243526,465.0,5.038,10.338,2.473,76.657,79.182
5991,39,2025-06-09,244411,708.0,2.522,5.337,2.582,75.762,67.938
5992,39,2025-06-16,246115,653.0,4.109,10.044,0.653,75.495,77.165
5993,39,2025-06-23,247031,1028.0,2.471,6.598,1.79,81.118,86.744
5994,39,2025-06-30,248367,1152.0,3.182,8.396,1.729,76.459,80.43
5995,39,2025-07-07,249382,554.0,2.609,5.575,2.015,74.014,81.98
5996,39,2025-07-14,250431,782.0,4.04,8.221,2.007,77.775,80.84
5997,39,2025-07-21,252019,716.0,2.32,5.298,2.945,77.455,72.007
5998,39,2025-07-28,253999,549.0,0.44,6.915,2.903,72.89,92.37
5999,39,2025-08-04,254908,854.0,4.791,7.658,1.765,77.829,79.988
6000,39,2025-08-11,256691,577.0,2.128,7.752,2.486,76.385,88.917
6001,39,2025-08-18,258209,595.0,4.102,6.612,3.362,84.0,77.793
6002,39,2025-08-25,259335,1219.0,2.07,4.762,1.419,74.108,82.227
6003,39,2025-09-01,260679,618.0,3.052,4.946,3.059,77.054,81.768
6004,39,2025-09-08,262515,1322.0,2.631,5.044,2.104,87.6,82.225
6005,39,2025-09-15,263599,859.0,2.194,6.031,1.303,78.414,83.013
6006,39,2025-09-22,265066,519.0,4.133,4.233,2.884,74.708,78.656
6007,39,2025-09-29,266439,553.0,2.03,6.234,5.0,86.446,65.229
6008,39,2025-10-06,268469,848.0,4.938,13.078,2.829,76.972,73.553
6009,39,2025-10-13,269229,777.0,4.825,14.953,2.968,73.814,74.751
6010,39,2025-10-20,270333,606.0,2.643,6.936,1.658,78.174,72.496
6011,39,2025-10-27,271207,551.0,5.521,6.019,3.339,77.223,77.478
6012,39,2025-11-03,272156,906.0,5.219,5.912,1.27,79.995,85.461
6013,39,2025-11-10,273890,653.0,4.733,9.639,2.203,83.116,83.193
6014,39,2025-11-24,275125,553.0,2.811,6.937,2.419,76.544,87.78
6015,39,2025-12-01,276324,377.0,1.87,5.15,1.705,77.867,77.531
6016,39,2025-12-08,277295,809.0,2.465,3.389,1.503,75.636,76.239
6017,39,2025-12-15,278885,528.0,4.991,5.324,1.909,78.181,85.018
6018,39,2025-12-22,280399,1046.0,2.619,6.923,2.083,82.801,76.356
6019,39,2025-12-29,282511,1015.0,3.088,11.874,2.164,76.625,84.14
6020,40,2023-01-02,90930,886.0,2.643,5.616,1.259,76.363,77.584
6021,40,2023-01-09,92403,700.0,2.2,14.852,1.3,81.653,80.433
6022,40,2023-01-16,93522,834.0,2.077,6.574,2.326,74.58,75.635
6023,40,2023-01-23,94688,1298.0,6.072,11.505,1.44,74.734,66.782
6024,40,2023-01-30,96380,620.0,2.225,5.186,1.987,77.984,76.651
6025,40,2023-02-06,97189,863.0,3.793,5.332,2.425,77.134,76.792
6026,40,2023-02-13,99304,725.0,3.03,7.979,1.15,74.624,67.016
6027,40,2023-02-20,100590,532.0,4.675,3.974,2.877,76.276,77.005
6028,40,2023-02-27,102115,1517.0,2.667,10.112,1.484,76.919,84.231
6029,40,2023-03-06,103901,794.0,2.148,7.099,4.605,76.167,73.695
6030,40,2023-03-13,104998,645.0,2.863,6.011,3.373,74.441,91.146
6031,40,2023-03-20,106084,580.0,2.723,7.175,1.849,83.588,84.768
6032,40,2023-03-27,107354,1289.0,5.455,4.621,1.347,75.881,84.459
6033,40,2023-04-03,108628,543.0,4.686,11.044,3.455,77.014,71.428
6034,40,2023-04-10,110058,1272.0,2.542,6.377,1.784,81.009,88.112
6035,40,2023-04-17,111614,467.0,4.18,6.996,3.78,74.585,73.893
6036,40,2023-04-24,112602,759.0,3.988,8.062,2.372,76.698,79.86
6037,40,2023-05-01,113476,706.0,3.323,6.614,2.175,75.465,69.857
6038,40,2023-05-08,115531,856.0,0.814,4.546,2.799,75.768,77.677
6039,40,2023-05-15,116155,702.0,5.366,5.701,2.453,75.742,78.594
6040,40,2023-05-22,116853,581.0,4.792,6.065,6.202,77.412,89.579
6041,40,2023-05-29,118433,785.0,2.823,5.156,1.85,76.438,74.779
6042,40,2023-06-05,120347,956.0,3.37,2.067,1.726,78.15,80.85
6043,40,2023-06-12,121380,786.0,5.009,0.709,1.613,77.284,80.858
6044,40,2023-06-19,122860,677.0,2.876,3.726,3.456,76.521,72.418
6045,40,2023-07-03,125348,475.0,2.176,7.438,2.696,76.4,80.297
6046,40,2023-07-10,126751,557.0,2.999,3.526,1.547,73.213,80.652
6047,40,2023-07-17,127544,1172.0,3.707,5.217,0.905,85.194,76.296
6048,40,2023-07-24,128995,686.0,2.185,5.749,1.903,76.539,87.433
6049,40,2023-07-31,130689,592.0,4.256,8.449,2.945,75.228,80.529
6050,40,2023-08-07,132631,454.0,2.9,3.89,2.268,75.789,72.949
6051,40,2023-08-14,133914,457.0,2.64,6.533,1.987,76.387,79.829
6052,40,2023-08-21,135018,1320.0,2.325,7.381,2.38,75.803,76.507
6053,40,2023-08-28,136287,578.0,2.599,6.077,2.509,74.591,69.525
6054,40,2023-09-04,137959,616.0,2.975,5.946,2.633,74.096,70.988
6055,40,2023-09-11,139505,1593.0,4.689,5.715,1.446,77.574,85.931
6056,40,2023-09-18,141171,855.0,2.185,6.257,2.115,74.937,74.143
6057,40,2023-09-25,142752,507.0,1.76,6.055,2.901,84.387,79.227
6058,40,2023-10-02,143849,791.0,3.71,1.24,1.68,77.107,81.693
6059,40,2023-10-09,145324,621.0,4.892,2.69,3.01,85.668,80.518
6060,40,2023-10-16,146688,1509.0,2.52,7.68,2.114,73.917,76.307
6061,40,2023-10-23,147851,685.0,2.415,6.114,2.637,77.007,79.737
6062,40,2023-10-30,148424,1107.0,1.968,6.701,1.765,76.832,81.547
6063,40,2023-11-06,149414,713.0,4.712,10.109,5.511,77.349,67.281
6064,40,2023-11-13,151314,642.0,2.384,4.328,5.822,75.177,76.389
6065,40,2023-11-20,153038,1220.0,3.647,6.137,3.597,74.127,76.957
6066,40,2023-11-27,153556,445.0,3.553,6.226,1.811,74.71,69.68
6067,40,2023-12-04,154565,511.0,2.351,5.814,2.308,77.421,84.618
6068,40,2023-12-11,155974,937.0,4.01,3.46,2.606,76.759,70.696
6069,40,2023-12-18,156765,744.0,5.89,5.854,1.158,77.972,77.167
6070,40,2023-12-25,158151,691.0,4.341,5.715,1.623,81.925,76.049
6071,40,2024-01-01,159076,613.0,3.464,2.997,2.233,77.907,73.444
6072,40,2024-01-08,159780,812.0,2.801,8.429,1.583,75.335,76.201
6073,40,2024-01-15,160709,580.0,3.2,4.062,1.508,76.363,78.844
6074,40,2024-01-29,161408,737.0,2.023,8.385,2.771,73.845,86.187
6075,40,2024-02-05,162700,1109.0,5.052,4.695,1.699,74.102,74.613
6076,40,2024-02-12,163473,812.0,4.004,6.956,0.774,77.16,79.89
6077,40,2024-02-19,165209,1405.0,5.337,1.359,2.594,75.628,82.16
6078,40,2024-02-26,167715,511.0,3.018,6.829,4.827,73.968,68.866
6079,40,2024-03-04,168818,565.0,4.293,8.968,1.628,75.551,82.423
6080,40,2024-03-11,170835,1088.0,4.838,4.994,1.47,79.381,86.776
6081,40,2024-03-18,172646,743.0,2.96,3.733,1.723,73.72,77.197
6082,40,2024-03-25,174466,879.0,2.81,4.646,4.636,76.412,76.214
6083,40,2024-04-08,176753,1086.0,3.543,8.753,2.802,77.565,72.209
6084,40,2024-04-29,180679,516.0,3.402,7.548,1.651,74.423,73.222
6085,40,2024-05-06,181971,583.0,2.635,15.98,1.767,76.931,77.737
6086,40,2024-05-13,183317,782.0,2.439,9.56,2.55,78.392,75.073
6087,40,2024-05-20,184986,816.0,3.666,6.333,1.806,75.425,80.748
6088,40,2024-05-27,186460,501.0,2.428,4.586,1.986,86.291,88.559
6089,40,2024-06-03,187956,640.0,4.404,6.062,2.655,76.927,77.002
6090,40,2024-06-10,189653,947.0,5.083,6.711,1.519,76.363,78.516
6091,40,2024-06-17,191336,585.0,3.484,10.895,2.265,76.348,80.932
6092,40,2024-06-24,192359,985.0,3.734,6.217,1.565,85.8,84.726
6093,40,2024-07-01,194058,633.0,2.839,6.861,2.303,77.249,80.603
6094,40,2024-07-08,195076,729.0,3.002,3.467,1.364,77.196,77.521
6095,40,2024-07-15,195912,736.0,1.968,10.636,3.332,74.844,77.565
6096,40,2024-07-22,197183,744.0,3.731,5.603,2.823,83.487,72.447
6097,40,2024-07-29,197864,581.0,4.484,8.526,1.929,76.847,77.931
6098,40,2024-08-05,199156,1178.0,3.256,8.173,1.49,77.237,75.996
6099,40,2024-08-12,200138,663.0,3.769,5.904,4.465,76.431,77.045
6100,40,2024-08-19,201358,498.0,4.253,9.332,2.052,78.168,85.653
6101,40,2024-08-26,203179,452.0,3.069,13.783,2.532,76.463,78.846
6102,40,2024-09-02,204172,635.0,3.244,3.909,1.934,75.77,77.701
6103,40,2024-09-09,204836,774.0,2.86,7.488,1.289,76.681,72.437
6104,40,2024-09-16,205517,457.0,2.677,7.874,2.465,73.963,81.678
6105,40,2024-09-23,206670,812.0,2.143,1.672,1.868,76.895,83.161
6106,40,2024-09-30,207660,620.0,4.982,6.71,2.089,75.172,80.762
6107,40,2024-10-07,208891,591.0,4.124,6.536,3.204,82.157,81.215
6108,40,2024-10-14,210125,1006.0,4.393,4.841,2.979,76.257,70.709
6109,40,2024-10-21,211264,510.0,2.539,4.61,1.625,77.87,84.37
6110,40,2024-10-28,212451,965.0,3.484,10.505,1.157,77.183,80.382
6111,40,2024-11-04,214675,1358.0,2.703,4.519,2.856,76.617,79.331
6112,40,2024-11-11,216838,505.0,4.296,6.604,1.929,82.068,85.777
6113,40,2024-11-18,217909,950.0,3.293,7.948,1.264,77.029,81.405
6114,40,2024-11-25,218746,627.0,2.169,6.298,1.503,75.632,85.286
6115,40,2024-12-09,221155,730.0,5.044,4.882,1.537,78.036,70.516
6116,40,2024-12-16,222323,728.0,4.022,6.326,1.787,76.273,85.253
6117,40,2024-12-23,223820,1139.0,3.893,5.938,2.943,76.915,88.012
6118,40,2024-12-30,224798,597.0,3.051,4.524,2.507,78.637,70.947
6119,40,2025-01-06,225682,1343.0,2.348,8.412,2.373,83.079,84.967
6120,40,2025-01-13,226741,1341.0,2.856,14.869,1.659,77.229,75.101
6121,40,2025-01-20,228288,535.0,2.141,5.012,1.407,77.335,75.112
6122,40,2025-02-03,230567,718.0,3.816,1.418,1.294,83.396,70.703
6123,40,2025-02-10,232045,907.0,5.392,7.71,1.072,85.18,76.099
6124,40,2025-02-17,232978,717.0,4.594,7.8,2.037,77.367,70.885
6125,40,2025-02-24,234411,825.0,5.076,4.545,4.488,75.576,80.175
6126,40,2025-03-03,235911,587.0,3.696,8.405,0.7,82.888,72.466
6127,40,2025-03-10,237243,428.0,5.619,7.648,1.213,76.916,72.6
6128,40,2025-03-17,238756,579.0,2.55,5.466,2.837,85.056,68.532
6129,40,2025-03-24,239547,663.0,4.363,5.718,1.751,77.475,69.735
6130,40,2025-03-31,240938,1208.0,3.91,10.236,3.268,76.598,84.855
6131,40,2025-04-07,242308,719.0,2.424,4.932,2.758,75.219,77.097
6132,40,2025-04-14,243181,948.0,2.473,9.89,2.441,76.398,88.963
6133,40,2025-04-21,244538,487.0,3.722,15.7,3.502,75.798,81.033
6134,40,2025-04-28,245079,795.0,4.734,4.326,1.69,75.402,78.755
6135,40,2025-05-05,246098,924.0,3.844,2.271,1.736,76.097,84.601
6136,40,2025-05-12,247410,369.0,1.839,5.537,2.391,75.123,72.639
6137,40,2025-05-19,249001,1623.0,2.855,6.412,1.972,77.924,84.601
6138,40,2025-05-26,249868,896.0,2.194,6.872,1.571,77.766,86.373
6139,40,2025-06-02,251279,458.0,2.248,4.818,1.828,77.852,80.616
6140,40,2025-06-09,253070,815.0,3.074,7.352,2.032,76.866,66.46
6141,40,2025-06-23,255337,790.0,2.058,4.808,1.421,76.766,67.592
6142,40,2025-06-30,256449,672.0,5.649,6.17,3.17,76.067,74.612
6143,40,2025-07-07,257519,1272.0,3.359,7.183,2.54,84.955,90.251
6144,40,2025-07-14,258422,391.0,2.245,4.02,2.703,81.184,88.858
6145,40,2025-07-21,259635,658.0,3.507,5.332,2.546,76.704,77.768
6146,40,2025-07-28,260806,414.0,2.41,8.355,2.921,75.706,71.334
6147,40,2025-08-04,261881,1048.0,4.667,8.348,3.691,75.161,86.437
6148,40,2025-08-11,263213,448.0,5.729,5.003,3.371,77.427,79.613
6149,40,2025-08-18,264559,1170.0,4.516,3.599,1.974,75.874,84.158
6150,40,2025-08-25,266326,721.0,2.343,6.189,1.773,75.833,85.169
6151,40,2025-09-01,267888,890.0,2.939,7.45,3.178,76.274,91.766
6152,40,2025-09-08,269425,772.0,3.531,12.207,1.553,75.156,72.199
6153,40,2025-09-15,270704,922.0,3.78,6.457,2.416,74.725,82.189
6154,40,2025-09-22,271815,659.0,4.74,13.294,2.555,76.978,80.526
6155,40,2025-09-29,273309,471.0,2.619,7.076,2.538,76.202,77.613
6156,40,2025-10-06,274900,957.0,2.778,7.336,5.895,74.957,68.303
6157,40,2025-10-20,275766,605.0,2.903,12.132,0.929,77.445,74.07
6158,40,2025-10-27,277446,842.0,2.51,5.207,1.138,76.52,80.405
6159,40,2025-11-03,279056,991.0,2.447,5.164,2.422,76.118,77.923
6160,40,2025-11-10,280157,487.0,2.424,5.473,0.989,77.673,72.047
6161,40,2025-11-17,281763,1292.0,2.754,10.88,1.524,77.228,65.456
6162,40,2025-11-24,283066,595.0,1.938,5.1,1.589,74.281,66.507
6163,40,2025-12-01,284174,616.0,4.3,8.209,2.306,77.376,81.412
6164,40,2025-12-08,285635,431.0,3.897,4.746,2.273,73.399,85.573
6165,40,2025-12-15,287026,964.0,3.008,7.121,3.323,77.308,83.193
6166,40,2025-12-22,287870,816.0,0.687,7.151,2.593,76.151,84.473
6167,40,2025-12-29,288956,627.0,3.196,8.28,2.453,75.604,77.604
6168,41,2023-01-02,108262,711.0,3.554,4.073,1.896,77.695,79.913
6169,41,2023-01-09,109817,853.0,4.05,3.748,2.697,75.822,77.812
6170,41,2023-01-16,111212,576.0,2.539,7.297,1.578,76.576,84.729
6171,41,2023-01-23,112584,895.0,4.084,1.598,1.667,76.144,81.331
6172,41,2023-01-30,114759,602.0,6.167,12.256,0.343,76.666,76.418
6173,41,2023-02-06,115703,475.0,3.044,2.162,2.517,76.33,77.342
6174,41,2023-02-13,117122,633.0,4.97,5.679,1.2,75.525,78.367
6175,41,2023-02-20,118972,1015.0,2.181,5.768,4.074,78.277,73.49
6176,41,2023-02-27,120092,543.0,5.244,8.415,2.606,75.916,75.886
6177,41,2023-03-06,121795,606.0,2.294,6.11,2.829,76.542,75.367
6178,41,2023-03-13,122891,879.0,4.09,7.438,2.6,74.452,78.937
6179,41,2023-03-20,125099,1001.0,5.137,15.17,2.366,83.482,74.954
6180,41,2023-03-27,126798,729.0,3.121,5.08,2.143,76.336,79.727
6181,41,2023-04-03,127926,618.0,2.472,5.099,1.659,75.019,80.673
6182,41,2023-04-10,129169,511.0,2.351,5.814,2.308,77.421,84.618
6183,41,2023-04-17,130941,841.0,2.097,4.827,3.227,79.033,73.746
6184,41,2023-04-24,131823,523.0,2.868,14.855,3.293,73.738,81.738
6185,41,2023-05-01,133539,616.0,4.912,14.328,3.893,80.862,69.836
6186,41,2023-05-08,134444,711.0,3.031,8.775,1.752,88.682,86.132
6187,41,2023-05-15,135804,628.0,2.798,5.296,2.987,73.077,83.448
6188,41,2023-05-22,136826,669.0,4.005,6.562,2.223,84.016,71.453
6189,41,2023-05-29,138427,573.0,2.91,7.552,2.068,78.531,80.57
6190,41,2023-06-05,139310,1118.0,2.504,5.579,1.521,76.423,89.634
6191,41,2023-06-12,140510,879.0,3.534,5.71,1.825,74.337,76.028
6192,41,2023-06-19,141640,940.0,4.048,7.404,1.739,76.117,80.775
6193,41,2023-06-26,143435,1053.0,4.292,9.691,3.289,77.009,81.927
6194,41,2023-07-03,145036,1114.0,4.655,8.335,2.442,76.11,68.134
6195,41,2023-07-10,146226,670.0,4.162,5.084,1.601,77.372,76.12
6196,41,2023-07-17,147579,735.0,2.826,8.101,1.272,76.87,85.382
6197,41,2023-07-24,149557,714.0,2.815,4.878,2.977,73.781,85.103
6198,41,2023-07-31,151659,589.0,2.507,12.499,2.999,74.392,79.831
6199,41,2023-08-07,153034,426.0,2.446,7.658,1.518,76.843,78.985
6200,41,2023-08-14,154166,663.0,1.631,3.607,1.867,77.139,74.396
6201,41,2023-08-21,155422,813.0,3.898,6.837,3.297,76.052,64.956
6202,41,2023-08-28,156386,1057.0,2.02,7.336,3.377,81.06,70.686
6203,41,2023-09-04,157837,642.0,2.332,6.646,2.859,78.827,84.363
6204,41,2023-09-11,159478,727.0,2.413,11.689,1.832,75.777,67.772
6205,41,2023-09-18,160319,974.0,2.597,5.885,1.059,76.974,89.35
6206,41,2023-09-25,161875,665.0,1.958,6.476,1.016,74.493,64.31
6207,41,2023-10-02,162314,778.0,2.456,6.627,3.95,74.817,74.627
6208,41,2023-10-09,163204,479.0,2.814,4.973,3.184,77.219,78.807
6209,41,2023-10-16,164274,515.0,2.714,8.476,2.359,72.485,82.575
6210,41,2023-10-23,165340,784.0,4.847,3.992,1.661,75.984,91.388
6211,41,2023-10-30,167057,675.0,2.982,6.745,1.219,74.983,80.963
6212,41,2023-11-06,167928,900.0,2.596,7.356,1.533,76.696,91.577
6213,41,2023-11-13,168800,341.0,4.02,4.867,2.777,78.66,85.013
6214,41,2023-11-20,169770,569.0,2.751,6.359,2.724,77.063,69.621
6215,41,2023-11-27,171434,715.0,0.372,4.459,1.065,77.674,87.006
6216,41,2023-12-04,172878,1047.0,4.531,6.645,4.008,74.642,72.628
6217,41,2023-12-11,173855,430.0,3.097,6.543,3.173,76.08,81.273
6218,41,2023-12-18,175230,670.0,3.036,7.161,2.766,76.876,84.208
6219,41,2023-12-25,176845,726.0,4.155,8.782,1.549,74.974,68.254
6220,41,2024-01-01,178447,531.0,2.554,4.084,2.416,78.014,77.916
6221,41,2024-01-08,179194,1057.0,3.751,9.8,3.042,73.078,90.155
6222,41,2024-01-15,180534,590.0,2.715,2.746,1.082,84.986,79.015
6223,41,2024-01-22,181535,1197.0,2.525,7.201,2.648,77.397,80.147
6224,41,2024-01-29,182509,1222.0,3.306,6.968,1.949,82.523,65.896
6225,41,2024-02-05,183911,1094.0,3.311,6.015,1.105,76.065,67.487
6226,41,2024-02-12,185489,724.0,4.986,9.526,1.264,74.993,79.275
6227,41,2024-02-19,185998,951.0,4.153,3.552,1.79,75.874,73.328
6228,41,2024-02-26,186948,894.0,2.373,5.143,1.368,74.549,82.834
6229,41,2024-03-04,188088,676.0,3.322,4.571,1.626,76.375,81.407
6230,41,2024-03-11,189515,723.0,3.784,7.054,1.582,78.031,83.579
6231,41,2024-03-18,190750,399.0,4.694,2.638,1.177,77.532,78.368
6232,41,2024-03-25,191551,1269.0,3.402,8.485,1.585,76.366,74.234
6233,41,2024-04-01,192658,1082.0,2.01,5.182,1.425,76.539,69.074
6234,41,2024-04-08,194350,1547.0,5.296,4.485,1.192,75.765,83.75
6235,41,2024-04-15,195218,787.0,4.453,7.141,3.206,75.376,70.9
6236,41,2024-04-22,197019,594.0,4.096,7.068,3.027,76.197,73.133
6237,41,2024-04-29,198255,701.0,3.073,2.875,1.531,76.372,77.333
6238,41,2024-05-06,199762,576.0,1.865,9.34,2.636,74.526,72.011
6239,41,2024-05-13,201293,478.0,2.347,8.283,1.394,73.983,76.488
6240,41,2024-05-20,202229,735.0,2.359,5.396,3.686,77.308,88.938
6241,41,2024-05-27,202802,670.0,1.739,12.006,1.596,76.43,87.812
6242,41,2024-06-03,203487,933.0,1.998,7.425,2.705,76.625,89.87
6243,41,2024-06-10,204043,1014.0,4.317,9.773,1.7,76.413,84.487
6244,41,2024-06-17,205887,980.0,1.913,10.327,2.381,80.409,80.28
6245,41,2024-06-24,208248,417.0,4.35,5.714,2.004,76.284,91.57
6246,41,2024-07-01,209711,1019.0,2.423,4.403,1.14,77.213,76.087
6247,41,2024-07-08,211056,547.0,4.365,6.9,1.473,73.989,79.25
6248,41,2024-07-15,212636,973.0,2.349,5.715,3.34,78.822,77.507
6249,41,2024-07-22,213926,606.0,2.272,5.489,1.914,75.171,77.726
6250,41,2024-07-29,215469,546.0,2.676,9.431,2.142,74.583,71.465
6251,41,2024-08-05,216397,609.0,1.987,5.912,2.342,74.808,76.716
6252,41,2024-08-12,217761,935.0,2.141,7.271,1.559,76.708,83.979
6253,41,2024-08-19,218406,617.0,2.261,7.884,1.669,85.698,73.496
6254,41,2024-08-26,219102,553.0,3.665,8.109,5.048,75.939,80.087
6255,41,2024-09-02,220884,978.0,3.704,7.585,1.67,75.505,79.594
6256,41,2024-09-09,221732,874.0,3.056,7.546,5.728,84.938,75.685
6257,41,2024-09-16,223671,880.0,0.815,5.897,2.344,75.784,75.084
6258,41,2024-09-23,224741,453.0,2.318,6.004,1.286,78.319,76.008
6259,41,2024-09-30,226418,589.0,3.062,9.985,2.051,77.823,74.841
6260,41,2024-10-07,227852,1000.0,3.931,7.364,2.285,75.827,69.544
6261,41,2024-10-14,228647,435.0,2.015,7.186,1.889,75.864,85.001
6262,41,2024-10-21,230312,1013.0,2.311,6.842,2.33,76.503,81.094
6263,41,2024-10-28,231571,683.0,5.406,10.897,3.891,77.428,69.17
6264,41,2024-11-04,232662,469.0,4.538,10.766,4.939,73.783,72.345
6265,41,2024-11-11,235033,958.0,1.635,10.903,1.682,77.235,71.311
6266,41,2024-11-18,235717,477.0,4.548,7.623,1.859,76.62,88.464
6267,41,2024-11-25,237459,392.0,2.497,8.657,3.953,76.048,72.479
6268,41,2024-12-02,239295,580.0,3.701,14.215,2.843,76.825,81.517
6269,41,2024-12-09,239955,734.0,2.886,4.784,1.553,75.246,85.344
6270,41,2024-12-16,241008,888.0,3.979,8.782,1.928,77.167,68.124
6271,41,2024-12-23,242189,591.0,4.028,4.071,1.813,78.491,83.914
6272,41,2024-12-30,243720,579.0,3.316,3.677,1.425,76.31,77.225
6273,41,2025-01-06,244390,609.0,2.738,5.794,1.124,77.278,79.505
6274,41,2025-01-13,245211,800.0,2.561,8.359,6.006,75.97,73.019
6275,41,2025-01-20,246793,2085.0,3.048,7.317,1.427,76.988,76.024
6276,41,2025-01-27,247710,684.0,3.524,6.244,2.426,78.978,76.793
6277,41,2025-02-03,248647,522.0,2.554,5.255,1.91,75.865,68.377
6278,41,2025-02-10,249975,1523.0,2.724,6.446,1.597,75.7,72.007
6279,41,2025-02-17,251365,502.0,2.51,4.508,2.446,86.141,71.781
6280,41,2025-02-24,252857,702.0,3.736,5.915,2.344,75.466,76.111
6281,41,2025-03-03,254035,755.0,4.608,4.532,1.884,85.492,70.924
6282,41,2025-03-10,255182,653.0,2.845,7.326,1.935,73.337,75.491
6283,41,2025-03-17,256334,936.0,2.94,5.477,1.363,77.767,77.453
6284,41,2025-03-24,258149,661.0,3.518,6.178,1.734,74.685,76.245
6285,41,2025-03-31,258979,748.0,3.649,5.65,3.169,77.649,69.853
6286,41,2025-04-07,259736,1011.0,4.573,11.47,5.787,75.321,68.578
6287,41,2025-04-14,261074,744.0,3.124,4.779,1.27,75.431,72.499
6288,41,2025-04-21,262289,896.0,2.723,9.112,2.08,76.441,78.943
6289,41,2025-04-28,263402,731.0,3.136,5.498,3.002,75.399,73.64
6290,41,2025-05-05,264735,676.0,2.391,13.573,1.524,75.393,76.21
6291,41,2025-05-12,266336,1694.0,4.732,13.201,0.642,76.25,81.032
6292,41,2025-05-19,268178,844.0,1.996,7.299,1.853,77.214,79.916
6293,41,2025-05-26,269440,589.0,3.897,5.126,1.95,80.749,84.953
6294,41,2025-06-02,271038,1312.0,2.478,6.6,3.716,77.899,80.457
6295,41,2025-06-09,272172,837.0,4.952,6.138,1.469,79.488,88.798
6296,41,2025-06-16,273723,926.0,4.617,5.743,2.648,76.847,82.132
6297,41,2025-06-23,275183,653.0,1.866,3.76,1.797,76.369,72.303
6298,41,2025-06-30,276219,848.0,4.411,4.005,1.749,75.805,85.536
6299,41,2025-07-07,277240,559.0,1.765,4.016,1.923,77.237,69.52
6300,41,2025-07-14,278107,698.0,2.78,8.481,1.992,79.043,74.153
6301,41,2025-07-21,280314,890.0,2.928,9.082,1.524,77.567,84.528
6302,41,2025-07-28,281867,1340.0,5.039,6.163,2.58,77.886,68.555
6303,41,2025-08-04,283219,642.0,3.307,6.651,2.193,73.83,70.396
6304,41,2025-08-11,284456,369.0,2.746,6.989,1.83,77.181,75.697
6305,41,2025-08-18,285617,611.0,3.662,5.13,2.183,76.309,85.424
6306,41,2025-08-25,287146,458.0,3.934,5.91,2.453,77.363,75.431
6307,41,2025-09-01,288682,822.0,2.482,8.626,2.068,74.356,68.611
6308,41,2025-09-08,289912,603.0,4.057,5.356,1.882,77.256,82.001
6309,41,2025-09-15,291010,802.0,4.008,8.405,1.338,76.088,74.97
6310,41,2025-09-22,292190,641.0,2.15,8.429,2.563,76.5,84.704
6311,41,2025-09-29,293916,491.0,3.74,11.697,2.962,77.165,77.432
6312,41,2025-10-06,294782,700.0,2.494,11.791,3.179,84.144,81.632
6313,41,2025-10-13,296236,923.0,4.846,6.71,2.323,75.064,74.094
6314,41,2025-10-20,297690,1468.0,4.507,11.572,2.464,77.844,77.183
6315,41,2025-10-27,298961,1036.0,3.392,4.343,2.74,76.188,77.419
6316,41,2025-11-03,301229,1086.0,2.507,12.74,1.7,75.572,83.114
6317,41,2025-11-10,301915,784.0,3.514,3.383,1.726,77.59,71.271
6318,41,2025-11-17,303119,758.0,2.858,8.175,1.709,75.975,68.104
6319,41,2025-11-24,304271,893.0,4.805,5.833,6.403,74.038,80.251
6320,41,2025-12-01,305792,429.0,2.305,6.122,3.992,77.155,72.726
6321,41,2025-12-08,306893,578.0,2.985,5.398,3.192,75.159,75.894
6322,41,2025-12-15,308537,902.0,2.314,0.115,1.479,79.781,75.426
6323,41,2025-12-22,310237,877.0,2.125,2.586,1.956,78.592,84.577
6324,41,2025-12-29,311676,481.0,5.497,7.002,2.133,74.558,80.244
6325,42,2023-01-02,18651,753.0,3.175,4.604,2.018,75.655,80.549
6326,42,2023-01-09,19991,501.0,4.707,8.398,6.238,81.619,88.373
6327,42,2023-01-16,21365,1474.0,3.791,6.645,3.055,73.955,83.481
6328,42,2023-01-23,23406,494.0,2.56,10.021,2.196,76.745,73.386
6329,42,2023-01-30,25004,848.0,2.718,7.66,2.687,75.546,65.099
6330,42,2023-02-06,26920,1160.0,2.165,7.001,1.997,76.11,88.069
6331,42,2023-02-13,28244,1004.0,2.746,16.554,5.738,74.622,83.155
6332,42,2023-02-20,29898,821.0,5.278,5.108,3.342,76.394,72.285
6333,42,2023-02-27,31004,553.0,2.599,7.058,1.802,84.079,75.315
6334,42,2023-03-06,32425,1187.0,2.593,6.89,1.833,78.102,84.967
6335,42,2023-03-13,33828,481.0,4.235,5.083,1.71,75.728,71.135
6336,42,2023-03-20,34586,1257.0,4.782,6.491,1.446,76.839,73.733
6337,42,2023-03-27,35723,725.0,2.257,8.232,1.936,77.059,77.95
6338,42,2023-04-03,37005,759.0,3.083,4.748,3.613,74.456,77.089
6339,42,2023-04-10,38902,515.0,2.277,5.903,1.455,85.057,78.065
6340,42,2023-04-17,40485,1007.0,3.917,3.888,1.691,82.34,68.558
6341,42,2023-04-24,41046,718.0,3.737,5.773,2.678,75.174,65.797
6342,42,2023-05-01,41808,889.0,4.526,6.507,1.653,76.061,79.38
6343,42,2023-05-08,43041,509.0,3.782,6.027,3.502,73.561,83.571
6344,42,2023-05-15,44701,1089.0,3.211,6.954,1.944,78.96,69.126
6345,42,2023-05-22,46320,915.0,2.787,5.121,2.119,74.309,74.677
6346,42,2023-05-29,47717,1041.0,3.347,0.392,1.406,74.013,73.977
6347,42,2023-06-05,48591,519.0,4.444,5.219,3.295,80.097,84.055
6348,42,2023-06-12,49729,482.0,2.422,5.394,2.391,75.181,73.086
6349,42,2023-06-19,51608,457.0,2.751,2.965,2.627,78.088,75.43
6350,42,2023-06-26,52489,377.0,3.991,6.402,1.7,74.824,76.689
6351,42,2023-07-03,53173,569.0,5.183,11.671,2.872,73.597,82.503
6352,42,2023-07-10,54246,521.0,3.585,7.062,1.459,76.243,81.696
6353,42,2023-07-17,55109,895.0,3.385,4.359,0.767,82.632,73.464
6354,42,2023-07-24,56767,635.0,2.256,13.734,1.498,75.565,91.056
6355,42,2023-07-31,58425,922.0,3.467,9.302,1.92,76.822,65.114
6356,42,2023-08-07,59806,1202.0,2.257,8.021,3.126,82.689,73.716
6357,42,2023-08-14,61459,189.0,3.234,7.551,2.985,75.923,77.799
6358,42,2023-08-21,62649,1192.0,2.901,8.949,4.705,72.878,85.108
6359,42,2023-08-28,63944,645.0,3.886,11.869,3.211,76.081,77.65
6360,42,2023-09-04,64934,613.0,3.202,8.913,1.947,75.043,76.176
6361,42,2023-09-11,66633,1261.0,4.361,5.904,2.029,77.529,76.247
6362,42,2023-09-18,68062,1624.0,3.676,7.793,1.887,80.104,70.558
6363,42,2023-09-25,69467,891.0,0.345,6.392,1.405,77.48,84.553
6364,42,2023-10-02,70639,1292.0,2.23,5.937,1.88,83.673,77.248
6365,42,2023-10-09,71753,408.0,2.007,6.877,2.654,74.484,70.189
6366,42,2023-10-16,72191,814.0,3.732,7.445,5.214,78.119,71.183
6367,42,2023-10-23,73637,622.0,3.568,4.018,1.182,77.259,79.307
6368,42,2023-10-30,74690,581.0,1.965,6.997,1.855,75.247,74.641
6369,42,2023-11-06,76970,553.0,2.6,8.405,7.417,77.183,80.011
6370,42,2023-11-13,78292,569.0,4.749,5.188,1.023,76.935,77.033
6371,42,2023-11-20,80969,1157.0,4.516,4.628,2.788,75.297,82.764
6372,42,2023-11-27,81850,1154.0,3.4,6.827,2.721,75.941,74.682
6373,42,2023-12-04,83543,774.0,4.515,17.33,2.717,74.025,91.432
6374,42,2023-12-11,85464,797.0,5.07,5.836,3.64,76.443,75.502
6375,42,2023-12-18,86478,505.0,3.577,9.374,2.048,76.715,78.784
6376,42,2023-12-25,88027,503.0,2.66,12.881,1.405,76.737,91.073
6377,42,2024-01-01,89307,419.0,4.505,4.686,2.384,77.134,83.347
6378,42,2024-01-08,90652,405.0,1.86,4.341,1.788,76.578,81.757
6379,42,2024-01-15,91372,701.0,4.237,5.986,3.11,77.91,73.009
6380,42,2024-01-22,92373,917.0,2.419,2.946,1.764,75.78,79.601
6381,42,2024-01-29,93417,686.0,3.666,3.777,1.613,77.297,75.993
6382,42,2024-02-05,94624,649.0,1.757,0.671,2.948,77.947,77.752
6383,42,2024-02-12,96138,398.0,4.027,10.783,3.452,84.13,76.585
6384,42,2024-02-19,97302,632.0,4.481,6.195,2.587,74.783,73.498
6385,42,2024-02-26,98460,750.0,3.668,4.458,1.795,75.364,75.688
6386,42,2024-03-04,100270,711.0,4.011,5.801,2.638,74.398,83.882
6387,42,2024-03-11,101299,908.0,2.652,4.118,1.72,77.357,75.206
6388,42,2024-03-18,102586,487.0,3.378,5.771,1.684,77.366,74.618
6389,42,2024-03-25,103510,672.0,2.834,6.491,2.698,76.504,77.767
6390,42,2024-04-01,104543,705.0,2.641,5.288,1.165,77.115,91.852
6391,42,2024-04-08,105351,997.0,1.98,5.018,2.484,78.308,70.843
6392,42,2024-04-15,107131,689.0,4.206,2.361,5.849,75.797,74.297
6393,42,2024-04-22,108169,648.0,1.946,7.265,2.084,76.802,85.2
6394,42,2024-04-29,109100,819.0,2.185,8.078,1.808,78.191,80.614
6395,42,2024-05-06,110267,741.0,3.456,5.95,2.713,76.8,74.891
6396,42,2024-05-13,111539,480.0,2.902,4.07,2.095,83.708,76.294
6397,42,2024-05-20,113860,608.0,3.113,4.165,1.74,76.703,78.226
6398,42,2024-05-27,115160,604.0,3.616,6.717,1.314,76.261,74.047
6399,42,2024-06-03,116966,911.0,3.092,6.511,2.172,76.808,76.468
6400,42,2024-06-10,118627,891.0,4.22,5.246,3.25,78.293,77.017
6401,42,2024-06-17,120958,1002.0,2.535,4.319,2.299,76.324,74.788
6402,42,2024-06-24,122081,1272.0,2.688,3.04,1.542,75.343,78.366
6403,42,2024-07-01,124042,783.0,3.773,0.414,1.886,76.848,86.382
6404,42,2024-07-08,125523,630.0,2.128,3.706,0.696,76.282,88.232
6405,42,2024-07-15,126685,842.0,2.265,3.143,1.155,77.943,84.734
6406,42,2024-07-22,127574,666.0,3.527,8.626,2.096,74.028,66.678
6407,42,2024-07-29,129394,1082.0,4.656,8.058,1.704,76.32,71.192
6408,42,2024-08-05,130408,692.0,2.892,14.22,1.798,76.723,79.73
6409,42,2024-08-12,131261,927.0,2.144,6.685,1.386,76.923,89.145
6410,42,2024-09-02,134448,1042.0,3.278,4.305,2.63,83.191,67.055
6411,42,2024-09-09,136089,658.0,3.138,5.606,3.527,75.561,73.958
6412,42,2024-09-16,137678,574.0,2.448,6.566,1.829,88.021,87.826
6413,42,2024-09-23,138968,812.0,3.11,5.864,1.316,78.34,89.33
6414,42,2024-09-30,140572,960.0,3.652,9.396,3.338,76.622,86.445
6415,42,2024-10-07,142581,666.0,4.872,8.25,1.455,82.229,71.848
6416,42,2024-10-14,143713,614.0,2.087,14.022,1.249,82.289,75.204
6417,42,2024-10-21,145275,916.0,2.47,8.022,3.453,77.144,73.313
6418,42,2024-10-28,146109,719.0,4.08,8.036,2.099,83.761,79.866
6419,42,2024-11-04,147209,455.0,2.396,5.743,3.02,75.619,84.869
6420,42,2024-11-11,148830,571.0,2.697,3.291,1.49,75.123,88.373
6421,42,2024-11-18,149986,865.0,3.129,4.413,2.513,78.501,89.717
6422,42,2024-11-25,151169,484.0,2.346,6.201,1.747,85.544,71.771
6423,42,2024-12-02,151323,773.0,4.45,7.415,1.707,76.34,72.694
6424,42,2024-12-09,152201,459.0,2.676,5.413,2.567,76.595,88.251
6425,42,2024-12-16,153553,954.0,2.008,6.444,1.849,75.664,69.62
6426,42,2024-12-23,154307,868.0,4.849,7.976,1.695,78.013,87.998
6427,42,2024-12-30,156027,845.0,5.263,6.094,1.911,75.603,84.146
6428,42,2025-01-06,157674,553.0,3.464,1.44,2.041,77.534,72.147
6429,42,2025-01-13,158790,919.0,3.067,4.246,1.106,77.362,78.255
6430,42,2025-01-20,160238,626.0,3.796,6.59,1.458,76.924,75.852
6431,42,2025-01-27,161093,1478.0,2.505,2.396,2.713,76.628,74.588
6432,42,2025-02-03,161822,883.0,3.272,0.013,0.512,78.901,82.039
6433,42,2025-02-10,162890,557.0,4.563,6.548,1.151,74.861,92.37
6434,42,2025-02-17,163773,720.0,2.271,7.764,2.257,74.886,73.347
6435,42,2025-02-24,164852,690.0,2.509,8.929,2.8,76.197,69.357
6436,42,2025-03-03,166689,881.0,3.005,5.896,2.09,75.379,66.607
6437,42,2025-03-10,167578,952.0,2.146,3.627,1.836,76.69,73.911
6438,42,2025-03-17,169361,859.0,3.324,6.786,2.457,76.695,84.062
6439,42,2025-03-24,170322,498.0,2.851,8.231,2.844,75.111,69.246
6440,42,2025-03-31,171489,601.0,2.825,4.766,2.808,77.827,81.199
6441,42,2025-04-07,173252,809.0,2.195,10.861,1.771,75.529,80.83
6442,42,2025-04-14,173830,484.0,4.564,6.84,1.172,75.3,75.087
6443,42,2025-04-21,175632,1240.0,2.111,4.638,2.427,85.432,76.128
6444,42,2025-04-28,176695,497.0,2.937,7.593,2.297,75.825,79.693
6445,42,2025-05-05,178383,830.0,3.19,4.509,1.154,73.515,87.54
6446,42,2025-05-12,180470,867.0,4.711,5.052,2.037,75.529,77.856
6447,42,2025-05-19,182254,567.0,1.905,4.733,4.205,76.859,67.273
6448,42,2025-05-26,183806,412.0,4.73,6.713,1.487,77.174,84.309
6449,42,2025-06-02,185482,479.0,2.316,5.057,4.823,84.089,83.695
6450,42,2025-06-09,187069,566.0,3.517,8.587,2.07,76.668,72.648
6451,42,2025-06-16,188093,1095.0,2.683,6.844,1.718,77.765,78.053
6452,42,2025-06-23,189857,796.0,2.749,6.851,2.405,76.474,78.919
6453,42,2025-06-30,190853,650.0,2.832,4.034,1.679,78.194,76.498
6454,42,2025-07-07,192520,464.0,2.609,4.718,1.115,88.052,80.524
6455,42,2025-07-14,194305,619.0,3.533,7.59,1.421,77.336,78.528
6456,42,2025-07-21,196453,453.0,2.549,2.371,1.706,74.983,82.573
6457,42,2025-07-28,197659,898.0,4.667,4.459,1.95,77.281,86.071
6458,42,2025-08-04,199481,505.0,3.839,15.543,2.303,78.511,78.101
6459,42,2025-08-11,200640,464.0,2.106,5.862,2.292,74.0,67.448
6460,42,2025-08-18,202103,1048.0,4.705,7.861,1.856,75.597,88.95
6461,42,2025-08-25,202942,1062.0,5.217,3.782,1.766,78.292,76.37
6462,42,2025-09-01,203930,890.0,4.19,7.303,4.144,80.831,90.279
6463,42,2025-09-08,204605,1424.0,3.41,8.954,1.957,77.88,72.71
6464,42,2025-09-15,205889,822.0,3.6,5.077,1.626,75.254,77.681
6465,42,2025-09-22,206918,763.0,4.628,3.652,1.048,76.789,74.438
6466,42,2025-10-06,209257,455.0,2.396,5.743,3.02,75.619,84.869
6467,42,2025-10-13,210613,554.0,4.033,4.153,2.391,76.729,82.349
6468,42,2025-10-20,211949,951.0,2.236,3.74,2.185,74.945,76.535
6469,42,2025-10-27,213032,746.0,3.108,5.577,3.268,73.353,72.238
6470,42,2025-11-03,214779,675.0,4.12,3.52,2.079,76.677,82.773
6471,42,2025-11-10,216640,678.0,3.706,4.829,2.045,74.545,88.96
6472,42,2025-11-17,218008,612.0,3.004,7.534,2.641,75.505,79.511
6473,42,2025-11-24,219263,470.0,4.285,7.255,3.331,76.585,71.374
6474,42,2025-12-01,220754,1126.0,2.148,3.423,2.049,75.294,81.589
6475,42,2025-12-08,221703,553.0,2.338,18.616,3.012,84.257,79.702
6476,42,2025-12-15,222722,1194.0,4.705,4.991,1.383,75.563,74.672
6477,42,2025-12-22,224435,919.0,3.505,5.329,2.205,78.018,84.049
6478,42,2025-12-29,225655,698.0,3.297,6.101,3.439,77.151,72.256
6479,43,2023-01-02,97470,434.0,4.78,1.804,1.515,75.519,71.281
6480,43,2023-01-09,98903,1076.0,4.461,8.998,3.122,81.325,75.209
6481,43,2023-01-16,100475,586.0,4.116,7.72,1.989,75.45,70.583
6482,43,2023-01-23,101812,629.0,3.987,6.076,2.797,74.958,70.889
6483,43,2023-01-30,103715,663.0,5.48,8.088,2.018,74.473,69.724
6484,43,2023-02-06,104299,643.0,2.107,4.856,3.096,77.618,77.837
6485,43,2023-02-13,105367,554.0,2.528,4.329,1.188,77.092,66.791
6486,43,2023-02-20,107163,860.0,2.862,5.477,1.617,76.612,70.447
6487,43,2023-02-27,108069,1013.0,2.232,4.298,2.86,75.662,83.658
6488,43,2023-03-06,109467,758.0,2.473,7.17,4.087,79.878,83.34
6489,43,2023-03-13,110811,592.0,2.649,5.987,2.681,79.345,73.801
6490,43,2023-03-20,111503,539.0,2.778,12.542,2.109,74.898,80.094
6491,43,2023-03-27,112455,897.0,3.552,8.119,2.807,77.173,78.311
6492,43,2023-04-03,114175,702.0,4.85,6.122,1.612,77.514,79.901
6493,43,2023-04-10,115602,604.0,3.343,5.349,2.565,75.733,90.984
6494,43,2023-04-17,117600,626.0,3.902,8.126,2.44,76.798,85.275
6495,43,2023-04-24,118749,669.0,4.752,4.908,1.173,77.081,80.046
6496,43,2023-05-01,119892,820.0,3.837,7.044,2.954,77.087,83.63
6497,43,2023-05-08,121001,979.0,3.954,14.736,2.153,76.257,82.308
6498,43,2023-05-15,123135,901.0,2.501,6.262,2.205,75.347,75.795
6499,43,2023-05-22,124869,801.0,2.056,6.429,3.157,74.484,76.42
6500,43,2023-05-29,125701,1389.0,3.246,9.811,1.572,76.531,78.12
6501,43,2023-06-05,126753,851.0,0.197,5.739,3.172,85.445,78.103
6502,43,2023-06-12,128101,790.0,2.738,7.542,2.778,76.32,70.882
6503,43,2023-06-19,129491,719.0,3.295,8.236,1.477,77.902,71.675
6504,43,2023-06-26,130687,634.0,3.505,7.167,2.441,78.118,80.72
6505,43,2023-07-03,131824,774.0,3.178,4.982,2.546,74.946,86.456
6506,43,2023-07-10,133331,1084.0,2.71,8.387,1.53,77.412,83.396
6507,43,2023-07-17,134086,647.0,3.487,4.357,2.856,76.495,90.321
6508,43,2023-07-31,136384,580.0,2.894,8.051,1.975,75.747,82.929
6509,43,2023-08-07,137919,1500.0,2.424,2.817,1.344,82.224,66.729
6510,43,2023-08-14,139217,847.0,3.652,4.876,2.635,83.618,83.518
6511,43,2023-08-21,140861,677.0,3.676,4.735,2.334,83.901,67.34
6512,43,2023-08-28,143399,496.0,4.845,15.46,2.553,76.189,82.93
6513,43,2023-09-04,144104,827.0,5.19,7.692,1.67,75.159,75.618
6514,43,2023-09-11,145541,1005.0,4.394,6.725,1.254,86.566,78.934
6515,43,2023-09-18,146719,755.0,4.608,4.532,1.884,85.492,70.924
6516,43,2023-09-25,148402,1381.0,4.209,8.09,1.771,81.853,80.181
6517,43,2023-10-02,149523,642.0,5.403,5.509,1.999,75.276,65.597
6518,43,2023-10-09,150873,697.0,2.599,2.939,2.704,77.9,77.368
6519,43,2023-10-16,151970,851.0,2.065,6.558,2.881,74.051,78.0
6520,43,2023-10-30,153261,617.0,3.477,2.44,2.864,77.662,73.617
6521,43,2023-11-06,153963,1465.0,5.105,5.652,1.719,81.957,73.465
6522,43,2023-11-13,155112,863.0,3.793,5.332,2.425,77.134,76.792
6523,43,2023-11-20,155836,854.0,1.794,4.731,1.851,75.039,72.663
6524,43,2023-11-27,157403,968.0,0.397,6.558,2.356,77.811,82.998
6525,43,2023-12-04,159030,438.0,2.55,2.512,1.639,78.775,73.31
6526,43,2023-12-11,160975,697.0,2.599,2.939,2.704,77.9,77.368
6527,43,2023-12-18,162917,1339.0,4.324,8.278,2.515,77.385,80.65
6528,43,2023-12-25,165074,827.0,4.218,3.044,3.343,76.252,74.479
6529,43,2024-01-01,166385,812.0,1.868,5.768,2.604,77.54,67.155
6530,43,2024-01-08,167580,837.0,2.271,4.403,1.763,75.905,80.846
6531,43,2024-01-15,169307,767.0,2.671,9.168,2.379,74.643,69.177
6532,43,2024-01-22,170220,952.0,2.447,7.588,2.011,76.195,75.894
6533,43,2024-01-29,171604,555.0,4.648,5.763,1.578,76.763,69.53
6534,43,2024-02-05,172534,461.0,3.867,11.898,2.426,78.043,68.914
6535,43,2024-02-12,173981,455.0,2.762,1.248,1.034,78.491,84.321
6536,43,2024-02-19,174816,629.0,2.68,4.914,5.196,73.748,85.629
6537,43,2024-02-26,176192,534.0,2.087,6.621,2.391,81.464,80.32
6538,43,2024-03-04,177167,509.0,2.593,5.44,1.178,77.635,80.447
6539,43,2024-03-11,179036,704.0,5.264,2.488,3.094,74.656,89.362
6540,43,2024-03-18,180279,1202.0,2.257,8.021,3.126,82.689,73.716
6541,43,2024-03-25,181783,877.0,2.783,6.597,2.05,75.591,75.813
6542,43,2024-04-01,182323,651.0,2.863,4.051,1.849,77.48,83.135
6543,43,2024-04-08,183454,884.0,2.58,5.055,2.105,73.433,74.677
6544,43,2024-04-15,184341,1084.0,4.412,4.431,1.523,84.752,79.092
6545,43,2024-04-22,185577,1392.0,4.708,6.485,1.23,84.537,82.47
6546,43,2024-04-29,187174,378.0,4.292,4.349,2.135,77.158,88.487
6547,43,2024-05-06,187964,633.0,3.367,6.816,1.583,74.922,78.532
6548,43,2024-05-13,189446,714.0,3.326,5.931,3.549,75.762,71.315
6549,43,2024-05-20,190837,676.0,3.558,7.326,1.359,76.277,79.233
6550,43,2024-05-27,191274,954.0,5.86,5.504,3.383,75.3,77.347
6551,43,2024-06-03,192070,537.0,2.078,7.797,2.793,81.186,87.057
6552,43,2024-06-10,193694,695.0,3.746,6.052,2.935,79.556,82.772
6553,43,2024-06-17,195178,715.0,2.59,5.261,2.286,75.837,76.297
6554,43,2024-06-24,196786,708.0,2.947,5.088,2.925,77.462,76.91
6555,43,2024-07-01,198684,540.0,1.915,5.478,1.835,78.143,82.457
6556,43,2024-07-08,200050,940.0,5.436,5.037,1.534,83.43,77.659
6557,43,2024-07-15,201860,551.0,3.521,6.342,1.283,74.61,78.892
6558,43,2024-07-22,203671,1239.0,3.969,5.328,2.499,77.358,80.285
6559,43,2024-07-29,205233,1464.0,2.396,10.974,2.383,77.052,72.306
6560,43,2024-08-05,207019,854.0,3.046,6.861,1.253,73.392,87.655
6561,43,2024-08-12,207505,1649.0,4.258,8.007,1.837,78.216,74.742
6562,43,2024-08-26,209803,899.0,3.225,5.916,3.872,77.307,81.457
6563,43,2024-09-02,210844,737.0,2.655,3.539,1.755,75.261,69.942
6564,43,2024-09-09,212610,498.0,2.343,4.892,2.191,77.436,73.022
6565,43,2024-09-16,213933,700.0,2.214,5.039,2.813,77.212,80.713
6566,43,2024-09-23,214787,423.0,2.139,7.344,2.365,75.11,85.999
6567,43,2024-09-30,216395,603.0,2.321,5.106,1.019,88.263,86.36
6568,43,2024-10-07,217534,943.0,2.043,3.918,2.122,76.986,74.211
6569,43,2024-10-14,218617,990.0,3.036,5.65,0.841,77.011,75.664
6570,43,2024-10-21,220200,681.0,3.901,8.304,1.518,76.058,80.11
6571,43,2024-10-28,220438,994.0,3.713,6.319,2.066,78.383,70.552
6572,43,2024-11-11,222500,971.0,3.962,5.506,1.051,76.333,71.75
6573,43,2024-11-18,223388,469.0,4.538,10.766,4.939,73.783,72.345
6574,43,2024-11-25,224834,1262.0,2.805,15.757,2.288,78.506,82.024
6575,43,2024-12-02,226154,996.0,4.75,13.868,1.692,78.055,80.518
6576,43,2024-12-09,227501,913.0,3.965,4.636,2.052,76.176,76.146
6577,43,2024-12-16,228746,1236.0,4.948,5.668,1.486,76.189,76.537
6578,43,2024-12-23,230304,925.0,2.634,6.403,2.501,79.454,71.704
6579,43,2024-12-30,231902,1299.0,5.661,14.704,1.595,75.552,68.645
6580,43,2025-01-06,233382,723.0,2.937,8.667,2.475,81.351,79.556
6581,43,2025-01-13,234937,531.0,2.052,5.597,1.547,75.325,78.501
6582,43,2025-01-20,236323,84.0,3.83,4.907,1.062,75.627,77.408
6583,43,2025-01-27,237640,985.0,2.519,9.05,1.67,76.504,80.175
6584,43,2025-02-03,238811,460.0,3.584,6.662,2.695,77.063,80.269
6585,43,2025-02-10,239569,788.0,2.24,5.178,4.722,76.951,81.531
6586,43,2025-02-17,240627,485.0,5.065,5.412,3.461,76.172,78.305
6587,43,2025-02-24,242767,960.0,3.652,9.396,3.338,76.622,86.445
6588,43,2025-03-03,244542,971.0,4.134,0.829,2.39,75.254,82.408
6589,43,2025-03-10,245694,429.0,3.161,6.394,5.876,83.172,69.023
6590,43,2025-03-17,246847,519.0,3.869,6.278,1.709,77.239,84.574
6591,43,2025-03-24,248097,786.0,4.178,10.815,0.867,78.351,74.144
6592,43,2025-03-31,249201,489.0,2.216,7.208,0.06,78.068,79.47
6593,43,2025-04-07,250543,744.0,2.492,10.515,4.298,77.257,64.405
6594,43,2025-04-14,252259,584.0,3.016,8.032,2.964,74.261,85.184
6595,43,2025-04-21,253624,915.0,1.918,6.022,1.24,77.06,81.937
6596,43,2025-04-28,254613,399.0,4.618,3.441,1.865,75.662,75.372
6597,43,2025-05-05,255819,758.0,3.781,5.982,2.202,77.653,73.496
6598,43,2025-05-12,257425,665.0,2.808,8.649,2.046,75.749,73.401
6599,43,2025-05-19,258893,730.0,5.867,15.459,3.757,74.162,66.796
6600,43,2025-06-02,261153,681.0,2.002,3.505,2.564,77.576,76.499
6601,43,2025-06-09,261895,502.0,5.506,6.956,1.763,75.384,66.033
6602,43,2025-06-16,262977,504.0,4.535,11.258,1.575,75.496,66.822
6603,43,2025-06-23,264369,711.0,3.076,4.292,2.252,86.869,83.695
6604,43,2025-06-30,266135,1321.0,2.915,5.941,2.074,77.513,77.061
6605,43,2025-07-07,267225,675.0,3.176,7.769,1.963,75.888,79.203
6606,43,2025-07-14,267610,511.0,1.866,6.886,5.632,76.885,81.614
6607,43,2025-07-21,268506,919.0,3.505,5.329,2.205,78.018,84.049
6608,43,2025-07-28,269787,1488.0,5.044,6.817,2.288,76.613,71.489
6609,43,2025-08-04,271296,587.0,4.05,6.092,1.695,77.683,63.087
6610,43,2025-08-11,272753,1220.0,3.647,6.137,3.597,74.127,76.957
6611,43,2025-08-18,273819,879.0,4.53,4.717,0.763,76.812,81.198
6612,43,2025-08-25,274878,581.0,2.396,8.166,3.222,77.129,81.44
6613,43,2025-09-01,276096,502.0,3.742,6.236,1.537,76.116,80.002
6614,43,2025-09-08,277323,928.0,3.557,7.282,2.443,77.538,76.321
6615,43,2025-09-15,279373,797.0,3.369,6.057,1.722,74.296,75.222
6616,43,2025-09-22,280508,949.0,2.358,5.718,3.893,80.827,87.2
6617,43,2025-09-29,282191,823.0,2.144,6.716,1.193,74.514,75.381
6618,43,2025-10-06,283245,676.0,4.087,6.51,2.411,75.071,74.836
6619,43,2025-10-13,284806,799.0,4.49,3.432,2.766,83.781,85.755
6620,43,2025-10-27,287169,924.0,2.768,7.054,1.371,76.163,77.877
6621,43,2025-11-03,288370,921.0,4.049,5.639,2.885,76.997,78.633
6622,43,2025-11-10,290306,963.0,4.882,7.262,5.338,77.095,77.9
6623,43,2025-11-17,291821,1069.0,4.227,5.816,2.016,77.51,85.857
6624,43,2025-11-24,292247,472.0,2.968,4.994,1.394,76.253,69.299
6625,43,2025-12-01,293242,872.0,3.417,4.176,2.39,77.885,66.573
6626,43,2025-12-08,294311,629.0,4.565,7.416,2.337,74.384,71.84
6627,43,2025-12-15,296139,928.0,2.429,8.357,1.94,74.984,76.112
6628,43,2025-12-22,297538,580.0,4.683,4.96,2.731,78.021,87.371
6629,43,2025-12-29,298882,752.0,3.655,13.182,1.736,76.904,71.007
6630,44,2023-01-02,34261,489.0,2.135,5.674,3.371,76.292,74.696
6631,44,2023-01-09,35241,955.0,3.849,5.39,2.477,75.838,82.992
6632,44,2023-01-16,36191,1094.0,0.34,2.163,1.627,83.496,79.5
6633,44,2023-01-23,37093,1313.0,3.965,5.504,1.629,77.279,78.425
6634,44,2023-01-30,39259,770.0,3.107,4.536,2.974,77.3,76.098
6635,44,2023-02-06,40284,524.0,3.701,10.933,2.549,74.533,69.165
6636,44,2023-02-13,42044,684.0,5.237,16.806,1.058,77.156,72.273
6637,44,2023-02-20,43817,713.0,4.712,10.109,5.511,77.349,67.281
6638,44,2023-02-27,44507,1134.0,3.444,7.623,3.524,76.103,86.906
6639,44,2023-03-06,46599,1164.0,1.777,4.56,1.294,76.661,76.766
6640,44,2023-03-13,47835,447.0,3.359,7.468,1.043,75.581,66.057
6641,44,2023-03-20,48854,773.0,3.274,12.362,1.22,80.787,78.668
6642,44,2023-03-27,50064,623.0,2.758,9.944,0.165,76.146,83.123
6643,44,2023-04-03,51131,1138.0,4.249,4.784,1.96,77.953,80.426
6644,44,2023-04-10,52860,450.0,2.814,6.066,2.485,76.818,81.263
6645,44,2023-04-17,55148,639.0,2.854,4.879,2.445,77.924,81.104
6646,44,2023-04-24,56367,497.0,1.968,4.668,3.056,76.704,79.883
6647,44,2023-05-01,57853,579.0,3.87,9.217,1.768,75.638,74.127
6648,44,2023-05-08,58628,598.0,2.584,6.572,1.897,83.015,80.172
6649,44,2023-05-15,60173,932.0,3.535,6.098,1.809,76.413,77.664
6650,44,2023-05-22,62382,897.0,2.624,6.615,1.654,76.877,83.438
6651,44,2023-05-29,63781,449.0,3.956,1.33,3.015,77.45,83.338
6652,44,2023-06-05,65605,553.0,3.319,5.179,2.232,79.156,71.524
6653,44,2023-06-12,67129,665.0,2.763,7.45,3.961,77.636,76.769
6654,44,2023-06-19,68419,537.0,4.783,7.62,1.37,78.017,82.299
6655,44,2023-06-26,69971,730.0,3.201,8.042,2.327,78.88,82.746
6656,44,2023-07-03,71181,963.0,3.689,12.031,3.357,77.767,76.72
6657,44,2023-07-10,72722,414.0,3.694,3.497,2.186,86.432,78.645
6658,44,2023-07-17,73351,845.0,3.299,10.555,1.789,87.7,89.312
6659,44,2023-07-24,74494,739.0,2.626,5.222,3.443,76.892,71.84
6660,44,2023-07-31,75854,916.0,4.082,4.945,1.643,77.158,76.383
6661,44,2023-08-07,77026,935.0,3.846,5.382,2.675,74.571,80.241
6662,44,2023-08-14,78888,591.0,3.253,5.998,1.482,76.361,74.568
6663,44,2023-08-21,80502,405.0,2.469,8.678,2.422,76.651,86.159
6664,44,2023-08-28,82212,377.0,3.991,6.402,1.7,74.824,76.689
6665,44,2023-09-04,83854,761.0,4.094,4.859,2.658,73.89,81.353
6666,44,2023-09-11,84844,1011.0,4.67,7.383,2.898,75.324,70.768
6667,44,2023-09-18,85669,552.0,2.084,4.682,1.419,77.655,80.845
6668,44,2023-09-25,86696,773.0,4.05,5.057,4.802,77.221,83.44
6669,44,2023-10-02,88159,919.0,3.067,4.246,1.106,77.362,78.255
6670,44,2023-10-09,88957,429.0,2.305,6.122,3.992,77.155,72.726
6671,44,2023-10-16,89983,548.0,2.285,5.537,1.343,78.892,75.6
6672,44,2023-10-23,92253,772.0,3.758,5.267,1.318,77.268,91.353
6673,44,2023-10-30,94317,1337.0,3.468,15.291,2.762,76.342,87.972
6674,44,2023-11-06,95549,514.0,4.62,3.89,2.468,76.354,84.068
6675,44,2023-11-13,96723,683.0,2.636,8.614,2.151,74.431,72.89
6676,44,2023-11-20,96927,1083.0,2.438,4.962,2.802,84.085,79.604
6677,44,2023-11-27,98518,464.0,4.665,6.966,4.725,77.457,79.127
6678,44,2023-12-04,99893,1041.0,2.384,8.002,2.502,76.224,76.285
6679,44,2023-12-11,101493,456.0,2.616,6.634,1.568,77.931,86.818
6680,44,2023-12-18,102308,505.0,3.577,9.374,2.048,76.715,78.784
6681,44,2023-12-25,103857,716.0,4.704,5.891,2.585,76.76,72.823
6682,44,2024-01-01,104681,1435.0,3.727,5.768,1.48,73.732,77.644
6683,44,2024-01-08,105854,663.0,2.169,5.38,3.312,75.266,79.588
6684,44,2024-01-15,107004,1581.0,2.819,4.52,0.839,76.068,75.448
6685,44,2024-01-22,108307,673.0,3.921,8.217,2.707,76.457,75.24
6686,44,2024-01-29,109401,705.0,1.75,6.177,1.393,85.651,80.555
6687,44,2024-02-05,110073,489.0,2.472,1.675,2.434,77.251,75.687
6688,44,2024-02-12,111653,710.0,3.104,6.019,2.76,75.79,78.951
6689,44,2024-02-19,113203,363.0,3.804,3.892,2.328,82.819,88.614
6690,44,2024-02-26,113968,787.0,4.725,6.32,0.328,82.878,85.631
6691,44,2024-03-04,114953,538.0,2.95,11.428,1.542,76.842,85.724
6692,44,2024-03-11,116358,1423.0,3.395,7.614,3.171,76.155,79.401
6693,44,2024-03-18,118685,1621.0,3.975,3.343,1.016,78.564,71.796
6694,44,2024-03-25,120099,1304.0,3.023,10.559,5.733,85.631,74.691
6695,44,2024-04-01,121523,416.0,3.29,7.262,2.185,74.451,74.583
6696,44,2024-04-08,122921,629.0,3.395,6.152,1.636,76.042,75.937
6697,44,2024-04-15,124260,553.0,3.419,8.019,2.575,75.585,89.815
6698,44,2024-04-22,125326,1434.0,4.615,5.687,1.107,84.633,79.704
6699,44,2024-04-29,126411,681.0,3.599,7.301,1.083,76.207,69.849
6700,44,2024-05-06,128373,451.0,4.08,3.401,3.658,76.01,85.67
6701,44,2024-05-13,129700,720.0,2.227,5.68,2.09,77.326,80.555
6702,44,2024-05-20,130929,988.0,4.656,8.617,1.634,79.561,73.744
6703,44,2024-05-27,132982,1052.0,3.522,5.525,6.267,77.104,70.32
6704,44,2024-06-03,133999,875.0,2.706,4.952,3.186,76.946,79.434
6705,44,2024-06-10,135132,1439.0,5.32,4.716,1.739,76.003,83.429
6706,44,2024-06-17,135947,886.0,3.77,7.348,1.895,76.363,71.072
6707,44,2024-06-24,137234,542.0,3.198,3.521,3.392,75.789,68.35
6708,44,2024-07-01,137911,638.0,2.571,8.725,3.626,74.685,80.612
6709,44,2024-07-08,138873,619.0,5.673,15.739,2.052,78.397,87.0
6710,44,2024-07-15,139842,637.0,4.035,6.693,4.705,77.793,76.214
6711,44,2024-07-22,141319,760.0,2.344,7.098,2.458,78.11,81.076
6712,44,2024-07-29,142439,751.0,2.939,7.395,2.484,77.608,72.195
6713,44,2024-08-05,143334,900.0,2.596,7.356,1.533,76.696,91.577
6714,44,2024-08-12,144304,868.0,4.718,7.393,1.522,75.628,78.141
6715,44,2024-08-19,145923,427.0,3.657,9.633,1.423,77.258,66.449
6716,44,2024-08-26,147687,711.0,2.831,5.424,2.132,75.781,81.67
6717,44,2024-09-02,148409,662.0,3.987,4.558,1.579,73.834,82.973
6718,44,2024-09-09,149801,583.0,2.251,4.179,1.823,77.564,88.332
6719,44,2024-09-16,151498,1042.0,3.573,2.856,1.172,75.898,78.51
6720,44,2024-09-23,153210,675.0,4.428,6.095,1.676,78.506,80.49
6721,44,2024-09-30,154641,807.0,3.23,7.091,2.83,76.837,77.085
6722,44,2024-10-07,155443,637.0,4.034,7.365,2.955,77.944,76.268
6723,44,2024-10-14,157216,777.0,2.197,3.83,2.492,77.837,73.896
6724,44,2024-10-21,158996,855.0,4.538,4.259,2.156,76.538,71.549
6725,44,2024-10-28,159992,1092.0,3.661,13.794,1.557,74.984,83.733
6726,44,2024-11-04,160894,936.0,3.365,6.182,4.417,75.492,82.58
6727,44,2024-11-11,161616,1140.0,5.724,8.936,1.85,82.426,77.46
6728,44,2024-11-18,162810,764.0,2.357,7.379,2.51,75.8,73.779
6729,44,2024-11-25,164478,658.0,3.202,6.108,1.568,75.665,69.755
6730,44,2024-12-02,165566,468.0,1.871,7.339,1.333,79.858,82.895
6731,44,2024-12-09,167164,1202.0,3.588,5.897,3.171,84.205,79.688
6732,44,2024-12-16,168781,954.0,2.008,6.444,1.849,75.664,69.62
6733,44,2024-12-23,169991,695.0,3.781,5.558,3.476,73.159,79.419
6734,44,2024-12-30,171165,436.0,3.251,9.37,1.765,75.265,80.564
6735,44,2025-01-06,172418,733.0,5.111,14.785,0.951,73.96,78.26
6736,44,2025-01-13,173513,1255.0,2.352,5.632,2.074,76.538,70.951
6737,44,2025-01-20,174781,874.0,3.407,13.944,1.466,77.808,82.571
6738,44,2025-01-27,175957,1108.0,4.447,12.557,3.268,75.617,76.541
6739,44,2025-02-03,177653,895.0,2.763,7.122,1.519,80.499,74.746
6740,44,2025-02-10,178574,869.0,3.902,7.948,3.687,76.638,77.981
6741,44,2025-02-17,180211,757.0,2.858,5.114,2.767,75.79,83.129
6742,44,2025-02-24,182023,774.0,3.842,10.692,3.597,75.507,82.713
6743,44,2025-03-03,183484,483.0,4.07,5.551,1.215,75.383,74.577
6744,44,2025-03-10,184637,542.0,3.65,3.789,3.432,78.784,80.974
6745,44,2025-03-17,185729,1115.0,3.137,7.398,1.787,74.936,82.153
6746,44,2025-03-24,186121,982.0,2.176,6.395,2.454,78.734,81.004
6747,44,2025-03-31,187701,813.0,4.485,8.605,1.668,76.218,77.238
6748,44,2025-04-07,188885,780.0,4.235,6.155,3.089,76.443,75.868
6749,44,2025-04-14,189914,708.0,3.451,7.431,1.427,76.437,83.238
6750,44,2025-04-21,190703,494.0,4.229,5.763,1.305,74.299,78.514
6751,44,2025-04-28,192908,489.0,2.659,9.229,1.441,75.418,72.278
6752,44,2025-05-05,194075,1163.0,4.471,11.231,2.726,74.796,71.955
6753,44,2025-05-12,195140,896.0,4.094,5.599,3.964,76.612,71.438
6754,44,2025-05-19,195810,738.0,3.789,10.851,2.221,77.986,82.983
6755,44,2025-05-26,197137,871.0,3.304,5.381,1.224,75.875,82.082
6756,44,2025-06-02,198095,406.0,2.937,6.8,2.554,77.583,84.244
6757,44,2025-06-09,199004,511.0,3.12,3.536,2.664,86.228,80.122
6758,44,2025-06-16,200006,890.0,5.202,5.168,1.588,73.349,73.506
6759,44,2025-06-23,201457,555.0,2.023,9.83,1.675,74.895,77.064
6760,44,2025-06-30,202666,607.0,4.832,10.613,1.055,76.409,87.716
6761,44,2025-07-07,204578,835.0,2.62,6.813,3.156,80.399,83.428
6762,44,2025-07-14,206089,913.0,2.902,7.261,1.945,75.879,79.014
6763,44,2025-07-21,207461,821.0,2.94,11.253,1.439,77.593,85.151
6764,44,2025-07-28,209904,487.0,3.378,5.771,1.684,77.366,74.618
6765,44,2025-08-04,211458,985.0,2.634,7.815,3.497,75.194,74.278
6766,44,2025-08-11,212615,585.0,4.315,5.966,1.719,75.459,77.458
6767,44,2025-08-18,213394,1160.0,2.704,3.973,4.138,75.178,86.69
6768,44,2025-08-25,214042,1181.0,2.243,4.892,1.578,86.761,80.482
6769,44,2025-09-01,214698,737.0,4.621,5.909,1.832,77.613,70.896
6770,44,2025-09-08,216111,1207.0,4.037,10.292,1.22,78.044,79.734
6771,44,2025-09-15,217190,1652.0,3.276,8.09,2.278,76.64,89.76
6772,44,2025-09-22,218200,672.0,4.983,6.915,2.834,75.092,87.87
6773,44,2025-09-29,219419,619.0,4.11,7.105,0.527,77.736,65.389
6774,44,2025-10-06,221381,411.0,2.56,6.507,2.992,79.686,74.932
6775,44,2025-10-13,222318,808.0,3.21,10.595,5.376,75.003,83.996
6776,44,2025-10-20,223404,580.0,4.721,2.671,2.027,77.963,68.345
6777,44,2025-10-27,224785,740.0,4.673,12.087,2.753,74.374,83.369
6778,44,2025-11-03,225710,1090.0,2.272,4.796,3.155,75.296,80.053
6779,44,2025-11-10,227385,631.0,2.634,9.126,0.929,76.717,74.725
6780,44,2025-11-17,229146,395.0,5.091,6.976,1.873,77.825,77.698
6781,44,2025-11-24,230226,476.0,2.484,3.703,2.095,78.444,78.341
6782,44,2025-12-01,231551,581.0,2.326,4.744,2.39,74.958,79.85
6783,44,2025-12-08,232580,815.0,4.993,3.708,0.843,74.353,80.098
6784,44,2025-12-15,233661,1155.0,3.181,6.297,2.622,76.055,80.219
6785,44,2025-12-22,235264,509.0,0.004,5.546,1.128,78.686,71.177
6786,44,2025-12-29,236427,922.0,2.698,5.094,0.907,79.662,71.549
6787,45,2023-01-02,33251,833.0,2.168,10.164,1.516,77.252,79.425
6788,45,2023-01-09,35137,733.0,2.019,7.619,3.092,84.371,79.098
6789,45,2023-01-16,37134,1038.0,4.811,6.677,1.801,84.639,78.447
6790,45,2023-01-23,38991,595.0,4.362,6.364,1.402,74.664,85.268
6791,45,2023-01-30,40458,1429.0,2.157,6.78,1.906,87.209,82.942
6792,45,2023-02-06,41533,913.0,2.118,4.402,2.803,76.687,79.759
6793,45,2023-02-13,42966,563.0,2.523,5.806,1.826,81.54,72.762
6794,45,2023-02-20,44239,541.0,3.106,6.357,1.723,76.654,86.091
6795,45,2023-02-27,45335,527.0,5.126,5.604,3.291,77.643,74.615
6796,45,2023-03-06,46959,416.0,4.32,6.294,1.749,77.679,70.008
6797,45,2023-03-13,48181,540.0,2.71,5.518,2.284,77.677,83.703
6798,45,2023-03-20,50189,542.0,1.589,5.31,2.708,76.047,71.969
6799,45,2023-03-27,51165,742.0,2.42,11.665,3.288,74.671,88.543
6800,45,2023-04-03,51165,1113.0,4.913,5.842,1.229,81.998,72.184
6801,45,2023-04-10,52114,653.0,2.367,5.265,1.423,77.474,81.726
6802,45,2023-04-17,53249,970.0,4.129,6.878,2.366,74.556,75.498
6803,45,2023-04-24,53532,863.0,2.91,5.537,1.044,77.057,86.398
6804,45,2023-05-01,54366,663.0,2.313,2.681,2.539,78.455,71.329
6805,45,2023-05-08,55954,821.0,3.611,7.354,2.122,74.844,85.223
6806,45,2023-05-15,56879,816.0,4.426,2.837,1.924,84.13,88.474
6807,45,2023-05-22,58322,796.0,4.359,4.278,2.88,76.662,72.749
6808,45,2023-05-29,59235,702.0,2.794,4.493,1.317,76.844,73.55
6809,45,2023-06-05,59643,639.0,3.633,6.891,2.161,82.794,79.928
6810,45,2023-06-12,61498,960.0,2.826,4.796,2.121,75.229,79.705
6811,45,2023-06-19,63336,634.0,3.282,6.977,2.169,76.322,68.91
6812,45,2023-06-26,64517,1877.0,5.209,8.083,2.173,77.501,86.514
6813,45,2023-07-10,66576,507.0,2.83,7.74,2.324,76.559,80.843
6814,45,2023-07-17,67293,828.0,3.316,7.299,2.476,75.543,83.401
6815,45,2023-07-24,68134,891.0,4.677,5.879,0.9,78.19,78.25
6816,45,2023-07-31,69957,627.0,1.919,3.983,1.523,76.109,81.659
6817,45,2023-08-07,71473,1603.0,3.798,7.942,1.517,78.152,79.162
6818,45,2023-08-14,72704,632.0,2.832,17.628,1.95,73.534,74.765
6819,45,2023-08-21,74315,575.0,4.241,7.495,1.404,77.874,82.426
6820,45,2023-08-28,75604,869.0,1.035,11.352,1.69,77.441,72.944
6821,45,2023-09-04,77276,414.0,2.209,5.253,1.912,77.276,80.863
6822,45,2023-09-11,78918,863.0,4.907,16.227,3.555,73.089,72.321
6823,45,2023-09-18,79903,1325.0,2.576,4.705,1.95,83.532,77.925
6824,45,2023-10-02,82043,1130.0,1.743,5.801,2.944,77.796,85.07
6825,45,2023-10-09,82701,440.0,0.467,7.167,3.035,75.607,73.203
6826,45,2023-10-16,84132,681.0,5.047,5.262,1.421,77.895,72.455
6827,45,2023-10-23,85722,602.0,2.079,7.066,2.715,76.629,81.262
6828,45,2023-10-30,86802,691.0,2.661,12.825,1.789,86.311,79.577
6829,45,2023-11-06,87749,422.0,2.391,13.467,1.621,77.818,89.001
6830,45,2023-11-13,89167,757.0,3.794,11.595,2.744,81.072,87.653
6831,45,2023-11-20,90916,818.0,3.524,5.152,1.203,75.353,71.774
6832,45,2023-12-04,92040,631.0,4.105,6.28,2.51,77.075,88.298
6833,45,2023-12-11,93875,786.0,3.858,3.604,1.207,77.534,73.094
6834,45,2023-12-18,95466,434.0,4.78,1.804,1.515,75.519,71.281
6835,45,2023-12-25,96298,1101.0,2.366,5.271,2.515,76.716,82.278
6836,45,2024-01-01,97847,391.0,2.245,4.02,2.703,81.184,88.858
6837,45,2024-01-08,98657,635.0,2.256,13.734,1.498,75.565,91.056
6838,45,2024-01-15,99486,1104.0,2.464,9.302,1.919,79.77,81.585
6839,45,2024-01-22,101160,512.0,4.697,4.869,0.892,74.94,71.719
6840,45,2024-01-29,102696,573.0,2.91,7.552,2.068,78.531,80.57
6841,45,2024-02-05,104100,1367.0,2.375,3.815,1.893,85.211,72.925
6842,45,2024-02-12,104826,988.0,4.132,7.667,2.663,76.277,68.909
6843,45,2024-02-19,106322,710.0,4.647,5.487,1.721,75.874,73.131
6844,45,2024-02-26,107504,509.0,5.016,7.996,3.537,74.637,66.114
6845,45,2024-03-04,108465,1144.0,2.227,6.328,2.522,74.144,73.583
6846,45,2024-03-11,109277,814.0,4.287,4.947,1.078,75.656,76.347
6847,45,2024-03-18,110833,447.0,4.672,4.98,1.315,77.34,74.952
6848,45,2024-03-25,112387,500.0,4.067,4.767,2.094,78.602,71.812
6849,45,2024-04-01,113712,445.0,2.229,5.756,1.805,72.684,78.063
6850,45,2024-04-08,115247,584.0,3.45,10.672,1.783,77.866,75.335
6851,45,2024-04-15,116931,870.0,2.381,8.437,6.227,74.897,68.71
6852,45,2024-04-22,117381,823.0,2.862,10.338,2.327,76.755,78.383
6853,45,2024-04-29,119092,420.0,2.832,7.46,2.939,77.337,83.113
6854,45,2024-05-06,120638,533.0,2.174,7.45,3.16,79.497,82.977
6855,45,2024-05-13,121618,733.0,3.81,6.015,1.597,76.663,75.324
6856,45,2024-05-20,123154,915.0,5.08,5.748,1.8,75.682,81.819
6857,45,2024-05-27,124524,1101.0,2.709,5.858,1.69,76.492,84.801
6858,45,2024-06-03,125942,1328.0,5.229,6.659,2.335,77.776,78.91
6859,45,2024-06-10,127095,483.0,0.312,8.082,1.584,76.461,83.136
6860,45,2024-06-17,128965,555.0,2.571,5.937,1.445,78.05,70.092
6861,45,2024-06-24,130290,469.0,3.931,8.342,2.936,78.929,73.572
6862,45,2024-07-01,131406,787.0,3.858,4.862,4.737,76.508,70.259
6863,45,2024-07-08,132274,765.0,2.254,3.582,2.068,85.583,82.011
6864,45,2024-07-15,132537,558.0,4.108,10.264,2.191,75.442,70.303
6865,45,2024-07-22,134592,762.0,4.514,7.358,2.05,85.283,75.912
6866,45,2024-07-29,136820,641.0,2.096,6.117,1.52,78.082,80.215
6867,45,2024-08-05,137565,465.0,4.696,6.408,5.279,73.607,80.625
6868,45,2024-08-12,138235,579.0,5.074,7.014,2.947,75.094,69.907
6869,45,2024-08-19,139463,638.0,4.84,15.919,2.352,75.862,86.154
6870,45,2024-08-26,141570,490.0,4.219,14.002,1.375,74.801,78.26
6871,45,2024-09-02,142369,1137.0,4.023,8.871,4.565,80.089,74.851
6872,45,2024-09-09,143808,1088.0,2.937,5.038,1.194,76.099,74.659
6873,45,2024-09-16,145169,476.0,4.021,6.708,1.618,76.998,76.926
6874,45,2024-09-23,146141,633.0,3.271,5.198,1.57,81.87,88.198
6875,45,2024-09-30,146846,621.0,3.108,4.379,1.246,76.55,86.897
6876,45,2024-10-07,147755,926.0,4.134,0.843,0.819,75.284,78.338
6877,45,2024-10-14,148830,893.0,2.125,6.283,2.296,76.82,68.161
6878,45,2024-10-21,150993,887.0,2.036,12.612,1.955,77.353,82.46
6879,45,2024-10-28,152968,1127.0,4.119,7.852,2.412,77.104,73.516
6880,45,2024-11-04,154672,926.0,2.759,6.269,1.89,75.261,77.375
6881,45,2024-11-11,155356,683.0,3.332,10.712,1.847,75.095,63.374
6882,45,2024-11-18,156668,547.0,1.991,5.159,3.159,86.212,86.717
6883,45,2024-11-25,157937,544.0,2.049,4.292,4.914,75.711,94.073
6884,45,2024-12-02,159018,489.0,3.719,6.194,2.068,78.01,89.011
6885,45,2024-12-09,160895,650.0,1.979,5.576,5.309,77.59,83.913
6886,45,2024-12-16,162929,948.0,2.573,3.628,1.719,77.576,82.003
6887,45,2024-12-23,164050,406.0,3.456,16.155,2.472,75.656,71.598
6888,45,2024-12-30,165375,464.0,2.055,4.396,4.85,75.799,75.927
6889,45,2025-01-06,166722,488.0,5.032,7.108,2.272,77.875,67.729
6890,45,2025-01-13,167931,586.0,4.116,7.72,1.989,75.45,70.583
6891,45,2025-01-20,169105,1066.0,2.753,7.487,1.339,85.567,73.914
6892,45,2025-01-27,170717,807.0,4.753,6.456,2.57,77.11,83.04
6893,45,2025-02-03,171386,701.0,3.276,7.977,1.659,76.231,77.955
6894,45,2025-02-10,172364,732.0,1.395,5.022,1.397,84.505,78.747
6895,45,2025-02-17,173332,858.0,4.888,6.099,1.519,77.783,77.629
6896,45,2025-02-24,174756,655.0,2.269,5.261,1.178,77.634,81.62
6897,45,2025-03-03,175846,1327.0,4.255,6.646,2.323,76.617,81.996
6898,45,2025-03-10,177092,960.0,4.081,5.106,2.814,75.775,75.084
6899,45,2025-03-17,177568,578.0,2.411,5.488,2.175,83.452,89.716
6900,45,2025-03-24,178728,496.0,4.131,8.78,2.848,77.014,75.722
6901,45,2025-03-31,179380,1159.0,3.837,15.499,2.742,77.38,83.94
6902,45,2025-04-07,180306,689.0,2.689,3.075,1.867,74.255,73.181
6903,45,2025-04-14,181321,504.0,2.171,6.411,1.802,76.539,82.913
6904,45,2025-04-28,183175,607.0,4.055,3.653,3.075,77.936,81.98
6905,45,2025-05-05,184907,667.0,3.273,4.775,1.405,75.278,80.036
6906,45,2025-05-12,185933,939.0,2.428,5.983,0.958,78.565,84.015
6907,45,2025-05-19,187758,430.0,3.216,10.517,1.61,76.785,63.805
6908,45,2025-05-26,188806,405.0,2.289,3.831,3.452,76.565,87.022
6909,45,2025-06-02,190061,965.0,4.992,6.787,1.767,74.951,83.48
6910,45,2025-06-09,191341,564.0,3.497,5.501,1.27,85.758,76.567
6911,45,2025-06-16,192337,534.0,2.087,6.621,2.391,81.464,80.32
6912,45,2025-06-23,193571,724.0,4.336,18.404,3.026,75.673,64.522
6913,45,2025-06-30,194514,416.0,3.55,4.728,1.936,77.347,74.476
6914,45,2025-07-07,195623,583.0,4.037,8.059,2.242,76.389,68.362
6915,45,2025-07-14,197012,409.0,2.424,2.743,1.863,88.042,89.523
6916,45,2025-07-21,198677,594.0,3.765,5.611,3.512,77.342,81.011
6917,45,2025-07-28,200383,461.0,2.193,7.844,2.898,76.234,76.806
6918,45,2025-08-04,201330,931.0,2.026,3.975,1.825,75.572,77.338
6919,45,2025-08-11,202382,903.0,2.274,4.567,1.543,74.347,73.583
6920,45,2025-08-18,203337,725.0,2.683,6.852,1.543,76.386,73.678
6921,45,2025-08-25,204552,469.0,4.556,4.457,2.637,76.72,66.24
6922,45,2025-09-01,205971,679.0,5.07,5.312,2.005,77.517,82.753
6923,45,2025-09-08,207149,1110.0,3.199,15.043,2.474,76.527,80.061
6924,45,2025-09-22,208132,652.0,3.189,4.321,2.513,77.026,85.632
6925,45,2025-09-29,209618,790.0,3.017,9.78,2.61,77.351,75.278
6926,45,2025-10-06,211156,620.0,2.099,4.509,2.762,76.425,80.979
6927,45,2025-10-13,212713,825.0,3.585,5.337,2.193,83.055,83.552
6928,45,2025-10-20,214050,583.0,4.222,11.455,3.043,76.922,74.598
6929,45,2025-10-27,215140,1092.0,3.425,5.555,0.914,74.05,77.977
6930,45,2025-11-03,216832,805.0,3.173,12.018,2.594,75.502,76.947
6931,45,2025-11-10,218308,968.0,3.811,16.688,1.841,78.567,72.796
6932,45,2025-11-17,220391,612.0,5.606,6.183,2.328,77.038,69.371
6933,45,2025-12-01,222720,985.0,3.734,6.217,1.565,85.8,84.726
6934,45,2025-12-08,223834,751.0,3.775,5.151,4.659,78.437,79.294
6935,45,2025-12-15,224736,725.0,3.274,6.924,3.597,76.565,80.654
6936,45,2025-12-22,226066,670.0,5.281,10.434,3.122,73.212,66.105
6937,45,2025-12-29,227198,576.0,4.059,8.382,5.305,76.519,91.641
6938,46,2023-01-02,66353,935.0,2.548,3.315,1.17,77.53,88.549
6939,46,2023-01-09,67452,459.0,2.361,8.118,2.606,75.009,78.584
6940,46,2023-01-16,68832,458.0,2.66,5.225,3.099,77.086,73.936
6941,46,2023-01-23,70503,1338.0,4.187,7.803,1.507,76.326,85.227
6942,46,2023-01-30,71615,698.0,2.828,6.31,2.65,74.244,77.012
6943,46,2023-02-06,73090,833.0,4.487,4.713,1.604,75.975,89.057
6944,46,2023-02-13,74531,553.0,2.971,2.595,1.72,76.816,78.37
6945,46,2023-02-20,75066,1083.0,1.595,9.163,5.187,75.7,87.403
6946,46,2023-02-27,76016,471.0,2.402,2.608,1.377,74.303,85.403
6947,46,2023-03-06,77050,657.0,3.865,4.412,3.266,73.571,81.371
6948,46,2023-03-13,79057,1409.0,2.43,9.595,1.689,75.367,70.59
6949,46,2023-03-20,81330,657.0,2.366,8.788,2.091,81.122,67.098
6950,46,2023-03-27,82580,722.0,3.041,5.466,5.727,77.827,68.161
6951,46,2023-04-03,83644,671.0,4.163,5.083,1.38,77.873,86.242
6952,46,2023-04-10,84800,611.0,2.599,7.954,2.926,74.327,72.429
6953,46,2023-04-17,85822,1394.0,4.863,6.271,4.45,75.011,69.812
6954,46,2023-04-24,86964,1144.0,2.002,7.976,2.876,76.064,82.574
6955,46,2023-05-01,87827,1292.0,4.061,5.812,2.728,79.663,81.778
6956,46,2023-05-08,88685,797.0,5.07,5.836,3.64,76.443,75.502
6957,46,2023-05-15,90496,895.0,3.743,4.018,2.701,76.396,86.871
6958,46,2023-05-22,91593,896.0,2.194,6.872,1.571,77.766,86.373
6959,46,2023-05-29,92059,535.0,2.818,10.989,2.878,76.495,76.442
6960,46,2023-06-05,93733,609.0,3.247,12.99,1.257,79.199,81.72
6961,46,2023-06-12,95420,418.0,5.726,6.719,2.387,76.227,84.474
6962,46,2023-06-19,96469,395.0,2.171,6.362,1.386,76.263,84.252
6963,46,2023-06-26,97836,451.0,0.639,7.055,3.042,85.629,82.334
6964,46,2023-07-03,99574,1004.0,3.089,11.212,1.086,76.879,68.217
6965,46,2023-07-10,100562,802.0,4.267,8.983,1.093,77.947,75.899
6966,46,2023-07-17,101928,1134.0,2.82,15.563,2.39,75.23,68.536
6967,46,2023-07-24,103883,673.0,2.942,13.742,1.106,80.362,87.586
6968,46,2023-07-31,104621,1226.0,3.141,4.99,2.212,81.162,66.356
6969,46,2023-08-07,105672,945.0,3.554,5.77,3.399,77.899,76.301
6970,46,2023-08-14,106519,697.0,4.326,7.667,1.733,85.736,75.74
6971,46,2023-08-21,107929,647.0,2.701,7.882,1.681,76.169,81.351
6972,46,2023-08-28,109736,1163.0,2.578,8.251,2.853,76.499,83.575
6973,46,2023-09-04,111290,960.0,3.015,6.615,3.37,80.04,79.381
6974,46,2023-09-18,112007,524.0,3.898,5.796,1.25,77.674,80.909
6975,46,2023-09-25,113006,1345.0,4.432,10.925,3.358,76.281,79.14
6976,46,2023-10-02,113630,887.0,0.5,5.427,3.307,76.672,74.019
6977,46,2023-10-09,115033,977.0,3.219,4.69,2.707,83.646,72.698
6978,46,2023-10-16,116558,742.0,3.228,8.878,0.219,77.558,68.377
6979,46,2023-10-23,117733,825.0,4.052,4.376,1.91,84.566,74.4
6980,46,2023-10-30,119606,751.0,3.775,5.151,4.659,78.437,79.294
6981,46,2023-11-06,120910,710.0,2.497,5.709,1.106,76.579,73.692
6982,46,2023-11-13,122641,571.0,3.92,6.079,2.874,76.935,72.498
6983,46,2023-11-20,124026,554.0,0.386,5.417,1.654,73.954,80.709
6984,46,2023-11-27,125611,411.0,2.56,6.507,2.992,79.686,74.932
6985,46,2023-12-04,126815,745.0,4.077,4.988,4.004,80.038,81.457
6986,46,2023-12-11,128620,773.0,2.461,6.795,1.881,82.694,82.294
6987,46,2023-12-18,129728,612.0,1.857,4.197,1.319,77.656,72.857
6988,46,2023-12-25,131427,962.0,3.376,4.389,1.934,73.467,73.145
6989,46,2024-01-01,132764,530.0,2.554,6.799,0.783,74.994,74.155
6990,46,2024-01-08,134442,989.0,3.321,8.305,1.595,75.855,71.213
6991,46,2024-01-15,135324,645.0,3.609,5.422,2.327,76.255,82.455
6992,46,2024-01-22,136581,710.0,4.339,5.456,1.666,77.19,83.979
6993,46,2024-01-29,137438,1111.0,3.037,2.252,1.26,75.298,78.918
6994,46,2024-02-05,138793,650.0,4.915,8.122,3.21,77.096,80.319
6995,46,2024-02-12,139883,537.0,5.065,5.873,4.546,84.903,67.769
6996,46,2024-02-19,141821,857.0,3.831,5.561,1.785,75.858,87.513
6997,46,2024-02-26,143295,659.0,4.26,4.176,2.572,79.962,83.007
6998,46,2024-03-04,145432,1115.0,4.154,7.175,1.457,79.036,89.739
6999,46,2024-03-11,146351,932.0,3.463,5.453,1.64,77.915,83.604
7000,46,2024-03-18,147837,769.0,3.415,5.806,1.841,75.133,78.471
7001,46,2024-03-25,149232,599.0,2.593,3.681,3.657,81.887,73.95
7002,46,2024-04-01,150454,672.0,2.921,5.335,1.02,76.208,78.199
7003,46,2024-04-08,151988,822.0,2.095,6.599,3.259,73.327,73.662
7004,46,2024-04-15,153403,1176.0,5.036,7.428,2.805,79.45,82.508
7005,46,2024-04-22,155697,361.0,2.308,8.238,1.241,75.66,81.245
7006,46,2024-04-29,156338,564.0,2.905,2.453,2.373,84.01,79.769
7007,46,2024-05-13,158380,801.0,3.279,5.8,1.875,83.611,72.976
7008,46,2024-05-20,159491,962.0,2.57,6.561,3.041,76.169,78.546
7009,46,2024-05-27,161256,1239.0,5.454,6.498,5.167,75.531,73.289
7010,46,2024-06-03,162719,663.0,2.964,7.001,1.558,75.117,71.402
7011,46,2024-06-10,163085,1018.0,3.245,5.845,1.908,78.188,75.659
7012,46,2024-06-17,164274,417.0,3.895,6.853,1.581,73.291,71.803
7013,46,2024-06-24,165656,473.0,3.703,8.014,2.837,77.571,81.749
7014,46,2024-07-01,166375,1084.0,5.173,6.102,2.693,86.371,79.643
7015,46,2024-07-08,167330,1149.0,3.533,4.574,1.4,76.866,80.025
7016,46,2024-07-15,168810,774.0,3.027,6.001,3.016,75.206,82.932
7017,46,2024-07-22,169709,461.0,4.757,7.635,3.213,84.12,67.982
7018,46,2024-07-29,170649,878.0,3.237,3.56,1.769,74.441,84.797
7019,46,2024-08-05,171381,444.0,2.415,7.015,3.158,74.226,81.696
7020,46,2024-08-12,172364,928.0,4.466,8.317,1.501,74.803,87.838
7021,46,2024-08-19,174430,1217.0,4.445,6.283,1.44,76.758,77.551
7022,46,2024-08-26,175562,772.0,4.958,5.592,2.42,75.534,86.911
7023,46,2024-09-02,177439,901.0,2.513,5.071,3.747,77.617,82.707
7024,46,2024-09-09,179193,462.0,4.01,5.705,1.313,76.038,72.435
7025,46,2024-09-16,179927,919.0,3.616,5.616,3.022,76.919,78.004
7026,46,2024-09-23,181865,649.0,2.477,5.283,1.371,80.144,68.685
7027,46,2024-09-30,183593,817.0,2.205,5.182,2.915,75.6,85.794
7028,46,2024-10-14,184966,1381.0,2.936,15.995,4.251,75.728,78.96
7029,46,2024-10-21,186211,603.0,4.873,4.586,1.44,78.363,84.824
7030,46,2024-10-28,187518,1379.0,2.829,6.676,1.443,74.883,65.613
7031,46,2024-11-04,189066,551.0,4.594,3.725,1.619,76.57,83.558
7032,46,2024-11-11,190260,785.0,4.056,7.141,1.579,76.521,81.405
7033,46,2024-11-18,190911,854.0,3.216,4.199,1.952,81.479,81.449
7034,46,2024-11-25,192094,903.0,3.724,6.054,5.171,76.747,85.273
7035,46,2024-12-02,193511,741.0,3.491,9.184,3.592,75.097,80.282
7036,46,2024-12-09,194173,504.0,2.622,7.754,2.044,78.696,78.933
7037,46,2024-12-16,195647,677.0,3.277,5.379,1.243,75.548,78.753
7038,46,2024-12-23,196780,665.0,2.808,8.649,2.046,75.749,73.401
7039,46,2024-12-30,197589,1312.0,3.0,3.386,2.659,76.158,72.752
7040,46,2025-01-06,198610,800.0,2.949,5.125,2.621,76.802,67.221
7041,46,2025-01-13,200234,633.0,3.367,6.816,1.583,74.922,78.532
7042,46,2025-01-20,200841,746.0,3.165,4.557,4.43,77.7,70.677
7043,46,2025-01-27,201939,866.0,3.592,5.767,2.127,74.882,67.337
7044,46,2025-02-03,202920,502.0,4.45,5.187,2.301,74.591,78.075
7045,46,2025-02-10,203751,976.0,2.355,6.906,4.701,75.072,80.973
7046,46,2025-02-17,205295,528.0,4.109,7.063,2.309,75.244,73.639
7047,46,2025-02-24,206757,978.0,3.363,5.529,3.214,76.627,77.142
7048,46,2025-03-03,208120,408.0,1.756,7.13,6.321,76.724,90.633
7049,46,2025-03-10,209372,426.0,4.128,6.394,0.895,81.621,78.94
7050,46,2025-03-17,210928,757.0,1.128,12.864,2.405,79.158,80.778
7051,46,2025-03-24,211970,1110.0,2.747,5.912,2.916,74.108,70.641
7052,46,2025-03-31,213532,891.0,2.315,6.296,1.723,77.137,88.76
7053,46,2025-04-07,214392,880.0,2.137,10.231,2.913,74.892,77.435
7054,46,2025-04-14,215793,627.0,2.03,8.729,0.911,80.044,81.671
7055,46,2025-04-28,216613,661.0,5.266,6.005,2.88,81.006,76.616
7056,46,2025-05-05,218640,639.0,4.57,16.911,3.395,78.775,73.152
7057,46,2025-05-19,221333,544.0,2.835,4.937,2.549,77.524,76.825
7058,46,2025-05-26,223215,1500.0,2.874,5.017,1.808,77.492,85.556
7059,46,2025-06-02,224212,757.0,2.381,0.316,3.371,76.081,78.05
7060,46,2025-06-09,225232,645.0,4.816,5.43,1.326,74.196,74.694
7061,46,2025-06-23,226206,675.0,4.428,6.095,1.676,78.506,80.49
7062,46,2025-06-30,227305,771.0,3.917,5.137,5.593,85.757,69.278
7063,46,2025-07-07,228560,583.0,3.33,4.753,1.669,77.287,69.411
7064,46,2025-07-14,229904,650.0,3.034,11.275,2.636,74.633,80.472
7065,46,2025-07-21,231059,1110.0,3.199,15.043,2.474,76.527,80.061
7066,46,2025-07-28,232479,378.0,3.577,7.729,3.752,76.319,83.039
7067,46,2025-08-04,233473,723.0,3.729,5.262,3.731,83.842,73.901
7068,46,2025-08-18,235673,917.0,3.38,16.662,2.629,78.118,85.526
7069,46,2025-08-25,237355,1022.0,4.061,9.043,2.48,77.65,74.724
7070,46,2025-09-01,238514,874.0,4.265,8.058,1.488,75.911,74.291
7071,46,2025-09-08,239812,729.0,3.121,5.08,2.143,76.336,79.727
7072,46,2025-09-15,241135,539.0,4.662,4.26,2.386,76.398,83.679
7073,46,2025-09-22,242709,688.0,3.491,5.473,2.737,78.945,78.307
7074,46,2025-09-29,243791,901.0,2.692,7.236,2.965,75.751,81.468
7075,46,2025-10-06,244933,828.0,2.309,5.006,0.717,78.455,84.188
7076,46,2025-10-13,247097,552.0,1.602,5.379,1.499,76.34,80.318
7077,46,2025-10-20,247706,724.0,2.738,6.984,3.444,77.211,83.322
7078,46,2025-10-27,249098,717.0,2.936,8.213,2.644,74.493,77.541
7079,46,2025-11-03,251220,598.0,1.799,6.728,1.276,77.703,78.208
7080,46,2025-11-10,253717,734.0,4.031,7.6,0.967,80.364,79.435
7081,46,2025-11-17,255109,787.0,4.55,4.146,1.507,77.66,77.491
7082,46,2025-12-01,258108,479.0,2.479,6.008,2.511,78.025,81.128
7083,46,2025-12-08,259437,1027.0,4.636,5.375,1.289,83.051,68.063
7084,46,2025-12-15,260889,961.0,2.717,7.465,2.99,75.831,77.871
7085,46,2025-12-22,262877,501.0,4.707,8.398,6.238,81.619,88.373
7086,46,2025-12-29,264857,861.0,2.166,4.223,1.608,77.989,89.719
7087,47,2023-01-02,50059,668.0,2.978,6.578,1.728,75.437,65.138
7088,47,2023-01-09,51592,548.0,3.08,5.738,3.368,74.333,80.431
7089,47,2023-01-16,53062,539.0,5.444,7.826,1.859,75.648,74.258
7090,47,2023-01-23,54044,615.0,3.44,8.396,5.322,75.453,73.209
7091,47,2023-01-30,55257,944.0,3.536,5.685,1.85,75.268,72.718
7092,47,2023-02-06,56541,788.0,3.838,4.74,1.054,76.182,78.301
7093,47,2023-02-13,58518,834.0,1.9,2.315,1.486,79.109,77.6
7094,47,2023-02-20,59603,1267.0,3.709,15.442,1.823,77.557,81.069
7095,47,2023-02-27,61219,538.0,3.723,5.26,3.369,74.328,83.625
7096,47,2023-03-06,62419,513.0,1.081,2.526,2.931,76.999,82.507
7097,47,2023-03-13,64557,688.0,3.249,9.321,2.129,76.733,69.482
7098,47,2023-03-27,65933,673.0,2.988,5.221,1.962,75.429,73.868
7099,47,2023-04-03,67758,958.0,4.007,7.951,3.168,78.424,89.089
7100,47,2023-04-10,69243,326.0,3.437,5.991,3.01,74.45,82.004
7101,47,2023-04-17,69916,928.0,3.606,4.04,0.823,75.304,76.48
7102,47,2023-04-24,71478,756.0,2.117,11.142,1.711,76.55,78.8
7103,47,2023-05-01,72750,586.0,1.984,8.842,1.821,78.119,84.346
7104,47,2023-05-08,73987,1035.0,2.432,4.313,1.616,75.439,75.722
7105,47,2023-05-15,74883,531.0,2.972,7.41,1.299,76.223,67.471
7106,47,2023-05-22,76590,468.0,4.652,7.388,2.399,76.725,75.261
7107,47,2023-05-29,78652,535.0,2.722,7.556,2.065,75.71,76.459
7108,47,2023-06-05,80252,388.0,2.432,7.977,3.108,75.876,71.791
7109,47,2023-06-12,81720,454.0,1.966,6.51,1.811,73.334,83.018
7110,47,2023-06-19,82890,1405.0,4.098,3.587,5.441,75.704,83.382
7111,47,2023-06-26,83879,486.0,4.273,3.462,1.69,75.569,73.464
7112,47,2023-07-03,85252,993.0,3.408,5.816,1.782,75.523,68.424
7113,47,2023-07-10,86828,733.0,4.432,3.635,2.406,76.805,75.489
7114,47,2023-07-17,88132,512.0,2.821,7.335,0.83,75.358,69.657
7115,47,2023-07-24,89137,615.0,2.811,4.221,2.149,76.767,76.643
7116,47,2023-07-31,90068,949.0,3.317,7.845,2.603,77.653,70.218
7117,47,2023-08-07,91668,568.0,3.921,4.831,1.143,74.245,73.636
7118,47,2023-08-14,92799,539.0,2.85,8.626,2.104,73.878,81.974
7119,47,2023-08-21,94715,851.0,2.511,4.911,5.834,76.557,86.042
7120,47,2023-08-28,96310,868.0,2.953,5.403,2.352,76.949,83.608
7121,47,2023-09-04,98149,986.0,5.082,5.974,1.667,75.608,76.715
7122,47,2023-09-11,98518,478.0,2.903,7.976,3.256,77.271,91.155
7123,47,2023-09-18,99562,464.0,3.135,12.248,1.402,76.568,71.514
7124,47,2023-09-25,100761,492.0,4.955,8.112,3.321,76.415,76.418
7125,47,2023-10-02,102474,557.0,2.777,4.355,1.696,78.292,93.369
7126,47,2023-10-09,103571,1040.0,4.193,6.529,2.554,76.963,82.927
7127,47,2023-10-16,105019,1253.0,1.949,4.949,1.688,73.241,88.665
7128,47,2023-10-23,107238,592.0,4.256,8.449,2.945,75.228,80.529
7129,47,2023-10-30,108285,795.0,3.051,4.968,2.572,76.903,88.317
7130,47,2023-11-06,109636,840.0,3.371,4.057,1.413,75.149,82.29
7131,47,2023-11-13,110919,1302.0,2.314,5.586,1.863,75.027,88.1
7132,47,2023-11-20,112101,678.0,3.796,4.535,3.184,74.197,84.282
7133,47,2023-11-27,112831,1262.0,2.805,15.757,2.288,78.506,82.024
7134,47,2023-12-04,114205,919.0,2.914,7.806,1.637,77.504,71.172
7135,47,2023-12-11,115304,742.0,3.183,8.388,3.374,73.704,91.622
7136,47,2023-12-18,116337,656.0,2.972,5.522,4.98,75.871,86.464
7137,47,2023-12-25,117793,1133.0,1.28,2.812,1.392,84.647,77.884
7138,47,2024-01-01,118971,583.0,2.619,4.137,1.884,76.439,89.396
7139,47,2024-01-08,120372,669.0,3.809,6.621,3.17,77.113,82.179
7140,47,2024-01-15,122811,954.0,3.417,5.33,3.26,75.765,81.25
7141,47,2024-01-22,124544,847.0,2.212,5.382,1.837,76.916,80.694
7142,47,2024-01-29,126025,1320.0,4.015,4.272,2.229,75.298,75.292
7143,47,2024-02-05,126519,417.0,4.35,5.714,2.004,76.284,91.57
7144,47,2024-02-12,127445,739.0,2.626,5.222,3.443,76.892,71.84
7145,47,2024-02-19,128697,1057.0,3.042,7.143,1.15,80.919,86.94
7146,47,2024-02-26,129925,1305.0,2.821,6.791,1.085,78.209,78.853
7147,47,2024-03-04,131134,500.0,3.469,6.789,1.674,73.941,77.804
7148,47,2024-03-11,132240,487.0,2.73,6.293,2.799,73.762,83.355
7149,47,2024-03-18,132862,519.0,2.45,8.3,1.373,76.222,74.019
7150,47,2024-03-25,134121,970.0,4.347,3.744,1.172,84.507,87.992
7151,47,2024-04-01,135206,593.0,4.698,2.434,2.497,76.431,74.549
7152,47,2024-04-08,136747,657.0,3.178,7.029,0.932,76.19,73.211
7153,47,2024-04-15,137722,1086.0,2.889,13.947,2.197,84.366,77.856
7154,47,2024-04-22,139094,702.0,1.985,6.315,3.798,75.391,87.511
7155,47,2024-04-29,140562,1111.0,3.758,12.745,1.327,73.999,75.549
7156,47,2024-05-13,142352,760.0,4.783,4.615,1.99,75.069,77.329
7157,47,2024-05-20,143231,669.0,3.852,4.772,1.979,76.951,78.374
7158,47,2024-05-27,144710,762.0,3.598,7.252,2.176,75.368,83.759
7159,47,2024-06-03,146827,678.0,4.424,6.276,2.144,75.75,73.353
7160,47,2024-06-10,149076,1330.0,4.325,4.926,2.114,79.996,68.985
7161,47,2024-06-17,150325,637.0,4.003,6.706,2.737,78.477,77.467
7162,47,2024-06-24,151767,1085.0,2.917,3.999,2.12,76.322,87.241
7163,47,2024-07-01,153353,1006.0,4.039,6.961,1.104,84.877,85.872
7164,47,2024-07-08,154520,479.0,5.691,1.145,2.198,77.812,84.587
7165,47,2024-07-15,155726,797.0,3.027,4.684,1.577,74.733,73.263
7166,47,2024-07-22,156842,679.0,3.785,4.743,2.485,74.576,87.119
7167,47,2024-07-29,158215,612.0,3.004,7.534,2.641,75.505,79.511
7168,47,2024-08-05,159618,952.0,0.152,10.145,2.574,83.5,73.794
7169,47,2024-08-12,160771,483.0,4.07,5.551,1.215,75.383,74.577
7170,47,2024-08-19,162036,933.0,3.462,4.256,1.499,77.793,79.691
7171,47,2024-08-26,163403,480.0,2.779,4.363,1.446,76.843,87.053
7172,47,2024-09-02,164920,727.0,3.49,6.934,2.307,74.964,80.329
7173,47,2024-09-09,167127,1221.0,4.223,4.325,5.649,83.8,76.747
7174,47,2024-09-16,168011,868.0,4.079,4.782,1.512,76.225,86.017
7175,47,2024-09-23,169398,786.0,3.271,6.78,1.686,83.718,82.587
7176,47,2024-09-30,170177,1006.0,2.016,6.808,4.881,83.434,81.06
7177,47,2024-10-07,171510,507.0,3.073,14.894,1.627,82.372,86.302
7178,47,2024-10-14,173529,412.0,2.935,5.71,1.285,76.672,80.085
7179,47,2024-10-21,173815,518.0,3.198,6.634,0.998,75.656,81.428
7180,47,2024-10-28,175001,534.0,4.851,8.053,1.601,75.747,77.47
7181,47,2024-11-04,176409,1232.0,5.097,2.49,0.857,76.6,85.247
7182,47,2024-11-11,178106,774.0,3.179,6.303,3.096,75.68,72.155
7183,47,2024-11-18,179871,1018.0,3.245,5.845,1.908,78.188,75.659
7184,47,2024-11-25,181613,1002.0,2.53,4.744,3.36,77.869,73.197
7185,47,2024-12-02,182769,693.0,3.304,11.775,2.084,76.034,72.956
7186,47,2024-12-09,184636,725.0,2.8,6.774,2.074,75.891,81.621
7187,47,2024-12-16,186229,746.0,2.16,3.874,0.944,74.635,83.267
7188,47,2024-12-23,187925,668.0,1.927,5.638,4.798,84.185,86.376
7189,47,2024-12-30,189649,620.0,3.738,7.573,1.746,77.824,85.004
7190,47,2025-01-06,191736,1040.0,3.353,5.632,1.812,74.291,78.335
7191,47,2025-01-13,192523,447.0,1.824,3.94,2.94,76.029,80.754
7192,47,2025-01-20,193777,501.0,4.049,4.395,1.972,75.045,71.568
7193,47,2025-01-27,195246,1267.0,2.172,9.143,2.765,76.774,72.556
7194,47,2025-02-03,196791,622.0,3.975,3.753,0.86,76.678,77.735
7195,47,2025-02-10,198857,819.0,4.382,7.102,1.125,77.584,80.079
7196,47,2025-02-17,200231,635.0,2.274,4.419,1.472,85.927,84.298
7197,47,2025-02-24,201140,398.0,3.698,4.816,1.971,77.308,75.774
7198,47,2025-03-03,202303,501.0,4.707,8.398,6.238,81.619,88.373
7199,47,2025-03-10,203145,729.0,2.7,5.234,2.03,77.091,87.599
7200,47,2025-03-17,204499,465.0,1.893,5.234,2.442,77.701,66.81
7201,47,2025-03-24,205658,1055.0,2.351,5.378,1.639,77.82,77.794
7202,47,2025-03-31,206917,804.0,1.922,3.88,1.754,76.863,80.888
7203,47,2025-04-07,207721,843.0,2.918,15.824,1.313,76.884,79.666
7204,47,2025-04-14,209810,724.0,2.534,2.091,1.568,77.338,77.384
7205,47,2025-04-21,210425,679.0,0.884,5.31,2.866,75.944,74.104
7206,47,2025-04-28,211349,680.0,4.613,3.925,2.271,87.167,81.628
7207,47,2025-05-05,212672,418.0,5.726,6.719,2.387,76.227,84.474
7208,47,2025-05-12,213490,916.0,3.733,8.26,1.744,76.906,82.495
7209,47,2025-05-19,214749,1197.0,2.525,7.201,2.648,77.397,80.147
7210,47,2025-05-26,215821,770.0,2.959,7.774,1.669,77.783,71.468
7211,47,2025-06-02,216960,864.0,2.551,8.767,1.939,78.527,77.285
7212,47,2025-06-09,218069,1029.0,2.998,5.716,2.008,76.69,75.394
7213,47,2025-06-16,220111,526.0,2.386,4.445,4.48,76.932,89.972
7214,47,2025-06-23,221562,631.0,3.421,7.824,2.062,84.91,70.828
7215,47,2025-06-30,223342,878.0,4.341,6.851,1.709,84.101,75.439
7216,47,2025-07-07,224611,428.0,4.903,7.165,1.881,74.368,76.267
7217,47,2025-07-14,226106,628.0,3.864,4.599,1.56,75.834,75.761
7218,47,2025-07-21,227338,615.0,2.811,4.221,2.149,76.767,76.643
7219,47,2025-08-04,230279,583.0,2.548,6.343,1.845,77.627,80.988
7220,47,2025-08-11,231179,1012.0,4.119,4.776,1.788,82.377,80.843
7221,47,2025-08-18,232737,566.0,3.517,8.587,2.07,76.668,72.648
7222,47,2025-08-25,233780,869.0,2.031,6.387,1.066,77.654,77.252
7223,47,2025-09-01,234871,720.0,2.558,7.056,2.385,77.923,78.184
7224,47,2025-09-08,236605,784.0,4.847,3.992,1.661,75.984,91.388
7225,47,2025-09-15,238335,1177.0,3.142,4.029,2.221,81.794,73.41
7226,47,2025-09-22,238926,971.0,4.618,9.701,3.156,75.118,72.788
7227,47,2025-09-29,240631,510.0,4.387,2.529,2.631,74.628,66.891
7228,47,2025-10-06,241678,1299.0,3.257,2.357,1.009,76.095,83.928
7229,47,2025-10-20,244055,1217.0,4.445,6.283,1.44,76.758,77.551
7230,47,2025-10-27,244650,649.0,4.279,5.3,2.403,73.486,73.078
7231,47,2025-11-03,245662,984.0,2.789,4.609,1.28,77.322,67.315
7232,47,2025-11-10,246709,369.0,2.746,6.989,1.83,77.181,75.697
7233,47,2025-11-17,248128,545.0,3.223,4.56,3.43,75.968,72.957
7234,47,2025-12-01,249603,1333.0,3.714,4.002,4.444,77.516,71.571
7235,47,2025-12-08,250644,820.0,4.747,4.764,2.603,77.472,88.994
7236,47,2025-12-15,252441,1045.0,1.986,6.612,2.634,76.15,74.792
7237,47,2025-12-22,253494,812.0,4.409,3.111,0.759,77.571,77.706
7238,47,2025-12-29,255077,666.0,2.059,2.236,1.778,77.372,79.126
7239,48,2023-01-02,56852,1292.0,2.856,3.586,3.058,74.711,76.87
7240,48,2023-01-09,58437,655.0,2.555,6.774,2.525,77.272,64.484
7241,48,2023-01-16,59710,370.0,2.382,4.374,3.021,76.73,84.843
7242,48,2023-01-23,61123,446.0,2.266,6.328,5.042,77.822,79.483
7243,48,2023-01-30,62781,1028.0,4.295,8.984,2.43,75.694,78.535
7244,48,2023-02-06,64984,777.0,2.315,8.476,1.841,74.332,79.167
7245,48,2023-02-13,66424,1723.0,3.589,13.124,1.733,85.185,79.165
7246,48,2023-02-20,68021,1586.0,5.044,8.795,2.523,77.277,70.35
7247,48,2023-02-27,68877,664.0,2.695,6.504,2.718,74.713,77.572
7248,48,2023-03-06,70214,396.0,2.484,6.052,2.394,81.946,74.605
7249,48,2023-03-13,72021,788.0,3.271,9.215,1.323,74.244,72.718
7250,48,2023-03-20,73311,812.0,1.965,6.348,3.341,75.413,82.656
7251,48,2023-03-27,73755,662.0,5.054,6.988,2.062,76.272,82.335
7252,48,2023-04-03,75794,758.0,2.11,10.373,5.133,75.541,79.106
7253,48,2023-04-10,77298,600.0,4.668,5.588,1.998,76.59,68.968
7254,48,2023-04-17,77595,803.0,3.386,6.169,1.735,76.927,71.597
7255,48,2023-04-24,79334,826.0,4.25,6.079,1.502,77.95,78.017
7256,48,2023-05-01,80054,562.0,2.537,5.152,1.854,77.591,73.95
7257,48,2023-05-08,81052,812.0,3.033,7.364,2.843,77.214,77.552
7258,48,2023-05-15,82173,839.0,2.889,7.318,6.072,78.211,77.665
7259,48,2023-05-22,83354,807.0,2.441,7.433,4.368,78.169,77.888
7260,48,2023-05-29,84371,496.0,2.351,4.833,1.509,77.796,77.61
7261,48,2023-06-05,86080,867.0,3.079,6.486,1.722,78.395,83.149
7262,48,2023-06-12,86865,1213.0,1.738,6.957,1.823,76.813,93.326
7263,48,2023-06-19,88069,981.0,3.845,7.827,2.699,74.727,68.692
7264,48,2023-06-26,89094,1316.0,2.871,12.157,3.145,83.65,78.191
7265,48,2023-07-03,89979,1036.0,2.705,5.272,2.636,82.556,78.883
7266,48,2023-07-10,90902,936.0,3.428,15.033,1.992,75.543,78.98
7267,48,2023-07-17,92120,1006.0,5.785,9.74,1.194,76.472,74.181
7268,48,2023-07-24,92848,425.0,3.006,2.775,1.339,77.804,73.648
7269,48,2023-07-31,93550,802.0,3.825,6.527,1.95,77.789,74.603
7270,48,2023-08-07,95045,649.0,1.563,7.245,2.052,76.21,76.528
7271,48,2023-08-14,96264,480.0,2.902,4.07,2.095,83.708,76.294
7272,48,2023-08-21,97991,613.0,3.464,2.997,2.233,77.907,73.444
7273,48,2023-08-28,99597,1145.0,4.015,5.256,3.169,76.958,67.861
7274,48,2023-09-04,100952,490.0,4.139,2.069,2.148,77.085,78.209
7275,48,2023-09-11,101937,474.0,3.27,13.252,2.919,77.456,81.1
7276,48,2023-09-18,103695,749.0,4.183,8.334,1.851,76.449,79.233
7277,48,2023-09-25,105189,658.0,1.886,7.857,3.7,83.957,80.757
7278,48,2023-10-02,107016,1111.0,2.147,5.467,0.664,74.73,78.376
7279,48,2023-10-09,108798,448.0,2.747,7.938,3.025,76.519,82.898
7280,48,2023-10-16,109858,914.0,2.132,7.73,1.405,74.965,81.032
7281,48,2023-10-23,111651,439.0,4.514,5.597,1.428,82.354,72.787
7282,48,2023-10-30,112995,811.0,2.548,6.624,2.341,78.719,77.857
7283,48,2023-11-06,113975,708.0,3.795,6.668,2.592,75.633,72.536
7284,48,2023-11-13,114687,1096.0,3.313,7.447,3.71,77.689,76.182
7285,48,2023-11-20,116266,488.0,4.241,8.059,3.118,74.138,75.598
7286,48,2023-11-27,118218,639.0,2.29,8.301,3.31,77.191,82.436
7287,48,2023-12-04,120020,1015.0,3.133,6.077,3.426,76.406,79.981
7288,48,2023-12-11,121640,889.0,4.113,8.403,2.097,76.834,77.232
7289,48,2023-12-18,123083,1150.0,2.236,9.361,1.45,75.854,76.112
7290,48,2023-12-25,123872,1014.0,3.479,8.535,2.942,75.438,66.837
7291,48,2024-01-01,124558,694.0,2.585,15.845,2.189,75.718,74.729
7292,48,2024-01-08,125490,773.0,2.095,4.683,1.702,75.903,67.178
7293,48,2024-01-15,126955,1023.0,3.853,7.704,2.839,77.215,76.437
7294,48,2024-01-22,128521,939.0,2.006,4.767,0.924,78.425,71.92
7295,48,2024-02-05,130901,808.0,5.055,11.763,1.498,78.148,81.134
7296,48,2024-02-12,131820,720.0,5.322,7.47,1.484,74.712,74.097
7297,48,2024-02-19,133146,1002.0,3.812,4.768,1.386,84.148,80.572
7298,48,2024-02-26,134509,900.0,3.196,6.32,2.68,80.713,78.903
7299,48,2024-03-04,136101,921.0,4.049,5.639,2.885,76.997,78.633
7300,48,2024-03-11,137342,1004.0,2.339,7.422,1.237,78.248,81.774
7301,48,2024-03-18,139600,954.0,2.008,6.444,1.849,75.664,69.62
7302,48,2024-03-25,140458,999.0,2.4,5.559,3.137,77.09,69.589
7303,48,2024-04-01,142615,882.0,3.016,5.052,2.535,75.345,90.649
7304,48,2024-04-08,144025,594.0,2.335,6.493,1.382,75.71,77.604
7305,48,2024-04-15,145183,524.0,2.561,11.222,3.18,75.924,83.159
7306,48,2024-04-22,145892,695.0,2.917,6.217,2.558,76.631,66.852
7307,48,2024-04-29,146893,502.0,4.45,5.187,2.301,74.591,78.075
7308,48,2024-05-06,148111,615.0,5.185,5.007,4.761,75.673,70.217
7309,48,2024-05-20,149263,992.0,3.196,5.913,2.48,83.203,70.504
7310,48,2024-05-27,151030,566.0,3.74,7.283,2.755,73.541,75.181
7311,48,2024-06-03,152765,605.0,4.276,3.373,1.782,75.694,82.982
7312,48,2024-06-10,154601,831.0,4.853,5.891,2.776,75.706,70.671
7313,48,2024-06-17,155582,792.0,4.274,6.724,2.223,76.861,90.038
7314,48,2024-06-24,157345,748.0,2.241,8.843,2.588,76.374,73.962
7315,48,2024-07-01,159167,715.0,3.232,5.659,0.891,76.325,69.569
7316,48,2024-07-08,160522,575.0,2.766,5.249,2.167,76.686,80.048
7317,48,2024-07-15,161703,627.0,2.329,7.526,3.168,75.047,82.791
7318,48,2024-07-22,162890,489.0,3.809,13.841,2.727,75.75,77.996
7319,48,2024-07-29,164630,591.0,4.276,6.919,1.638,75.961,79.272
7320,48,2024-08-05,165161,556.0,3.204,3.866,2.114,76.31,82.813
7321,48,2024-08-12,166356,610.0,3.085,16.346,2.249,75.77,67.645
7322,48,2024-08-19,167536,916.0,3.1,5.556,2.455,75.982,79.207
7323,48,2024-08-26,168220,454.0,2.9,3.89,2.268,75.789,72.949
7324,48,2024-09-02,169118,663.0,2.613,11.983,3.133,78.761,83.731
7325,48,2024-09-09,170378,1151.0,3.219,6.653,2.455,75.37,71.207
7326,48,2024-09-16,172093,1195.0,3.447,5.943,2.918,75.955,71.75
7327,48,2024-09-23,173365,698.0,4.679,8.786,1.998,74.239,77.959
7328,48,2024-09-30,174260,640.0,4.709,7.202,3.284,77.339,79.164
7329,48,2024-10-07,175421,910.0,2.865,4.411,3.3,74.23,76.154
7330,48,2024-10-14,176905,1103.0,2.967,6.706,1.387,75.313,74.463
7331,48,2024-10-21,178369,483.0,2.592,4.815,1.426,78.034,72.851
7332,48,2024-10-28,180083,566.0,4.679,8.74,3.277,84.194,89.356
7333,48,2024-11-04,181353,618.0,3.052,4.946,3.059,77.054,81.768
7334,48,2024-11-11,182488,583.0,2.244,17.219,2.551,77.053,82.963
7335,48,2024-11-18,183472,761.0,2.955,5.739,2.686,86.629,89.289
7336,48,2024-11-25,184305,609.0,2.406,12.103,2.498,77.758,80.544
7337,48,2024-12-02,185580,1173.0,3.747,7.109,0.921,76.913,79.577
7338,48,2024-12-09,186533,685.0,5.357,5.14,1.739,78.715,70.257
7339,48,2024-12-16,187757,431.0,3.244,6.514,3.986,75.172,87.213
7340,48,2024-12-23,189142,731.0,3.631,5.809,2.131,76.804,66.735
7341,48,2024-12-30,190010,1187.0,2.593,6.89,1.833,78.102,84.967
7342,48,2025-01-06,191702,760.0,3.755,7.935,1.67,78.114,71.523
7343,48,2025-01-13,193670,499.0,1.968,2.666,1.546,74.803,81.535
7344,48,2025-01-20,194371,864.0,4.552,5.341,1.688,74.094,72.607
7345,48,2025-01-27,196654,669.0,4.772,11.388,2.462,77.318,80.487
7346,48,2025-02-03,197810,530.0,5.062,9.394,5.471,77.654,73.821
7347,48,2025-02-10,199373,559.0,2.932,6.316,2.036,85.075,91.493
7348,48,2025-02-17,200847,675.0,3.913,7.408,5.566,75.937,78.628
7349,48,2025-02-24,201660,807.0,4.753,6.456,2.57,77.11,83.04
7350,48,2025-03-03,202283,698.0,2.887,4.184,2.164,76.603,80.045
7351,48,2025-03-10,203170,484.0,3.058,6.557,1.604,75.031,74.781
7352,48,2025-03-17,204839,983.0,3.889,5.445,3.232,84.733,72.443
7353,48,2025-03-24,206977,413.0,3.492,6.194,1.769,82.126,78.464
7354,48,2025-03-31,208252,733.0,1.91,5.468,2.262,78.099,85.19
7355,48,2025-04-07,209726,547.0,2.902,6.979,1.147,76.827,93.615
7356,48,2025-04-21,211282,663.0,3.847,5.339,1.92,75.899,78.219
7357,48,2025-04-28,212406,856.0,2.865,5.745,1.875,77.997,68.461
7358,48,2025-05-05,213107,532.0,2.458,6.208,1.902,83.913,82.844
7359,48,2025-05-12,215152,1457.0,3.829,5.988,4.78,77.758,90.465
7360,48,2025-05-19,216408,916.0,3.1,5.556,2.455,75.982,79.207
7361,48,2025-05-26,218030,908.0,2.353,5.058,0.934,78.072,71.919
7362,48,2025-06-02,219507,1023.0,4.219,5.715,3.056,74.542,71.785
7363,48,2025-06-09,221381,584.0,4.035,6.275,1.678,79.901,75.292
7364,48,2025-06-16,222328,933.0,5.153,8.12,1.268,76.749,63.124
7365,48,2025-06-23,224175,412.0,2.935,5.71,1.285,76.672,80.085
7366,48,2025-06-30,225346,1028.0,1.791,4.972,0.969,76.986,85.664
7367,48,2025-07-07,226820,900.0,2.988,9.28,3.003,84.611,85.794
7368,48,2025-07-14,228563,553.0,2.4,5.322,2.895,74.959,87.073
7369,48,2025-07-21,229611,540.0,4.778,7.532,3.918,82.185,85.456
7370,48,2025-07-28,230595,731.0,3.361,4.035,3.742,77.848,76.557
7371,48,2025-08-04,231056,453.0,2.549,2.371,1.706,74.983,82.573
7372,48,2025-08-11,232239,778.0,2.894,5.178,1.728,76.548,80.317
7373,48,2025-08-18,233198,1154.0,2.297,6.496,1.715,76.767,87.388
7374,48,2025-08-25,234110,959.0,2.174,2.132,1.145,82.27,83.775
7375,48,2025-09-01,234914,426.0,3.57,4.568,3.087,77.598,81.796
7376,48,2025-09-08,235590,474.0,4.057,7.177,2.883,75.683,76.329
7377,48,2025-09-15,236405,1403.0,3.095,3.454,1.916,76.898,73.768
7378,48,2025-09-22,237334,604.0,2.453,6.772,3.172,76.867,88.842
7379,48,2025-09-29,238122,679.0,2.941,7.88,0.989,86.132,86.309
7380,48,2025-10-06,238947,1211.0,4.807,8.999,2.972,83.389,74.056
7381,48,2025-10-13,239960,853.0,3.116,6.136,1.747,73.896,83.678
7382,48,2025-10-20,241624,916.0,3.031,1.685,2.846,78.472,84.088
7383,48,2025-10-27,243111,761.0,2.742,1.537,1.841,76.648,91.796
7384,48,2025-11-03,244879,1218.0,3.194,8.386,2.027,77.844,75.479
7385,48,2025-11-10,245710,473.0,2.376,5.119,1.945,75.973,73.388
7386,48,2025-11-17,246573,706.0,5.331,4.601,3.04,76.196,77.494
7387,48,2025-11-24,247587,567.0,3.922,6.265,2.129,77.985,80.075
7388,48,2025-12-01,249218,963.0,2.366,4.735,1.692,76.288,83.7
7389,48,2025-12-08,250004,1012.0,4.844,14.471,1.901,86.589,77.867
7390,48,2025-12-15,250552,980.0,3.055,5.813,1.492,80.119,82.291
7391,48,2025-12-22,252290,792.0,2.462,4.998,1.068,82.492,91.813
7392,48,2025-12-29,253564,623.0,4.023,4.176,3.499,80.184,69.686
7393,49,2023-01-02,29387,528.0,0.839,8.027,2.312,84.062,77.713
7394,49,2023-01-09,30725,773.0,3.196,7.746,4.534,75.854,86.374
7395,49,2023-01-16,31967,670.0,3.006,7.571,4.902,77.317,83.963
7396,49,2023-01-23,33759,609.0,2.87,6.605,1.771,77.621,78.279
7397,49,2023-01-30,34393,508.0,3.375,6.938,1.309,75.856,79.391
7398,49,2023-02-06,36327,655.0,5.732,6.562,2.709,77.193,77.523
7399,49,2023-02-13,38080,946.0,3.228,6.037,1.338,83.831,87.796
7400,49,2023-02-20,39665,498.0,4.109,8.618,1.225,75.261,68.592
7401,49,2023-02-27,41484,797.0,2.55,5.756,2.791,78.588,70.953
7402,49,2023-03-06,42188,1517.0,3.209,4.542,3.573,77.516,68.374
7403,49,2023-03-13,43067,793.0,4.358,7.827,2.71,82.26,68.756
7404,49,2023-03-20,44907,744.0,3.731,5.603,2.823,83.487,72.447
7405,49,2023-03-27,46109,392.0,2.314,3.854,2.751,77.566,84.403
7406,49,2023-04-03,47668,662.0,2.764,9.657,3.466,73.169,76.182
7407,49,2023-04-10,49087,630.0,1.744,2.311,1.606,83.572,69.443
7408,49,2023-04-17,50305,1140.0,3.533,5.96,0.745,75.352,70.442
7409,49,2023-04-24,51712,670.0,4.82,5.925,1.647,84.808,82.615
7410,49,2023-05-01,53502,481.0,5.497,7.002,2.133,74.558,80.244
7411,49,2023-05-08,54905,566.0,2.885,13.889,2.91,74.227,76.262
7412,49,2023-05-15,55797,1217.0,4.564,7.898,1.471,77.338,73.676
7413,49,2023-05-22,57081,660.0,2.114,6.695,1.293,77.333,71.297
7414,49,2023-05-29,58306,811.0,2.766,5.239,1.16,76.584,80.617
7415,49,2023-06-05,59630,626.0,2.252,3.748,3.15,75.882,84.567
7416,49,2023-06-12,61285,571.0,2.115,6.442,2.099,78.246,86.887
7417,49,2023-06-19,62371,636.0,4.473,10.846,2.767,78.665,72.126
7418,49,2023-06-26,63133,777.0,2.315,8.476,1.841,74.332,79.167
7419,49,2023-07-03,64661,652.0,2.73,5.18,1.356,76.565,87.942
7420,49,2023-07-10,65744,850.0,2.462,1.786,1.665,78.393,78.522
7421,49,2023-07-17,67284,548.0,3.982,15.786,2.03,79.259,75.336
7422,49,2023-07-24,68747,801.0,2.553,4.408,2.385,77.742,87.272
7423,49,2023-07-31,69719,495.0,3.909,9.849,2.2,76.951,81.072
7424,49,2023-08-07,70628,883.0,4.925,6.53,2.576,77.058,70.61
7425,49,2023-08-14,71264,1521.0,3.6,5.955,3.219,73.984,79.284
7426,49,2023-08-21,72691,480.0,2.264,10.922,3.269,84.379,85.476
7427,49,2023-08-28,73468,577.0,2.111,8.851,2.578,81.317,87.651
7428,49,2023-09-04,74961,1673.0,3.55,3.172,2.232,78.062,81.121
7429,49,2023-09-11,76282,1032.0,4.718,6.92,2.423,74.526,73.388
7430,49,2023-09-18,77288,518.0,5.014,10.311,1.968,86.552,80.872
7431,49,2023-09-25,79469,717.0,2.644,6.05,2.73,76.055,85.593
7432,49,2023-10-02,80952,568.0,2.435,5.91,4.017,76.188,76.557
7433,49,2023-10-09,82020,412.0,2.185,6.966,3.228,76.418,77.344
7434,49,2023-10-16,83109,915.0,3.101,5.259,2.018,74.882,70.789
7435,49,2023-10-23,84154,1450.0,2.529,6.085,2.706,76.536,78.434
7436,49,2023-10-30,84592,680.0,4.109,7.237,1.16,75.721,78.349
7437,49,2023-11-06,86011,1293.0,3.435,5.055,1.811,74.938,83.409
7438,49,2023-11-13,87385,672.0,5.553,5.442,3.356,86.155,74.578
7439,49,2023-11-20,88485,849.0,3.649,3.98,2.289,75.383,74.019
7440,49,2023-11-27,89749,632.0,4.481,6.195,2.587,74.783,73.498
7441,49,2023-12-04,91392,542.0,5.591,9.627,2.609,75.761,72.701
7442,49,2023-12-11,92413,618.0,2.944,7.124,2.64,74.489,73.489
7443,49,2023-12-18,93967,736.0,2.574,6.127,2.897,74.032,76.51
7444,49,2023-12-25,95117,1046.0,5.105,8.178,2.773,78.081,78.663
7445,49,2024-01-01,96419,769.0,3.415,5.806,1.841,75.133,78.471
7446,49,2024-01-08,97959,798.0,2.603,4.379,2.354,76.216,80.306
7447,49,2024-01-15,99282,792.0,4.32,8.303,4.004,75.657,69.403
7448,49,2024-01-22,100072,755.0,2.677,0.199,1.896,83.852,70.954
7449,49,2024-01-29,101828,725.0,2.622,3.969,0.99,74.738,73.593
7450,49,2024-02-05,103661,510.0,4.109,8.658,3.65,74.746,75.517
7451,49,2024-02-12,104684,697.0,3.308,3.836,0.944,77.159,70.941
7452,49,2024-02-19,105815,625.0,5.089,8.31,2.723,75.498,78.32
7453,49,2024-02-26,107308,760.0,4.895,10.032,1.965,76.577,75.719
7454,49,2024-03-04,108647,534.0,2.053,4.142,1.877,83.865,71.642
7455,49,2024-03-11,109644,822.0,2.455,5.056,2.245,76.426,73.461
7456,49,2024-03-18,111140,364.0,2.218,4.066,2.74,75.936,76.231
7457,49,2024-03-25,112065,676.0,5.591,5.415,1.854,76.548,67.059
7458,49,2024-04-01,112766,873.0,1.768,5.406,1.806,75.412,69.676
7459,49,2024-04-08,113733,495.0,2.813,6.482,2.327,77.993,79.937
7460,49,2024-04-15,115053,749.0,3.005,7.464,2.491,75.195,74.782
7461,49,2024-04-22,115770,547.0,2.302,4.602,2.528,76.273,70.741
7462,49,2024-04-29,117418,670.0,3.302,7.156,3.602,77.295,86.947
7463,49,2024-05-06,119199,1483.0,3.355,9.97,2.352,76.627,79.727
7464,49,2024-05-13,119777,466.0,3.519,6.478,2.672,76.206,64.625
7465,49,2024-05-20,120896,658.0,2.507,5.302,1.62,85.931,78.004
7466,49,2024-05-27,122700,488.0,2.525,13.717,2.675,76.969,78.184
7467,49,2024-06-03,123965,809.0,2.525,7.397,2.54,78.506,86.336
7468,49,2024-06-10,124868,857.0,1.872,3.124,1.267,81.921,84.439
7469,49,2024-06-17,126118,599.0,2.277,6.115,0.995,75.76,79.37
7470,49,2024-06-24,126752,1141.0,2.121,7.892,2.845,76.343,86.834
7471,49,2024-07-01,127943,523.0,4.444,6.889,1.386,84.697,80.548
7472,49,2024-07-08,129037,801.0,3.511,6.683,1.212,74.297,77.529
7473,49,2024-07-15,129808,748.0,2.241,8.843,2.588,76.374,73.962
7474,49,2024-07-22,130592,699.0,3.031,7.541,2.801,74.789,81.203
7475,49,2024-07-29,132621,597.0,4.17,6.985,2.282,74.53,82.449
7476,49,2024-08-05,133666,756.0,2.795,4.142,1.541,74.591,76.427
7477,49,2024-08-19,135777,479.0,5.691,1.145,2.198,77.812,84.587
7478,49,2024-08-26,136291,1301.0,1.895,4.959,2.56,73.96,71.558
7479,49,2024-09-02,137393,925.0,3.375,5.872,1.658,76.964,73.433
7480,49,2024-09-09,138342,624.0,3.033,4.552,2.191,74.912,77.76
7481,49,2024-09-16,140067,1376.0,4.054,4.8,2.901,74.592,82.378
7482,49,2024-09-23,140976,671.0,3.247,8.242,2.719,73.983,76.125
7483,49,2024-09-30,141464,891.0,2.412,5.765,1.704,77.846,80.993
7484,49,2024-10-07,142956,664.0,5.712,8.069,2.553,76.152,88.835
7485,49,2024-10-14,144227,692.0,2.892,14.22,1.798,76.723,79.73
7486,49,2024-10-21,145675,474.0,2.57,9.048,1.654,76.561,74.506
7487,49,2024-10-28,147087,543.0,4.133,5.381,1.309,74.906,83.387
7488,49,2024-11-04,147904,797.0,0.867,9.154,1.762,76.422,79.718
7489,49,2024-11-11,149596,672.0,3.637,10.298,4.275,77.746,70.416
7490,49,2024-11-18,150905,419.0,2.415,6.261,3.483,74.422,74.447
7491,49,2024-11-25,152438,668.0,3.213,16.202,2.493,83.337,73.579
7492,49,2024-12-02,153332,442.0,2.907,10.852,1.341,86.291,71.263
7493,49,2024-12-09,154408,483.0,2.049,6.765,1.773,78.395,83.47
7494,49,2024-12-16,155269,766.0,3.101,7.145,1.89,76.188,79.316
7495,49,2024-12-23,156413,591.0,4.869,7.86,2.782,76.005,66.667
7496,49,2024-12-30,157121,464.0,2.382,14.372,2.691,75.608,81.394
7497,49,2025-01-06,158675,504.0,2.588,14.651,2.36,74.034,74.766
7498,49,2025-01-13,159729,452.0,2.712,5.926,1.29,76.571,69.77
7499,49,2025-01-20,161486,850.0,3.662,4.451,5.15,76.646,91.807
7500,49,2025-01-27,162958,603.0,3.967,4.481,1.67,76.765,77.469
7501,49,2025-02-03,163608,1066.0,3.326,10.177,1.694,82.67,78.037
7502,49,2025-02-10,164882,576.0,3.808,6.291,3.402,77.683,81.546
7503,49,2025-02-17,166017,879.0,4.09,7.438,2.6,74.452,78.937
7504,49,2025-02-24,167581,758.0,4.81,4.633,1.516,76.001,71.718
7505,49,2025-03-03,168384,668.0,3.543,5.208,1.021,85.523,73.419
7506,49,2025-03-10,169799,881.0,3.04,5.378,1.937,75.125,79.062
7507,49,2025-03-17,170862,874.0,4.391,4.126,1.521,76.006,78.419
7508,49,2025-03-24,172036,635.0,2.76,6.63,2.021,76.359,68.403
7509,49,2025-03-31,173606,869.0,5.373,2.713,3.125,75.3,80.981
7510,49,2025-04-07,174966,937.0,4.625,9.729,5.158,74.168,73.807
7511,49,2025-04-14,175966,385.0,2.398,6.624,0.924,78.012,72.281
7512,49,2025-04-21,176666,783.0,4.309,8.378,2.632,78.177,69.631
7513,49,2025-04-28,177819,1482.0,4.154,4.946,2.184,81.736,92.735
7514,49,2025-05-05,179253,750.0,2.308,4.999,1.886,78.137,79.389
7515,49,2025-05-12,181018,509.0,2.77,5.143,1.998,76.123,68.992
7516,49,2025-05-19,182273,992.0,3.812,8.002,1.914,88.346,81.517
7517,49,2025-05-26,184262,778.0,2.894,5.178,1.728,76.548,80.317
7518,49,2025-06-02,185072,511.0,1.073,4.779,1.305,80.57,71.261
7519,49,2025-06-09,185808,1583.0,2.642,9.121,1.685,84.673,72.482
7520,49,2025-06-16,187329,583.0,3.844,5.295,1.668,73.696,74.777
7521,49,2025-06-23,187747,1001.0,5.137,15.17,2.366,83.482,74.954
7522,49,2025-06-30,189256,877.0,4.164,5.555,2.304,75.319,82.622
7523,49,2025-07-07,190955,803.0,2.66,6.044,1.341,80.931,83.295
7524,49,2025-07-14,192770,763.0,3.903,2.787,1.172,86.706,80.145
7525,49,2025-07-21,194534,814.0,1.306,4.714,1.701,77.536,70.212
7526,49,2025-07-28,196532,490.0,2.512,5.377,3.11,76.21,75.528
7527,49,2025-08-04,197794,641.0,4.226,6.654,2.896,77.972,81.547
7528,49,2025-08-11,198662,700.0,2.39,5.295,1.371,75.854,67.276
7529,49,2025-08-18,200052,1267.0,3.343,8.26,3.572,74.889,79.398
7530,49,2025-08-25,201702,786.0,4.642,16.617,2.945,75.531,68.032
7531,49,2025-09-01,203462,965.0,2.584,6.925,1.245,76.835,85.576
7532,49,2025-09-08,204955,359.0,2.427,0.095,2.409,76.067,81.325
7533,49,2025-09-15,206452,601.0,3.301,3.758,2.679,82.565,75.092
7534,49,2025-09-22,207986,392.0,4.935,4.547,1.533,79.888,69.736
7535,49,2025-09-29,209183,1199.0,2.656,4.13,2.52,77.222,87.741
7536,49,2025-10-06,210584,487.0,2.935,7.951,2.947,78.124,72.382
7537,49,2025-10-13,211722,644.0,2.147,4.889,2.446,78.303,73.4
7538,49,2025-10-20,212937,403.0,2.732,7.43,1.247,76.505,83.707
7539,49,2025-10-27,214232,639.0,5.533,7.71,2.824,75.289,81.288
7540,49,2025-11-03,215567,767.0,2.293,1.907,6.058,77.464,88.295
7541,49,2025-11-10,217255,535.0,3.693,13.815,1.608,85.469,68.719
7542,49,2025-11-17,218515,620.0,2.456,12.299,5.22,77.556,78.29
7543,49,2025-11-24,219266,388.0,3.084,10.994,2.392,75.95,83.822
7544,49,2025-12-01,221160,604.0,3.616,6.717,1.314,76.261,74.047
7545,49,2025-12-08,222098,933.0,2.208,5.661,3.081,79.794,68.06
7546,49,2025-12-15,223106,741.0,3.878,5.18,1.302,75.597,78.187
7547,49,2025-12-22,224312,801.0,3.299,4.982,2.298,75.55,68.789
7548,50,2023-01-02,118448,568.0,2.02,3.519,2.369,84.324,82.465
7549,50,2023-01-09,119139,626.0,3.451,8.195,1.909,76.655,71.775
7550,50,2023-01-16,119738,856.0,2.959,10.47,1.532,85.319,82.352
7551,50,2023-01-23,121218,1408.0,3.01,6.589,3.403,74.958,71.173
7552,50,2023-01-30,122539,601.0,3.778,18.497,1.804,78.029,87.514
7553,50,2023-02-06,123699,787.0,2.497,6.363,2.727,77.814,75.548
7554,50,2023-02-13,124832,1061.0,4.237,8.817,4.571,85.069,69.151
7555,50,2023-02-20,126991,1091.0,4.734,10.994,2.056,77.021,73.732
7556,50,2023-02-27,128155,946.0,3.454,6.575,3.113,75.72,80.69
7557,50,2023-03-06,130362,326.0,3.437,5.991,3.01,74.45,82.004
7558,50,2023-03-13,131868,732.0,2.983,5.871,3.224,76.925,79.852
7559,50,2023-03-20,133400,678.0,5.806,9.499,1.421,78.172,85.051
7560,50,2023-03-27,134430,721.0,3.461,15.288,2.748,74.098,83.697
7561,50,2023-04-03,135985,1028.0,2.471,6.598,1.79,81.118,86.744
7562,50,2023-04-10,137013,1023.0,3.527,7.69,1.681,82.139,85.686
7563,50,2023-04-17,138702,652.0,4.17,5.883,2.945,77.802,93.402
7564,50,2023-04-24,139956,1257.0,4.782,6.491,1.446,76.839,73.733
7565,50,2023-05-01,140627,684.0,2.616,5.32,1.852,75.631,80.015
7566,50,2023-05-08,140909,501.0,2.995,4.478,1.637,76.785,63.971
7567,50,2023-05-15,142378,796.0,4.138,6.82,1.86,84.112,69.862
7568,50,2023-05-22,143068,811.0,2.592,5.56,2.633,78.869,73.072
7569,50,2023-05-29,144185,1093.0,4.308,7.909,2.18,77.115,87.709
7570,50,2023-06-05,144591,617.0,3.264,5.604,3.459,74.264,75.953
7571,50,2023-06-12,146115,498.0,2.441,2.306,3.164,76.27,80.501
7572,50,2023-06-19,148014,543.0,2.634,5.924,1.862,75.55,72.713
7573,50,2023-06-26,149423,805.0,1.99,6.394,2.442,76.397,79.062
7574,50,2023-07-03,150766,567.0,2.602,6.138,1.222,77.551,74.849
7575,50,2023-07-10,151384,472.0,4.546,4.802,2.573,73.403,68.75
7576,50,2023-07-17,152272,453.0,3.648,3.746,2.925,75.458,80.311
7577,50,2023-07-24,153848,1168.0,1.891,3.894,1.842,78.158,87.19
7578,50,2023-07-31,155736,694.0,2.64,9.996,3.043,74.844,77.581
7579,50,2023-08-07,157322,926.0,2.759,6.269,1.89,75.261,77.375
7580,50,2023-08-14,158495,865.0,2.919,2.947,1.748,77.454,77.261
7581,50,2023-08-21,160008,563.0,2.523,5.806,1.826,81.54,72.762
7582,50,2023-08-28,161193,498.0,2.441,2.306,3.164,76.27,80.501
7583,50,2023-09-04,161955,717.0,3.532,4.342,2.819,78.171,77.653
7584,50,2023-09-11,163551,943.0,2.123,7.258,2.104,81.516,85.591
7585,50,2023-09-18,164941,374.0,3.599,8.419,0.815,77.692,75.57
7586,50,2023-09-25,166590,1103.0,2.976,8.539,3.014,75.185,77.826
7587,50,2023-10-02,168283,671.0,2.047,6.062,1.777,76.595,79.104
7588,50,2023-10-09,169092,689.0,2.801,6.405,1.619,77.321,72.371
7589,50,2023-10-16,170669,555.0,4.248,0.626,3.108,82.894,83.623
7590,50,2023-10-23,172093,534.0,2.51,4.653,2.656,77.35,84.13
7591,50,2023-10-30,172923,942.0,5.286,12.535,1.152,75.494,72.757
7592,50,2023-11-06,174124,1012.0,2.21,5.435,1.17,77.872,73.733
7593,50,2023-11-13,175161,764.0,3.609,4.687,2.67,77.661,79.532
7594,50,2023-11-20,176661,1398.0,4.827,3.943,2.194,75.384,91.112
7595,50,2023-11-27,177502,913.0,2.318,9.375,2.915,83.299,77.387
7596,50,2023-12-04,178420,853.0,5.115,4.513,2.069,74.582,71.013
7597,50,2023-12-11,179901,817.0,2.604,9.145,1.265,77.01,72.567
7598,50,2023-12-18,180540,653.0,3.172,5.959,1.497,76.017,80.281
7599,50,2023-12-25,181849,553.0,4.37,8.062,2.341,76.509,80.109
7600,50,2024-01-01,183487,651.0,4.137,8.303,6.509,74.126,67.827
7601,50,2024-01-15,186501,462.0,2.86,7.187,3.897,74.961,85.235
7602,50,2024-01-22,188349,1176.0,2.671,8.942,1.771,77.548,87.395
7603,50,2024-01-29,189843,604.0,4.725,2.093,2.506,77.944,83.552
7604,50,2024-02-05,191211,508.0,4.752,7.068,2.46,76.242,92.496
7605,50,2024-02-12,192900,1043.0,3.757,7.003,1.565,76.339,75.9
7606,50,2024-02-19,194377,995.0,3.984,17.179,1.689,76.091,82.824
7607,50,2024-02-26,195784,484.0,2.005,5.089,2.979,80.809,80.217
7608,50,2024-03-04,196631,414.0,2.946,5.165,1.157,76.244,80.72
7609,50,2024-03-11,197614,647.0,2.757,8.128,1.972,76.294,66.194
7610,50,2024-03-18,198273,1234.0,2.982,12.639,2.102,77.377,74.82
7611,50,2024-04-01,201062,949.0,3.433,5.299,2.033,77.545,79.669
7612,50,2024-04-08,202117,1322.0,4.583,9.728,2.807,75.341,76.575
7613,50,2024-04-15,203527,745.0,2.99,6.767,1.609,75.487,75.899
7614,50,2024-04-22,205295,681.0,0.5,10.739,2.16,78.57,83.666
7615,50,2024-04-29,206349,849.0,5.39,9.013,2.72,76.556,81.815
7616,50,2024-05-06,207461,1438.0,3.128,3.346,2.328,84.176,75.921
7617,50,2024-05-13,209313,1912.0,3.722,7.6,1.476,74.749,71.415
7618,50,2024-05-20,210009,930.0,4.039,7.942,2.716,81.659,68.639
7619,50,2024-05-27,210203,497.0,2.386,7.981,1.205,75.994,77.855
7620,50,2024-06-03,211174,920.0,3.477,7.474,2.158,75.823,80.466
7621,50,2024-06-10,212245,576.0,4.059,8.382,5.305,76.519,91.641
7622,50,2024-06-17,212682,892.0,4.767,7.425,1.162,80.327,87.035
7623,50,2024-06-24,213523,1313.0,2.406,6.146,2.8,77.784,72.199
7624,50,2024-07-01,215663,640.0,2.47,6.228,1.05,77.725,87.288
7625,50,2024-07-08,217249,1155.0,3.956,7.073,1.42,76.028,78.456
7626,50,2024-07-15,218693,988.0,3.47,9.52,1.569,76.468,77.412
7627,50,2024-07-22,219954,469.0,2.19,5.416,1.466,77.097,83.147
7628,50,2024-07-29,220540,793.0,2.032,8.443,3.078,76.539,75.678
7629,50,2024-08-05,221172,781.0,2.344,4.927,3.105,82.514,91.338
7630,50,2024-08-12,222961,600.0,3.107,2.245,1.76,75.222,75.525
7631,50,2024-08-19,224104,677.0,3.676,4.735,2.334,83.901,67.34
7632,50,2024-08-26,225077,1576.0,4.529,7.364,1.031,76.376,83.314
7633,50,2024-09-02,226176,604.0,3.606,6.853,1.798,75.879,84.657
7634,50,2024-09-09,227047,534.0,2.63,1.079,3.662,85.278,83.868
7635,50,2024-09-16,228429,825.0,2.922,13.23,3.007,76.948,82.775
7636,50,2024-09-23,229103,688.0,2.872,4.568,2.589,86.545,83.797
7637,50,2024-09-30,230253,819.0,2.185,8.078,1.808,78.191,80.614
7638,50,2024-10-07,233065,386.0,2.385,7.572,1.95,74.904,89.869
7639,50,2024-10-14,234644,580.0,4.784,5.389,2.641,76.568,85.243
7640,50,2024-10-21,236393,799.0,2.945,4.509,3.181,74.823,75.996
7641,50,2024-10-28,237885,532.0,4.841,6.548,1.651,76.008,80.138
7642,50,2024-11-04,239523,460.0,5.369,9.435,2.407,78.8,85.316
7643,50,2024-11-11,240760,731.0,2.763,3.244,1.286,75.489,87.427
7644,50,2024-11-18,241800,708.0,4.925,6.304,1.291,77.313,87.454
7645,50,2024-11-25,242890,563.0,2.934,13.86,1.766,74.508,78.465
7646,50,2024-12-02,244571,673.0,1.921,5.572,1.837,75.128,73.056
7647,50,2024-12-09,246106,659.0,2.895,4.992,1.881,77.969,77.337
7648,50,2024-12-16,247615,1050.0,2.88,6.4,1.796,76.47,80.234
7649,50,2024-12-23,248488,978.0,3.499,5.81,1.663,75.257,72.147
7650,50,2024-12-30,249711,711.0,3.383,10.248,3.077,73.554,80.53
7651,50,2025-01-06,250829,714.0,2.976,17.091,2.005,79.999,73.384
7652,50,2025-01-13,253316,581.0,3.777,4.293,2.236,77.064,78.283
7653,50,2025-01-20,255311,485.0,4.425,19.138,3.035,82.959,78.619
7654,50,2025-01-27,256560,492.0,3.796,4.522,3.641,77.894,77.013
7655,50,2025-02-03,257839,469.0,3.284,7.384,2.733,77.017,75.233
7656,50,2025-02-10,258134,513.0,2.482,5.183,3.365,75.704,78.27
7657,50,2025-02-17,259179,708.0,3.22,8.372,2.931,77.429,75.512
7658,50,2025-02-24,259900,743.0,2.113,3.676,2.125,76.8,85.062
7659,50,2025-03-03,262156,835.0,0.553,6.322,2.232,81.707,88.623
7660,50,2025-03-10,262726,737.0,2.655,3.539,1.755,75.261,69.942
7661,50,2025-03-17,264742,455.0,2.396,5.743,3.02,75.619,84.869
7662,50,2025-03-24,265974,532.0,3.606,7.019,2.825,81.246,71.035
7663,50,2025-03-31,268198,595.0,3.028,7.767,2.538,76.672,71.991
7664,50,2025-04-07,269023,585.0,4.355,4.114,3.03,75.271,77.52
7665,50,2025-04-14,270471,960.0,2.469,2.986,2.475,77.231,84.07
7666,50,2025-04-21,271637,533.0,1.979,6.485,5.95,76.684,88.987
7667,50,2025-04-28,273056,1192.0,2.483,5.765,1.507,82.255,91.015
7668,50,2025-05-12,275749,1186.0,2.165,4.464,3.134,76.723,78.407
7669,50,2025-05-19,277093,530.0,2.799,6.761,4.322,79.806,84.192
7670,50,2025-05-26,278753,610.0,4.308,6.123,4.841,77.532,79.194
7671,50,2025-06-02,279751,1127.0,3.944,1.588,1.17,76.492,85.127
7672,50,2025-06-09,281074,473.0,1.782,5.037,6.216,76.452,80.951
7673,50,2025-06-16,282129,684.0,5.103,6.799,4.612,74.919,76.253
7674,50,2025-06-23,283771,669.0,3.809,6.621,3.17,77.113,82.179
7675,50,2025-06-30,284592,584.0,2.542,10.368,2.226,76.872,86.233
7676,50,2025-07-07,286169,1299.0,3.337,7.495,2.787,75.941,74.31
7677,50,2025-07-14,287660,613.0,1.892,7.012,1.888,75.156,84.516
7678,50,2025-07-21,289672,954.0,2.008,6.444,1.849,75.664,69.62
7679,50,2025-07-28,290891,772.0,3.914,6.709,1.642,78.188,81.886
7680,50,2025-08-04,291891,446.0,3.585,4.257,1.148,78.341,88.816
7681,50,2025-08-11,293259,1159.0,2.255,10.772,1.837,76.114,73.547
7682,50,2025-08-18,294558,1118.0,1.694,2.926,3.048,73.715,81.719
7683,50,2025-08-25,295397,785.0,4.632,5.94,2.787,76.66,82.316
7684,50,2025-09-01,296380,1195.0,3.849,7.087,2.206,76.17,71.233
7685,50,2025-09-08,297790,838.0,1.968,5.958,1.662,78.539,75.889
7686,50,2025-09-15,298979,533.0,6.169,3.18,1.366,78.031,79.366
7687,50,2025-09-22,299928,489.0,2.135,5.674,3.371,76.292,74.696
7688,50,2025-09-29,301198,624.0,4.371,7.723,3.546,78.047,68.587
7689,50,2025-10-06,302674,671.0,3.891,5.835,2.966,76.963,79.224
7690,50,2025-10-13,303989,445.0,2.687,5.761,1.6,78.337,79.023
7691,50,2025-10-20,305025,1389.0,3.246,9.811,1.572,76.531,78.12
7692,50,2025-10-27,305718,1087.0,2.294,6.141,1.693,75.958,75.017
7693,50,2025-11-03,307386,801.0,4.662,3.658,2.924,77.133,88.076
7694,50,2025-11-10,308662,1009.0,4.959,17.882,1.77,77.321,84.952
7695,50,2025-11-17,309840,597.0,3.494,4.279,2.153,84.691,76.262
7696,50,2025-11-24,311031,696.0,3.101,5.784,2.478,76.243,70.66
7697,50,2025-12-01,312494,928.0,3.048,5.811,1.826,79.749,80.228
7698,50,2025-12-08,313419,386.0,2.249,11.073,1.763,75.55,86.445
7699,50,2025-12-15,314495,1676.0,1.812,4.197,1.756,76.349,84.024
7700,50,2025-12-22,316663,1141.0,2.596,8.335,0.892,73.094,85.582
7701,50,2025-12-29,317756,815.0,2.916,7.103,1.099,77.07,78.187
7702,51,2023-01-02,46043,689.0,3.561,15.772,1.406,75.624,86.448
7703,51,2023-01-09,47889,666.0,2.261,4.796,1.536,77.69,69.79
7704,51,2023-01-16,49191,360.0,2.782,8.144,1.886,80.987,86.42
7705,51,2023-01-23,50937,710.0,4.647,5.487,1.721,75.874,73.131
7706,51,2023-01-30,52915,1314.0,2.257,3.88,2.118,77.353,77.564
7707,51,2023-02-06,53611,384.0,2.866,11.419,3.075,84.29,83.876
7708,51,2023-02-13,54390,1338.0,4.682,7.105,2.46,77.148,88.998
7709,51,2023-02-20,55994,1434.0,4.615,5.687,1.107,84.633,79.704
7710,51,2023-02-27,57551,1147.0,2.542,6.285,2.153,75.584,67.349
7711,51,2023-03-06,58848,1741.0,2.862,8.825,2.255,82.723,77.992
7712,51,2023-03-13,60115,674.0,4.397,7.89,2.983,75.558,82.984
7713,51,2023-03-20,62292,591.0,3.913,4.838,1.857,77.873,81.664
7714,51,2023-03-27,63474,438.0,2.874,6.378,2.203,83.569,67.527
7715,51,2023-04-03,65077,553.0,2.999,11.204,1.699,75.394,75.806
7716,51,2023-04-10,65760,437.0,2.55,9.38,1.775,75.105,76.001
7717,51,2023-04-17,67089,913.0,3.895,6.857,1.943,78.175,71.863
7718,51,2023-04-24,67850,605.0,2.903,12.132,0.929,77.445,74.07
7719,51,2023-05-01,69292,939.0,2.521,6.981,3.02,75.173,76.407
7720,51,2023-05-08,70210,437.0,2.299,7.103,3.093,79.246,81.643
7721,51,2023-05-15,71707,999.0,2.4,5.559,3.137,77.09,69.589
7722,51,2023-05-22,72132,875.0,2.512,4.833,2.79,81.749,88.551
7723,51,2023-05-29,73538,897.0,2.245,5.964,2.571,75.29,79.888
7724,51,2023-06-05,74827,780.0,2.376,6.462,2.463,75.737,83.29
7725,51,2023-06-12,76588,973.0,4.999,7.917,2.09,83.887,72.469
7726,51,2023-06-19,78181,497.0,2.692,4.844,3.032,77.344,84.465
7727,51,2023-06-26,79058,1041.0,4.124,4.611,2.52,77.307,81.564
7728,51,2023-07-03,80281,877.0,3.631,7.089,2.558,77.524,77.084
7729,51,2023-07-10,81672,777.0,3.703,6.427,2.307,76.457,80.637
7730,51,2023-07-17,83280,800.0,2.561,8.359,6.006,75.97,73.019
7731,51,2023-07-24,85386,796.0,2.598,12.917,2.124,74.767,87.42
7732,51,2023-07-31,85752,517.0,4.412,6.759,1.464,75.918,77.408
7733,51,2023-08-07,86998,1608.0,3.928,8.559,1.392,76.261,72.546
7734,51,2023-08-14,88467,435.0,2.772,8.088,2.872,77.005,85.617
7735,51,2023-08-21,89904,723.0,2.685,11.671,3.121,75.698,78.828
7736,51,2023-08-28,91235,493.0,4.987,5.489,4.296,77.87,79.193
7737,51,2023-09-04,91971,764.0,2.472,9.3,1.926,83.042,66.292
7738,51,2023-09-11,93822,1010.0,4.291,5.149,1.512,74.875,88.073
7739,51,2023-09-18,95615,940.0,4.255,5.615,3.207,85.642,74.184
7740,51,2023-10-02,97882,860.0,3.99,4.2,1.889,74.566,78.816
7741,51,2023-10-09,98258,1042.0,3.278,4.305,2.63,83.191,67.055
7742,51,2023-10-16,99923,982.0,4.252,6.215,2.712,76.193,80.86
7743,51,2023-10-23,101218,631.0,3.814,5.91,1.584,76.972,74.891
7744,51,2023-10-30,103307,1264.0,3.661,8.158,2.236,75.148,73.323
7745,51,2023-11-06,104733,1550.0,4.808,4.444,2.85,77.437,87.096
7746,51,2023-11-13,106363,792.0,2.462,4.998,1.068,82.492,91.813
7747,51,2023-11-20,108353,577.0,3.073,6.19,4.313,75.991,83.879
7748,51,2023-11-27,109362,1356.0,2.766,6.198,1.46,77.007,71.447
7749,51,2023-12-04,110685,543.0,5.47,4.594,1.145,77.876,69.609
7750,51,2023-12-11,111700,844.0,2.582,3.65,1.663,80.47,86.745
7751,51,2023-12-18,113344,850.0,3.662,4.451,5.15,76.646,91.807
7752,51,2023-12-25,114835,446.0,2.546,4.428,2.585,74.398,70.718
7753,51,2024-01-01,115751,690.0,5.754,7.53,1.618,76.144,78.863
7754,51,2024-01-08,117105,607.0,2.141,3.909,4.654,78.163,82.885
7755,51,2024-01-15,118075,1097.0,3.99,0.568,2.632,76.422,84.828
7756,51,2024-01-22,119102,519.0,4.047,5.248,2.268,76.677,72.717
7757,51,2024-01-29,120321,699.0,2.342,7.978,1.64,82.039,91.483
7758,51,2024-02-05,121834,936.0,4.305,4.956,3.001,75.205,93.891
7759,51,2024-02-12,123313,581.0,3.834,4.288,1.302,75.541,79.36
7760,51,2024-02-19,124685,1387.0,2.275,4.467,0.932,79.276,73.473
7761,51,2024-02-26,126700,771.0,2.114,4.696,4.454,77.139,79.817
7762,51,2024-03-04,128770,794.0,2.341,12.426,2.794,74.196,78.723
7763,51,2024-03-11,129766,1034.0,3.443,18.1,3.069,75.08,73.29
7764,51,2024-03-18,130692,604.0,4.617,13.274,3.58,76.477,74.236
7765,51,2024-03-25,131385,583.0,2.408,4.766,1.283,74.712,74.7
7766,51,2024-04-01,132043,708.0,4.355,4.872,3.02,74.574,80.8
7767,51,2024-04-08,133712,845.0,2.016,5.395,1.893,74.442,73.012
7768,51,2024-04-15,135774,613.0,2.481,3.187,1.388,76.46,79.916
7769,51,2024-04-22,136809,794.0,3.795,5.867,2.185,85.245,78.96
7770,51,2024-04-29,137650,945.0,2.974,13.663,3.078,76.94,68.563
7771,51,2024-05-06,139203,1004.0,2.548,6.519,2.575,77.389,84.386
7772,51,2024-05-13,140466,857.0,3.831,5.561,1.785,75.858,87.513
7773,51,2024-05-20,141508,622.0,3.568,4.018,1.182,77.259,79.307
7774,51,2024-05-27,141894,1162.0,4.001,3.254,2.714,77.85,83.828
7775,51,2024-06-03,142931,575.0,4.357,9.775,2.904,77.219,71.353
7776,51,2024-06-10,144995,1048.0,4.47,6.646,2.4,77.966,85.99
7777,51,2024-06-17,146631,544.0,2.226,6.58,4.557,82.915,77.469
7778,51,2024-06-24,148056,1054.0,2.287,9.004,3.413,74.324,83.039
7779,51,2024-07-01,149199,436.0,2.203,3.292,1.168,76.979,68.888
7780,51,2024-07-08,150367,549.0,3.409,14.681,1.536,77.604,71.287
7781,51,2024-07-15,151625,560.0,2.043,5.013,1.666,74.384,86.692
7782,51,2024-07-22,153126,678.0,3.796,4.535,3.184,74.197,84.282
7783,51,2024-07-29,153749,610.0,2.268,6.99,0.928,75.493,73.676
7784,51,2024-08-05,154813,982.0,4.271,6.655,3.09,77.014,74.175
7785,51,2024-08-12,156262,1064.0,3.426,5.534,2.182,75.939,90.976
7786,51,2024-08-19,156465,753.0,4.918,6.783,1.815,76.212,74.311
7787,51,2024-08-26,157332,507.0,2.725,6.458,4.572,87.448,75.516
7788,51,2024-09-02,159046,1523.0,4.771,7.388,1.499,78.514,81.426
7789,51,2024-09-09,160373,832.0,4.846,5.581,0.691,76.012,79.207
7790,51,2024-09-16,161804,654.0,4.431,5.998,3.009,77.145,67.146
7791,51,2024-09-23,163317,753.0,3.579,7.607,1.775,74.554,77.097
7792,51,2024-09-30,163919,742.0,4.51,1.646,3.201,76.601,69.985
7793,51,2024-10-07,164993,714.0,5.348,7.336,5.377,75.233,79.1
7794,51,2024-10-14,166848,1246.0,2.555,3.703,4.298,78.343,73.449
7795,51,2024-10-21,167802,668.0,2.805,7.188,1.187,74.143,80.31
7796,51,2024-10-28,168279,1032.0,2.187,0.802,1.484,84.387,84.188
7797,51,2024-11-04,170230,1043.0,2.905,5.627,2.392,80.627,83.906
7798,51,2024-11-11,171806,856.0,3.702,8.08,3.813,75.731,78.594
7799,51,2024-11-18,172534,596.0,2.54,8.021,1.375,74.316,78.813
7800,51,2024-11-25,174485,606.0,2.667,4.33,2.729,77.458,77.388
7801,51,2024-12-02,175798,638.0,2.09,5.202,2.704,76.576,72.113
7802,51,2024-12-09,177240,812.0,2.14,8.068,3.289,82.417,80.831
7803,51,2024-12-16,178624,865.0,2.676,5.28,2.284,77.323,76.595
7804,51,2024-12-23,179701,715.0,3.344,7.75,1.344,76.594,69.507
7805,51,2024-12-30,180981,577.0,5.204,3.293,2.477,76.001,85.954
7806,51,2025-01-06,182025,566.0,5.288,8.779,3.151,74.802,75.469
7807,51,2025-01-13,183525,976.0,5.517,6.496,5.192,75.461,68.695
7808,51,2025-01-20,184473,697.0,2.562,5.565,2.553,76.969,81.044
7809,51,2025-01-27,185773,743.0,3.391,12.809,2.986,77.041,85.043
7810,51,2025-02-03,186963,1009.0,2.845,8.136,1.555,77.025,66.991
7811,51,2025-02-10,188716,566.0,2.435,6.197,5.49,83.092,72.708
7812,51,2025-02-17,189963,707.0,3.112,7.506,1.254,83.352,74.997
7813,51,2025-02-24,191095,485.0,4.044,9.581,2.252,76.172,78.02
7814,51,2025-03-03,192148,877.0,2.986,6.472,2.955,77.82,73.065
7815,51,2025-03-10,193050,477.0,2.094,6.336,1.128,74.15,80.315
7816,51,2025-03-17,194227,908.0,3.471,5.526,0.722,76.62,77.353
7817,51,2025-03-24,195330,932.0,2.731,1.904,2.034,76.446,71.423
7818,51,2025-03-31,196630,760.0,3.755,7.935,1.67,78.114,71.523
7819,51,2025-04-07,197582,760.0,4.783,4.615,1.99,75.069,77.329
7820,51,2025-04-14,199484,1257.0,3.033,4.487,1.054,77.334,79.374
7821,51,2025-04-21,200467,1092.0,2.63,6.135,4.246,76.654,75.563
7822,51,2025-04-28,202069,674.0,2.665,7.238,1.565,74.156,74.349
7823,51,2025-05-05,203658,488.0,5.229,2.769,2.874,78.313,87.952
7824,51,2025-05-12,205840,828.0,2.26,6.128,3.073,81.642,83.233
7825,51,2025-05-19,207080,663.0,2.829,5.547,2.113,75.768,78.19
7826,51,2025-05-26,208782,813.0,2.322,6.779,0.475,79.984,78.082
7827,51,2025-06-02,209541,730.0,1.764,5.685,5.167,82.569,84.163
7828,51,2025-06-09,210938,651.0,2.219,4.347,1.455,75.743,80.789
7829,51,2025-06-16,212133,851.0,5.945,7.395,2.202,84.181,79.455
7830,51,2025-06-23,213497,791.0,5.589,5.26,2.682,76.841,76.232
7831,51,2025-06-30,215208,477.0,2.964,2.488,2.586,76.476,75.241
7832,51,2025-07-07,215550,922.0,2.188,5.23,1.587,89.014,82.69
7833,51,2025-07-14,216874,811.0,3.989,8.121,2.627,87.474,86.159
7834,51,2025-07-21,218257,722.0,4.516,7.795,1.501,82.334,84.968
7835,51,2025-07-28,219476,665.0,3.964,7.048,1.599,76.763,69.416
7836,51,2025-08-04,220209,735.0,2.523,1.792,1.153,75.838,73.923
7837,51,2025-08-11,221675,742.0,3.183,8.388,3.374,73.704,91.622
7838,51,2025-08-18,223062,595.0,6.615,13.59,1.2,76.958,73.923
7839,51,2025-08-25,224373,739.0,3.812,2.764,2.6,76.416,82.363
7840,51,2025-09-01,225762,506.0,3.052,12.321,1.772,75.511,71.596
7841,51,2025-09-08,227350,919.0,3.421,0.901,2.032,77.105,73.788
7842,51,2025-09-15,228978,680.0,2.344,6.192,1.545,75.563,70.726
7843,51,2025-09-22,229686,820.0,4.115,4.773,1.092,76.285,73.567
7844,51,2025-09-29,230555,1073.0,2.157,3.499,2.599,74.39,78.039
7845,51,2025-10-06,231753,453.0,1.793,6.125,2.955,76.928,79.704
7846,51,2025-10-13,232873,753.0,2.818,4.117,1.458,75.399,76.439
7847,51,2025-10-20,234022,961.0,1.907,14.432,1.552,76.475,71.137
7848,51,2025-10-27,235329,671.0,3.666,7.775,1.234,84.538,80.753
7849,51,2025-11-03,236546,471.0,4.731,7.751,2.182,77.408,74.419
7850,51,2025-11-10,238563,1361.0,2.012,5.063,2.548,76.694,72.798
7851,51,2025-11-17,239779,688.0,3.855,4.799,2.254,75.825,70.774
7852,51,2025-11-24,240874,639.0,2.402,9.904,5.528,76.555,87.696
7853,51,2025-12-01,242302,904.0,3.802,8.277,1.974,88.139,89.301
7854,51,2025-12-08,243531,657.0,2.132,3.765,1.911,79.502,68.772
7855,51,2025-12-15,245588,767.0,5.072,5.264,2.389,77.06,70.072
7856,51,2025-12-22,246729,821.0,3.572,9.759,1.529,76.736,80.608
7857,52,2023-01-02,103822,963.0,3.689,12.031,3.357,77.767,76.72
7858,52,2023-01-09,105812,1310.0,3.73,6.842,2.953,78.485,71.804
7859,52,2023-01-16,107436,659.0,3.376,2.479,1.425,78.197,86.558
7860,52,2023-01-23,108909,688.0,2.665,6.117,2.413,75.088,68.751
7861,52,2023-01-30,109309,2011.0,4.318,4.836,2.483,75.413,71.094
7862,52,2023-02-06,111282,1205.0,4.693,4.86,3.088,76.789,85.367
7863,52,2023-02-13,112166,658.0,4.01,4.728,1.719,78.126,84.169
7864,52,2023-02-20,113179,840.0,2.827,10.715,5.301,80.642,94.934
7865,52,2023-02-27,114573,750.0,3.054,5.685,4.67,74.363,87.438
7866,52,2023-03-06,116285,937.0,1.985,5.483,2.184,76.093,75.367
7867,52,2023-03-13,117997,751.0,3.524,6.491,2.313,77.558,83.158
7868,52,2023-03-20,118923,756.0,2.024,6.671,4.881,74.805,89.715
7869,52,2023-03-27,120701,506.0,4.028,7.681,5.187,79.465,68.092
7870,52,2023-04-03,121875,1163.0,4.471,11.231,2.726,74.796,71.955
7871,52,2023-04-10,123526,749.0,3.232,3.833,3.502,75.251,76.534
7872,52,2023-04-17,124306,611.0,3.164,6.526,2.358,77.888,79.098
7873,52,2023-04-24,125290,576.0,5.255,6.575,4.963,78.092,82.051
7874,52,2023-05-01,126867,961.0,2.2,3.054,1.414,76.512,80.22
7875,52,2023-05-08,128761,935.0,3.082,5.637,1.54,80.64,75.446
7876,52,2023-05-15,129636,691.0,2.477,5.556,2.572,75.555,75.146
7877,52,2023-05-22,130995,1147.0,2.542,6.285,2.153,75.584,67.349
7878,52,2023-05-29,131693,659.0,2.259,12.424,0.951,77.025,72.874
7879,52,2023-06-05,132880,635.0,3.739,4.728,0.972,84.182,78.011
7880,52,2023-06-12,134297,524.0,1.441,6.818,1.786,77.268,73.979
7881,52,2023-06-19,135483,946.0,2.835,7.296,3.178,73.982,80.753
7882,52,2023-06-26,136203,1023.0,2.918,9.005,3.217,75.439,93.871
7883,52,2023-07-03,137427,1352.0,2.984,11.686,1.848,75.056,73.144
7884,52,2023-07-10,138316,609.0,2.511,1.386,2.82,76.986,92.319
7885,52,2023-07-17,139694,504.0,3.12,13.905,3.941,76.526,91.66
7886,52,2023-07-24,141644,656.0,2.972,5.522,4.98,75.871,86.464
7887,52,2023-07-31,142945,607.0,2.739,4.712,2.048,77.643,64.876
7888,52,2023-08-07,143822,787.0,4.382,11.346,1.687,74.264,78.55
7889,52,2023-08-14,145134,902.0,3.983,8.01,3.11,76.806,69.95
7890,52,2023-08-21,145671,476.0,2.954,7.235,1.891,80.019,87.093
7891,52,2023-08-28,147977,741.0,4.476,14.293,2.627,75.973,81.915
7892,52,2023-09-04,148834,1047.0,2.527,4.303,5.141,77.999,77.287
7893,52,2023-09-11,149352,1108.0,2.998,7.539,0.948,77.522,72.538
7894,52,2023-09-18,151050,673.0,2.07,6.279,1.379,75.195,77.034
7895,52,2023-09-25,152538,555.0,1.929,5.729,2.311,76.584,80.242
7896,52,2023-10-02,154541,589.0,3.93,11.08,1.872,75.875,84.356
7897,52,2023-10-09,155738,886.0,3.77,7.348,1.895,76.363,71.072
7898,52,2023-10-23,158470,573.0,3.815,7.087,4.953,80.098,87.246
7899,52,2023-10-30,159927,572.0,4.59,7.727,0.851,78.263,68.04
7900,52,2023-11-06,161169,676.0,2.535,7.869,4.208,76.695,79.031
7901,52,2023-11-13,162297,551.0,4.966,5.327,1.445,74.889,82.338
7902,52,2023-11-20,163958,737.0,2.938,5.676,2.484,75.769,79.187
7903,52,2023-11-27,165511,966.0,3.058,12.695,2.902,77.898,89.194
7904,52,2023-12-11,168561,434.0,4.503,3.792,2.022,76.411,83.75
7905,52,2023-12-18,169965,353.0,2.926,5.346,1.863,77.868,73.464
7906,52,2023-12-25,170899,589.0,2.524,4.683,1.766,76.395,68.771
7907,52,2024-01-01,171972,398.0,3.955,7.846,2.296,75.619,76.47
7908,52,2024-01-08,174417,870.0,2.995,8.226,2.033,76.553,81.74
7909,52,2024-01-15,176032,708.0,2.798,5.554,1.346,74.722,79.239
7910,52,2024-01-22,177238,780.0,2.805,14.771,1.934,74.684,79.049
7911,52,2024-01-29,178632,684.0,4.905,4.538,1.852,72.319,87.283
7912,52,2024-02-05,179564,562.0,4.202,4.101,2.561,75.896,84.932
7913,52,2024-02-12,180842,487.0,3.253,9.444,1.56,76.971,85.631
7914,52,2024-02-19,181915,550.0,4.798,4.378,1.566,76.763,81.33
7915,52,2024-02-26,182578,1553.0,3.405,5.522,3.652,77.015,71.563
7916,52,2024-03-04,185035,655.0,5.24,6.576,1.152,75.242,84.277
7917,52,2024-03-11,185487,889.0,3.042,5.422,2.113,76.497,91.218
7918,52,2024-03-18,186622,890.0,3.661,6.002,4.349,84.577,75.515
7919,52,2024-03-25,188039,1586.0,5.044,8.795,2.523,77.277,70.35
7920,52,2024-04-01,188712,1274.0,2.69,7.211,1.91,74.098,81.936
7921,52,2024-04-08,189884,831.0,4.037,5.369,1.864,77.734,91.587
7922,52,2024-04-15,190842,789.0,2.126,3.848,1.518,77.698,81.52
7923,52,2024-04-22,192194,720.0,3.528,11.602,1.717,74.05,80.962
7924,52,2024-04-29,193520,799.0,3.984,2.84,1.557,85.45,80.778
7925,52,2024-05-06,193856,657.0,1.863,6.594,1.216,75.463,92.583
7926,52,2024-05-13,195382,812.0,2.138,7.758,3.386,76.52,70.697
7927,52,2024-05-20,196343,635.0,3.244,3.909,1.934,75.77,77.701
7928,52,2024-05-27,197442,978.0,3.164,7.138,2.047,77.186,77.788
7929,52,2024-06-03,199138,419.0,2.546,9.346,2.911,77.778,80.441
7930,52,2024-06-10,200549,803.0,2.668,6.909,2.982,76.9,78.823
7931,52,2024-06-17,201302,855.0,3.442,12.217,2.584,76.241,73.806
7932,52,2024-06-24,203001,1586.0,5.044,8.795,2.523,77.277,70.35
7933,52,2024-07-01,204142,583.0,2.51,3.446,4.137,77.805,82.966
7934,52,2024-07-08,205083,622.0,5.228,8.424,3.485,75.675,87.76
7935,52,2024-07-15,206057,520.0,3.595,12.199,1.857,77.9,77.906
7936,52,2024-07-22,207381,771.0,3.406,5.95,1.143,77.016,69.428
7937,52,2024-07-29,209086,718.0,3.737,5.773,2.678,75.174,65.797
7938,52,2024-08-05,210513,652.0,3.704,4.817,1.226,75.945,89.527
7939,52,2024-08-12,211586,512.0,1.957,10.815,2.044,76.052,68.115
7940,52,2024-08-19,213059,678.0,4.424,6.276,2.144,75.75,73.353
7941,52,2024-08-26,214070,472.0,4.219,5.948,2.284,78.483,76.612
7942,52,2024-09-02,216089,590.0,4.213,5.782,1.389,74.56,78.416
7943,52,2024-09-09,217192,997.0,1.98,5.018,2.484,78.308,70.843
7944,52,2024-09-16,217563,838.0,3.365,7.845,3.179,81.428,82.479
7945,52,2024-09-23,218697,580.0,2.513,4.134,4.002,74.998,73.508
7946,52,2024-09-30,219958,549.0,2.44,9.908,2.689,76.665,78.875
7947,52,2024-10-07,221021,973.0,2.704,5.751,2.638,77.012,77.14
7948,52,2024-10-14,222806,528.0,3.859,6.018,5.194,82.561,79.933
7949,52,2024-10-21,223535,530.0,2.838,12.537,2.696,75.678,83.139
7950,52,2024-10-28,224751,1052.0,3.336,6.074,1.432,77.53,73.36
7951,52,2024-11-04,225397,822.0,1.039,6.969,0.491,74.489,70.46
7952,52,2024-11-11,227291,946.0,2.927,5.444,1.382,74.896,69.753
7953,52,2024-11-18,228392,1258.0,2.63,7.346,2.658,76.083,83.105
7954,52,2024-11-25,230218,1013.0,2.232,4.298,2.86,75.662,83.658
7955,52,2024-12-02,231885,1333.0,2.59,7.944,1.894,76.545,66.551
7956,52,2024-12-09,233541,554.0,5.023,7.1,2.671,84.207,84.382
7957,52,2024-12-16,234832,860.0,2.973,8.083,2.028,81.332,69.198
7958,52,2024-12-23,235799,723.0,2.543,7.628,2.655,80.863,81.563
7959,52,2024-12-30,236653,711.0,5.23,3.943,2.776,81.335,86.209
7960,52,2025-01-06,238359,927.0,3.105,8.395,1.366,75.323,65.636
7961,52,2025-01-13,238985,710.0,0.879,16.283,1.939,80.716,86.265
7962,52,2025-01-20,239904,727.0,3.03,8.259,1.89,80.659,67.429
7963,52,2025-01-27,241852,687.0,3.733,2.563,3.479,84.447,80.873
7964,52,2025-02-03,243610,863.0,2.155,8.286,1.981,76.669,85.689
7965,52,2025-02-10,244540,1209.0,4.128,4.562,2.426,77.54,79.007
7966,52,2025-02-17,246278,1336.0,2.719,8.628,1.76,75.015,89.651
7967,52,2025-02-24,247798,871.0,3.598,7.96,2.605,76.287,69.483
7968,52,2025-03-03,248700,540.0,1.742,6.912,1.248,71.59,75.661
7969,52,2025-03-10,250252,399.0,5.49,8.31,2.339,73.664,71.063
7970,52,2025-03-17,251353,581.0,4.354,3.531,1.244,77.248,74.33
7971,52,2025-03-24,252215,1312.0,5.874,6.753,1.195,76.943,74.967
7972,52,2025-03-31,253443,856.0,3.939,6.651,1.475,81.972,82.335
7973,52,2025-04-07,254486,803.0,2.079,9.489,4.171,85.47,77.341
7974,52,2025-04-14,255530,639.0,2.854,4.879,2.445,77.924,81.104
7975,52,2025-04-21,256803,1288.0,2.223,4.787,2.834,78.004,72.267
7976,52,2025-04-28,258412,1050.0,2.582,8.289,3.953,84.843,80.465
7977,52,2025-05-05,259363,427.0,4.791,12.893,3.971,76.674,74.292
7978,52,2025-05-12,259890,635.0,3.409,5.543,2.186,76.608,80.282
7979,52,2025-05-19,261050,779.0,3.741,7.808,1.542,75.88,69.481
7980,52,2025-05-26,262086,691.0,4.376,4.628,1.498,78.596,80.285
7981,52,2025-06-02,263172,971.0,4.134,0.829,2.39,75.254,82.408
7982,52,2025-06-09,264842,493.0,3.962,6.331,1.552,74.842,83.684
7983,52,2025-06-16,266512,702.0,2.794,4.493,1.317,76.844,73.55
7984,52,2025-06-23,268116,734.0,3.344,5.173,1.868,77.349,74.121
7985,52,2025-06-30,269327,556.0,3.875,5.594,1.708,75.672,78.171
7986,52,2025-07-07,270902,663.0,2.829,5.547,2.113,75.768,78.19
7987,52,2025-07-14,272107,743.0,2.298,5.646,5.305,88.477,83.146
7988,52,2025-07-21,273360,584.0,3.463,7.141,1.995,74.842,66.073
7989,52,2025-07-28,273993,658.0,4.812,7.334,2.857,75.384,87.176
7990,52,2025-08-04,274341,580.0,3.971,7.506,2.66,77.716,74.989
7991,52,2025-08-11,276062,696.0,2.138,3.449,2.735,75.776,81.511
7992,52,2025-08-18,276968,524.0,3.878,5.628,1.831,77.373,82.46
7993,52,2025-08-25,278483,1094.0,0.555,6.287,5.838,75.171,75.732
7994,52,2025-09-01,279594,688.0,2.5,5.625,0.894,86.142,74.967
7995,52,2025-09-08,281316,895.0,3.149,4.658,2.619,73.148,83.694
7996,52,2025-09-15,282682,554.0,2.307,9.345,2.797,77.046,80.368
7997,52,2025-09-22,284721,403.0,3.343,5.95,1.268,76.199,81.979
7998,52,2025-09-29,285697,715.0,2.59,5.261,2.286,75.837,76.297
7999,52,2025-10-06,287355,631.0,3.003,4.961,2.771,76.274,78.911
8000,52,2025-10-13,288033,788.0,3.271,9.215,1.323,74.244,72.718
8001,52,2025-10-20,289005,1057.0,2.238,5.632,2.505,74.529,76.76
8002,52,2025-10-27,289652,742.0,2.856,10.396,1.7,77.967,77.635
8003,52,2025-11-03,290491,1575.0,4.953,7.272,2.036,77.12,84.716
8004,52,2025-11-10,291653,901.0,2.351,10.479,2.202,77.565,80.029
8005,52,2025-11-17,292258,528.0,0.839,8.027,2.312,84.062,77.713
8006,52,2025-11-24,293210,691.0,3.865,6.409,1.776,75.206,75.286
8007,52,2025-12-01,294380,728.0,2.556,6.163,1.988,74.317,75.153
8008,52,2025-12-08,295787,553.0,4.756,3.777,1.197,77.123,84.257
8009,52,2025-12-15,296608,1537.0,4.958,5.903,1.896,77.653,65.216
8010,52,2025-12-22,297295,1587.0,2.348,6.523,2.754,77.404,72.437
8011,52,2025-12-29,299110,532.0,2.468,5.625,1.493,77.38,83.939
8012,53,2023-01-02,66715,1386.0,4.278,4.245,5.808,86.686,86.437
8013,53,2023-01-09,68677,705.0,3.739,14.712,1.702,76.903,85.712
8014,53,2023-01-16,69729,699.0,2.18,3.904,2.787,75.239,77.207
8015,53,2023-01-23,70913,392.0,3.962,5.73,1.877,77.732,70.372
8016,53,2023-01-30,71933,946.0,2.79,8.932,1.723,77.254,73.089
8017,53,2023-02-06,72937,620.0,4.104,7.148,0.881,74.126,67.182
8018,53,2023-02-13,74378,535.0,2.63,6.68,1.826,83.212,71.18
8019,53,2023-02-20,75423,1226.0,3.296,4.337,2.876,76.062,78.333
8020,53,2023-02-27,77202,710.0,2.497,5.709,1.106,76.579,73.692
8021,53,2023-03-06,78202,574.0,5.224,3.432,1.142,74.758,80.646
8022,53,2023-03-13,79341,1386.0,2.363,8.017,2.302,76.408,75.557
8023,53,2023-03-20,80994,796.0,1.951,4.953,3.874,78.714,87.267
8024,53,2023-03-27,82509,759.0,2.873,6.887,1.777,76.664,89.854
8025,53,2023-04-03,83225,736.0,4.819,10.291,2.307,79.799,69.882
8026,53,2023-04-10,84482,563.0,2.934,13.86,1.766,74.508,78.465
8027,53,2023-04-17,86019,775.0,3.91,6.541,1.599,74.668,82.972
8028,53,2023-04-24,87295,1104.0,4.555,3.491,2.207,79.311,84.729
8029,53,2023-05-01,88422,545.0,4.612,10.954,0.92,75.209,70.865
8030,53,2023-05-08,89514,547.0,3.06,6.475,3.079,74.771,71.023
8031,53,2023-05-15,91533,1109.0,5.401,4.99,4.071,84.92,69.507
8032,53,2023-05-22,93501,733.0,2.224,6.166,2.981,81.687,89.06
8033,53,2023-05-29,94797,533.0,4.029,5.674,5.748,76.973,80.179
8034,53,2023-06-05,95774,595.0,2.823,10.221,1.884,77.408,70.587
8035,53,2023-06-12,96966,638.0,1.94,1.726,2.559,76.642,69.906
8036,53,2023-06-19,98807,517.0,4.582,6.269,3.536,74.862,83.237
8037,53,2023-06-26,100182,1322.0,4.363,5.2,2.543,77.283,80.159
8038,53,2023-07-03,101488,501.0,3.674,4.1,0.858,77.407,77.865
8039,53,2023-07-10,103142,1692.0,3.563,4.443,2.225,78.194,77.785
8040,53,2023-07-17,104221,907.0,2.223,5.443,1.544,88.133,81.57
8041,53,2023-07-24,106259,1050.0,3.441,5.184,1.977,74.593,86.838
8042,53,2023-07-31,107848,422.0,2.809,1.849,3.471,75.988,74.167
8043,53,2023-08-07,109268,364.0,2.054,12.441,4.841,74.655,83.724
8044,53,2023-08-14,111081,908.0,2.652,4.118,1.72,77.357,75.206
8045,53,2023-08-21,111375,431.0,4.241,7.923,1.144,78.585,85.507
8046,53,2023-08-28,112889,536.0,2.419,4.059,1.231,76.058,80.126
8047,53,2023-09-04,113870,465.0,3.852,5.419,2.033,75.466,70.968
8048,53,2023-09-11,115042,538.0,2.41,11.457,1.727,74.034,70.798
8049,53,2023-09-18,115854,688.0,3.82,7.314,4.354,80.033,71.501
8050,53,2023-09-25,117003,860.0,3.753,4.133,3.218,73.352,73.012
8051,53,2023-10-02,118913,680.0,1.798,8.624,2.984,75.331,73.618
8052,53,2023-10-09,119772,1035.0,4.657,0.745,1.475,76.319,82.138
8053,53,2023-10-16,121133,634.0,1.891,7.471,0.569,78.203,81.734
8054,53,2023-10-23,122728,587.0,3.696,8.405,0.7,82.888,72.466
8055,53,2023-10-30,123759,690.0,2.357,5.018,3.246,74.477,71.95
8056,53,2023-11-06,124441,762.0,3.731,5.667,1.686,75.106,68.965
8057,53,2023-11-13,126103,517.0,4.412,6.759,1.464,75.918,77.408
8058,53,2023-11-20,126748,391.0,2.073,10.823,1.633,76.1,74.327
8059,53,2023-11-27,128449,1026.0,3.085,10.038,2.537,77.52,73.602
8060,53,2023-12-04,129309,510.0,2.032,7.275,3.207,78.013,84.628
8061,53,2023-12-11,130284,1051.0,3.93,7.379,2.728,76.614,71.047
8062,53,2023-12-18,132324,508.0,2.002,1.611,2.914,74.823,82.3
8063,53,2023-12-25,133649,445.0,2.229,5.756,1.805,72.684,78.063
8064,53,2024-01-01,135008,1289.0,5.455,4.621,1.347,75.881,84.459
8065,53,2024-01-08,135700,781.0,4.003,4.211,2.522,77.188,78.207
8066,53,2024-01-15,136941,663.0,2.964,7.001,1.558,75.117,71.402
8067,53,2024-01-22,138365,519.0,1.887,4.114,3.19,82.664,76.865
8068,53,2024-01-29,140897,589.0,2.418,5.656,3.359,74.023,76.846
8069,53,2024-02-05,142196,733.0,3.179,4.742,4.342,75.018,80.96
8070,53,2024-02-12,143517,919.0,4.395,7.033,2.426,75.129,83.692
8071,53,2024-02-19,145147,1025.0,2.608,5.285,1.166,77.124,79.215
8072,53,2024-02-26,145717,681.0,4.833,8.714,3.792,75.969,73.862
8073,53,2024-03-04,147095,396.0,3.016,9.078,4.288,76.647,66.992
8074,53,2024-03-11,148418,404.0,3.714,11.102,1.446,74.328,85.138
8075,53,2024-03-18,149507,1465.0,2.845,5.389,2.479,80.919,74.99
8076,53,2024-03-25,151117,1280.0,2.406,6.303,2.604,85.831,84.647
8077,53,2024-04-01,151479,588.0,2.77,4.308,3.18,76.197,87.962
8078,53,2024-04-08,153045,766.0,4.097,3.624,2.713,75.571,71.608
8079,53,2024-04-15,154105,434.0,4.576,11.388,2.723,83.46,78.223
8080,53,2024-04-22,154885,825.0,4.14,5.238,1.882,78.307,86.003
8081,53,2024-04-29,157150,631.0,2.578,4.518,1.873,85.417,75.249
8082,53,2024-05-06,158417,946.0,3.229,2.715,0.937,82.661,70.957
8083,53,2024-05-13,159717,648.0,2.661,4.875,1.768,75.327,70.659
8084,53,2024-05-20,160092,697.0,2.94,13.053,3.149,77.233,89.075
8085,53,2024-05-27,161512,1156.0,4.108,5.397,3.069,75.665,88.24
8086,53,2024-06-03,162888,997.0,2.224,6.332,2.75,74.871,77.028
8087,53,2024-06-10,163662,609.0,2.803,6.804,2.751,81.203,70.246
8088,53,2024-06-17,165558,893.0,2.353,4.81,1.708,76.62,81.586
8089,53,2024-06-24,166398,550.0,3.409,4.224,1.999,83.801,74.369
8090,53,2024-07-01,168001,628.0,4.333,7.417,1.662,75.885,84.514
8091,53,2024-07-08,168939,693.0,3.866,6.824,1.291,76.153,88.071
8092,53,2024-07-15,170220,868.0,4.718,7.393,1.522,75.628,78.141
8093,53,2024-07-22,170820,1103.0,2.39,6.949,1.96,75.653,79.264
8094,53,2024-07-29,171592,954.0,4.038,5.905,2.201,76.669,71.193
8095,53,2024-08-05,173018,928.0,3.084,5.579,2.839,75.403,77.278
8096,53,2024-08-12,173925,649.0,3.538,4.092,0.684,75.622,72.876
8097,53,2024-08-19,175520,597.0,4.756,4.112,2.877,73.841,67.854
8098,53,2024-08-26,176487,494.0,5.058,8.342,1.778,76.045,81.406
8099,53,2024-09-02,177028,1118.0,1.694,2.926,3.048,73.715,81.719
8100,53,2024-09-09,178363,976.0,4.786,14.509,2.101,76.066,77.389
8101,53,2024-09-16,180883,691.0,4.376,4.628,1.498,78.596,80.285
8102,53,2024-09-23,181549,852.0,5.325,3.744,5.705,76.567,85.687
8103,53,2024-09-30,183070,668.0,2.647,6.779,2.181,76.335,74.626
8104,53,2024-10-07,185171,566.0,3.74,7.283,2.755,73.541,75.181
8105,53,2024-10-14,186441,627.0,2.942,14.301,2.97,76.787,72.981
8106,53,2024-10-21,188145,1500.0,2.903,3.921,2.055,77.937,74.064
8107,53,2024-10-28,188913,584.0,2.757,6.78,3.351,76.491,69.654
8108,53,2024-11-04,190142,646.0,3.162,6.747,1.302,77.07,78.847
8109,53,2024-11-11,191362,936.0,3.707,8.363,0.978,77.4,79.74
8110,53,2024-11-18,192846,631.0,3.634,5.947,3.1,77.313,72.62
8111,53,2024-11-25,193993,804.0,3.619,7.392,3.812,76.234,81.816
8112,53,2024-12-02,195187,658.0,3.507,5.332,2.546,76.704,77.768
8113,53,2024-12-09,196098,709.0,2.041,5.205,2.546,75.932,80.217
8114,53,2024-12-16,197234,611.0,3.841,1.091,0.785,82.02,65.311
8115,53,2024-12-23,199296,663.0,4.107,2.346,3.677,76.574,78.971
8116,53,2024-12-30,201042,398.0,3.104,15.623,1.238,86.157,91.152
8117,53,2025-01-06,202347,466.0,3.709,8.967,2.065,76.298,76.29
8118,53,2025-01-13,202928,783.0,3.577,8.899,1.63,75.614,74.138
8119,53,2025-01-20,203468,476.0,2.991,15.127,1.144,75.725,74.311
8120,53,2025-01-27,204585,623.0,3.999,6.043,3.547,74.117,68.502
8121,53,2025-02-03,205904,2024.0,2.765,5.432,2.082,75.667,71.834
8122,53,2025-02-10,206473,853.0,4.576,4.034,1.321,75.01,75.731
8123,53,2025-02-17,207342,785.0,3.178,4.681,3.186,77.871,85.691
8124,53,2025-02-24,208000,989.0,4.959,6.153,2.351,74.045,71.921
8125,53,2025-03-03,209344,1219.0,3.147,8.95,1.166,74.683,72.54
8126,53,2025-03-10,209916,510.0,2.775,7.086,0.851,74.748,68.488
8127,53,2025-03-17,211481,880.0,5.029,11.766,2.523,75.283,70.341
8128,53,2025-03-24,212410,567.0,2.096,7.661,2.673,75.933,75.262
8129,53,2025-03-31,214498,672.0,2.253,5.95,2.237,83.447,75.426
8130,53,2025-04-07,216076,603.0,1.755,6.881,1.526,76.107,90.509
8131,53,2025-04-14,216790,797.0,2.441,5.729,1.705,76.235,66.083
8132,53,2025-04-21,217599,495.0,3.542,4.439,1.429,76.486,78.526
8133,53,2025-04-28,218933,797.0,2.989,6.814,2.908,73.471,81.766
8134,53,2025-05-05,220562,481.0,4.179,3.582,1.069,76.815,81.208
8135,53,2025-05-12,222408,129.0,3.207,7.384,1.018,85.672,85.255
8136,53,2025-05-19,224197,1270.0,5.811,3.89,1.577,79.676,68.78
8137,53,2025-05-26,225371,661.0,1.835,6.35,2.35,75.743,80.415
8138,53,2025-06-02,226615,562.0,4.81,6.096,3.415,83.226,76.534
8139,53,2025-06-09,228203,888.0,3.386,6.372,1.308,76.041,73.294
8140,53,2025-06-16,229396,1209.0,3.633,12.101,1.37,81.588,87.475
8141,53,2025-06-23,231514,625.0,3.483,10.759,1.932,77.432,81.311
8142,53,2025-06-30,232930,685.0,2.917,3.564,2.841,76.136,69.713
8143,53,2025-07-07,233812,1044.0,2.767,10.421,1.85,81.134,76.007
8144,53,2025-07-14,235136,687.0,3.195,6.362,1.164,76.867,71.688
8145,53,2025-07-21,235767,1056.0,4.276,8.988,2.274,83.722,78.435
8146,53,2025-07-28,237208,1101.0,2.479,5.67,3.024,77.162,71.472
8147,53,2025-08-04,238410,714.0,2.574,4.139,2.623,75.069,79.561
8148,53,2025-08-11,239622,928.0,3.339,2.644,1.957,77.673,74.14
8149,53,2025-08-18,240533,537.0,3.409,11.832,2.252,74.305,78.292
8150,53,2025-08-25,241545,1320.0,2.787,11.216,1.343,77.311,72.283
8151,53,2025-09-01,242676,538.0,2.221,7.202,1.458,76.107,81.801
8152,53,2025-09-08,243687,383.0,2.456,5.113,7.212,76.341,85.659
8153,53,2025-09-15,244809,752.0,2.542,7.927,3.671,76.231,71.916
8154,53,2025-09-22,245269,444.0,2.165,6.733,2.413,77.325,85.299
8155,53,2025-09-29,246207,1066.0,3.326,10.177,1.694,82.67,78.037
8156,53,2025-10-06,246978,790.0,2.058,4.808,1.421,76.766,67.592
8157,53,2025-10-13,248336,531.0,3.543,7.421,2.636,76.287,73.276
8158,53,2025-10-20,250158,666.0,4.569,6.574,1.442,84.324,78.148
8159,53,2025-10-27,251367,736.0,1.968,10.636,3.332,74.844,77.565
8160,53,2025-11-03,253003,724.0,3.032,7.646,1.821,77.34,78.031
8161,53,2025-11-10,253771,457.0,2.563,3.727,2.45,85.843,86.121
8162,53,2025-11-17,254648,1289.0,3.499,3.531,2.533,75.781,78.184
8163,53,2025-11-24,256219,460.0,2.507,1.666,1.86,74.578,69.419
8164,53,2025-12-01,257359,708.0,2.837,14.885,1.909,76.172,71.799
8165,53,2025-12-08,258269,649.0,4.821,7.456,0.961,84.755,82.537
8166,53,2025-12-15,259727,499.0,2.374,4.048,3.201,77.178,85.193
8167,53,2025-12-22,261642,494.0,3.157,17.215,1.249,75.006,81.431
8168,53,2025-12-29,262658,869.0,4.067,19.717,2.056,78.815,80.7
8169,54,2023-01-02,26952,830.0,3.19,4.509,1.154,73.515,87.54
8170,54,2023-01-09,28140,452.0,3.215,3.389,2.146,87.742,80.84
8171,54,2023-01-16,30085,426.0,4.339,5.629,4.16,79.63,86.737
8172,54,2023-01-23,30486,914.0,2.252,16.196,1.41,76.212,81.064
8173,54,2023-01-30,31941,549.0,1.87,6.814,2.254,73.542,73.568
8174,54,2023-02-06,33945,908.0,2.652,4.118,1.72,77.357,75.206
8175,54,2023-02-13,35238,460.0,2.026,5.405,3.013,75.804,83.452
8176,54,2023-02-20,36216,616.0,2.849,15.186,1.705,76.359,72.905
8177,54,2023-02-27,38295,545.0,3.295,12.914,2.597,74.752,79.285
8178,54,2023-03-06,39249,701.0,5.226,6.843,2.802,75.806,82.3
8179,54,2023-03-13,40590,762.0,4.457,10.164,1.873,75.216,78.617
8180,54,2023-03-20,41493,753.0,1.039,6.423,2.653,76.159,71.921
8181,54,2023-03-27,42997,637.0,4.141,6.828,1.787,77.238,73.856
8182,54,2023-04-03,44676,909.0,2.174,9.409,2.916,79.098,76.847
8183,54,2023-04-10,46961,457.0,4.163,5.228,1.936,77.701,71.255
8184,54,2023-04-17,48110,762.0,5.945,7.854,2.038,78.192,69.146
8185,54,2023-04-24,48618,1240.0,2.111,4.638,2.427,85.432,76.128
8186,54,2023-05-01,50347,665.0,3.704,6.778,1.566,75.384,78.723
8187,54,2023-05-08,52020,1260.0,3.562,4.144,2.318,87.154,88.486
8188,54,2023-05-15,52865,524.0,2.372,5.961,2.696,76.399,73.776
8189,54,2023-05-22,54324,439.0,4.514,5.597,1.428,82.354,72.787
8190,54,2023-05-29,55758,816.0,0.687,7.151,2.593,76.151,84.473
8191,54,2023-06-05,57217,1011.0,3.084,5.812,3.176,74.254,77.619
8192,54,2023-06-12,58289,565.0,4.438,5.111,2.34,75.286,82.584
8193,54,2023-06-19,59889,786.0,3.686,6.322,1.759,75.736,78.862
8194,54,2023-06-26,60931,907.0,2.421,18.764,3.325,74.229,79.395
8195,54,2023-07-03,62743,904.0,2.778,7.97,5.183,75.244,78.193
8196,54,2023-07-10,63957,827.0,2.669,5.092,3.601,81.581,76.544
8197,54,2023-07-17,65382,952.0,3.628,3.046,2.285,75.022,83.577
8198,54,2023-07-24,67192,718.0,4.168,5.414,2.457,76.502,82.976
8199,54,2023-08-07,69922,966.0,2.507,8.504,1.648,77.789,75.966
8200,54,2023-08-14,71201,571.0,4.61,7.418,3.489,73.525,83.816
8201,54,2023-08-21,72173,632.0,4.852,6.768,1.321,81.578,75.849
8202,54,2023-08-28,73594,1013.0,4.578,6.215,1.293,76.141,71.598
8203,54,2023-09-04,74719,881.0,4.749,4.899,1.418,75.712,66.49
8204,54,2023-09-11,76005,579.0,4.281,6.274,1.768,75.41,71.889
8205,54,2023-09-18,77496,655.0,4.397,5.758,1.698,76.034,84.298
8206,54,2023-09-25,78516,591.0,2.989,5.467,1.615,75.449,75.219
8207,54,2023-10-02,79609,782.0,4.446,11.828,1.765,75.098,71.526
8208,54,2023-10-09,81124,625.0,5.04,6.305,2.592,77.028,70.243
8209,54,2023-10-16,83025,1090.0,3.301,10.042,2.74,76.48,67.387
8210,54,2023-10-23,84706,1542.0,2.59,7.386,2.304,86.849,86.408
8211,54,2023-10-30,85471,440.0,2.908,7.184,1.77,77.277,78.649
8212,54,2023-11-06,86625,725.0,2.257,8.232,1.936,77.059,77.95
8213,54,2023-11-13,88648,894.0,3.275,4.878,2.844,74.902,89.192
8214,54,2023-11-20,89918,776.0,4.399,5.705,2.962,78.012,65.818
8215,54,2023-11-27,91273,781.0,3.887,7.058,4.942,83.35,75.626
8216,54,2023-12-04,92807,769.0,3.415,5.806,1.841,75.133,78.471
8217,54,2023-12-11,94624,683.0,3.264,6.251,1.635,75.792,78.346
8218,54,2023-12-18,96626,1041.0,2.827,6.117,1.3,77.804,90.466
8219,54,2023-12-25,97079,547.0,2.302,4.602,2.528,76.273,70.741
8220,54,2024-01-01,98854,842.0,4.693,6.451,3.356,76.749,68.346
8221,54,2024-01-08,100228,895.0,3.743,4.018,2.701,76.396,86.871
8222,54,2024-01-15,101763,626.0,1.254,5.345,3.521,77.405,81.271
8223,54,2024-01-22,102626,376.0,3.683,7.843,2.673,74.904,78.695
8224,54,2024-01-29,103455,459.0,2.39,4.709,2.282,77.014,79.145
8225,54,2024-02-05,104524,1075.0,3.405,8.208,1.444,76.893,67.581
8226,54,2024-02-12,105761,770.0,2.843,10.642,2.65,76.505,68.356
8227,54,2024-02-19,107167,787.0,4.371,6.572,2.203,76.775,69.36
8228,54,2024-02-26,108093,1093.0,4.273,5.808,1.772,74.154,84.829
8229,54,2024-03-04,109215,809.0,4.122,6.915,2.015,76.476,71.743
8230,54,2024-03-11,110936,509.0,4.016,8.639,1.557,85.288,69.99
8231,54,2024-03-18,112504,1026.0,2.458,13.297,1.575,76.303,73.786
8232,54,2024-03-25,113242,451.0,2.728,6.167,3.002,77.087,73.966
8233,54,2024-04-01,113869,1260.0,3.395,7.081,2.667,75.553,82.422
8234,54,2024-04-08,115161,939.0,3.301,9.632,2.715,77.036,82.592
8235,54,2024-04-15,116160,513.0,4.671,4.383,1.249,76.894,71.541
8236,54,2024-04-29,118144,416.0,3.472,4.407,2.378,74.683,77.208
8237,54,2024-05-06,119998,936.0,3.428,15.033,1.992,75.543,78.98
8238,54,2024-05-13,121739,540.0,3.433,5.863,1.559,74.249,84.295
8239,54,2024-05-20,123321,610.0,4.83,12.446,1.452,76.855,81.336
8240,54,2024-05-27,125084,524.0,2.706,10.837,5.539,77.219,68.753
8241,54,2024-06-03,126042,534.0,5.922,18.045,5.946,77.293,74.734
8242,54,2024-06-10,127155,649.0,3.804,11.695,2.22,76.823,85.583
8243,54,2024-06-17,128076,660.0,3.167,7.092,1.257,82.129,75.01
8244,54,2024-06-24,129203,1144.0,2.002,7.976,2.876,76.064,82.574
8245,54,2024-07-01,129962,1329.0,3.589,6.446,2.611,76.126,76.579
8246,54,2024-07-08,131873,614.0,4.686,5.791,1.534,75.651,90.935
8247,54,2024-07-15,132645,1154.0,2.842,11.433,1.77,77.578,73.559
8248,54,2024-07-22,133623,1529.0,5.472,12.453,1.832,75.782,90.021
8249,54,2024-07-29,134388,1001.0,4.713,10.094,3.148,83.495,70.13
8250,54,2024-08-05,135736,723.0,4.64,8.153,3.099,79.622,70.887
8251,54,2024-08-12,136571,601.0,2.707,4.511,2.702,75.483,78.511
8252,54,2024-08-19,137928,801.0,2.137,8.443,2.16,77.647,75.362
8253,54,2024-08-26,139375,1597.0,4.964,5.644,1.68,80.147,88.908
8254,54,2024-09-02,140885,473.0,2.376,5.119,1.945,75.973,73.388
8255,54,2024-09-09,142229,514.0,4.881,5.069,2.625,84.499,82.409
8256,54,2024-09-16,143921,812.0,2.901,4.273,2.613,76.589,66.745
8257,54,2024-09-23,144928,1034.0,4.933,6.461,3.101,77.823,80.669
8258,54,2024-09-30,146383,658.0,5.343,7.082,3.232,75.022,66.309
8259,54,2024-10-07,147880,499.0,3.841,8.256,2.94,75.481,68.645
8260,54,2024-10-14,148970,825.0,4.23,11.828,3.802,77.441,77.045
8261,54,2024-10-21,150034,476.0,3.207,7.12,2.012,77.703,88.301
8262,54,2024-10-28,151670,830.0,2.417,5.667,1.342,76.807,87.641
8263,54,2024-11-04,152708,537.0,3.193,4.889,2.687,75.003,69.794
8264,54,2024-11-11,153694,796.0,1.959,9.064,0.99,76.72,72.807
8265,54,2024-11-18,155381,771.0,3.917,5.137,5.593,85.757,69.278
8266,54,2024-11-25,156036,625.0,2.134,4.507,2.81,77.999,79.603
8267,54,2024-12-02,156926,392.0,0.003,5.386,1.505,73.66,81.266
8268,54,2024-12-09,158079,833.0,3.736,4.629,1.876,76.962,76.941
8269,54,2024-12-16,159824,948.0,2.516,5.572,3.587,78.285,87.75
8270,54,2024-12-23,161315,1378.0,3.977,5.017,1.851,75.072,80.625
8271,54,2024-12-30,162415,797.0,2.336,5.705,1.992,77.199,81.129
8272,54,2025-01-06,163827,1107.0,2.328,4.808,2.526,75.92,81.765
8273,54,2025-01-13,165183,645.0,1.878,4.948,3.588,81.638,93.17
8274,54,2025-01-20,166153,946.0,2.407,3.905,1.678,78.112,85.853
8275,54,2025-01-27,168287,631.0,2.786,4.439,1.25,77.448,79.897
8276,54,2025-02-10,170462,740.0,2.888,8.185,1.683,76.509,64.014
8277,54,2025-02-17,171119,632.0,2.484,4.99,4.435,74.593,67.823
8278,54,2025-02-24,172365,572.0,4.752,6.834,2.36,76.365,66.787
8279,54,2025-03-10,173896,1158.0,3.431,7.938,3.361,75.608,83.596
8280,54,2025-03-17,175323,439.0,3.4,4.8,1.884,77.156,77.041
8281,54,2025-03-24,176715,658.0,4.193,4.381,1.467,76.867,84.928
8282,54,2025-03-31,178607,1008.0,1.812,5.925,3.09,74.373,91.357
8283,54,2025-04-07,180335,659.0,4.283,5.226,2.593,74.829,76.761
8284,54,2025-04-14,182069,854.0,2.299,9.094,1.371,77.929,86.14
8285,54,2025-04-21,184023,929.0,2.275,3.263,1.425,83.378,77.024
8286,54,2025-04-28,185740,996.0,3.22,2.935,1.085,75.531,78.189
8287,54,2025-05-05,187551,854.0,4.244,4.926,2.526,76.143,83.471
8288,54,2025-05-12,188506,594.0,2.591,5.972,1.493,77.348,80.096
8289,54,2025-05-19,189227,681.0,4.461,15.868,3.22,74.05,77.152
8290,54,2025-05-26,189762,1185.0,2.807,4.084,1.234,75.341,70.589
8291,54,2025-06-02,190897,1069.0,4.227,5.816,2.016,77.51,85.857
8292,54,2025-06-09,191859,547.0,4.365,6.9,1.473,73.989,79.25
8293,54,2025-06-16,192991,1128.0,1.842,10.188,2.126,74.495,89.092
8294,54,2025-06-23,193781,595.0,0.198,13.196,1.744,77.8,69.195
8295,54,2025-06-30,195837,670.0,4.08,6.377,2.512,77.042,78.442
8296,54,2025-07-07,196806,1112.0,2.251,5.081,2.957,76.847,80.6
8297,54,2025-07-14,198638,753.0,2.294,8.861,1.745,83.709,92.91
8298,54,2025-07-21,199339,1194.0,3.699,5.645,1.255,73.587,73.075
8299,54,2025-07-28,201683,703.0,2.406,4.829,2.841,76.879,75.574
8300,54,2025-08-04,202940,759.0,4.612,5.332,0.829,76.042,91.193
8301,54,2025-08-11,204494,918.0,3.227,5.489,1.543,74.207,74.522
8302,54,2025-08-18,205094,1224.0,4.577,5.556,2.679,80.936,70.052
8303,54,2025-08-25,206657,807.0,3.616,12.449,2.761,78.337,73.698
8304,54,2025-09-01,208252,570.0,5.054,7.137,2.397,75.752,67.285
8305,54,2025-09-08,209426,479.0,3.32,4.231,2.595,73.795,84.046
8306,54,2025-09-15,210880,632.0,3.297,4.691,1.581,75.393,72.592
8307,54,2025-09-22,212173,1253.0,2.651,7.859,2.351,75.817,88.501
8308,54,2025-09-29,212563,966.0,1.756,5.358,1.638,76.839,71.329
8309,54,2025-10-06,213593,632.0,4.852,6.768,1.321,81.578,75.849
8310,54,2025-10-13,214841,851.0,4.517,8.039,6.455,76.688,82.027
8311,54,2025-10-20,215581,487.0,2.763,7.348,2.46,75.031,69.417
8312,54,2025-10-27,216957,467.0,4.18,6.996,3.78,74.585,73.893
8313,54,2025-11-03,218776,577.0,2.559,8.008,1.844,74.723,80.445
8314,54,2025-11-10,220846,1026.0,3.369,9.155,1.171,74.523,67.203
8315,54,2025-11-17,222177,674.0,4.922,6.753,3.406,77.912,75.469
8316,54,2025-11-24,223922,448.0,3.994,10.883,2.936,77.065,66.414
8317,54,2025-12-01,225411,730.0,1.764,5.685,5.167,82.569,84.163
8318,54,2025-12-08,226905,808.0,3.394,5.762,2.972,77.407,78.333
8319,54,2025-12-15,228959,646.0,3.119,6.14,1.249,77.46,80.396
8320,54,2025-12-22,230368,607.0,2.838,10.788,2.412,83.81,75.971
8321,54,2025-12-29,231918,551.0,2.813,4.677,0.756,77.859,67.079
8322,55,2023-01-02,67780,476.0,3.319,8.059,3.368,74.762,75.514
8323,55,2023-01-09,69063,458.0,3.77,6.081,3.639,75.862,85.216
8324,55,2023-01-16,70304,629.0,3.709,5.803,3.17,76.425,76.959
8325,55,2023-01-23,71895,513.0,3.266,13.728,1.57,77.887,75.651
8326,55,2023-01-30,73397,720.0,3.731,3.934,1.534,74.644,83.963
8327,55,2023-02-06,74828,936.0,1.851,11.498,1.662,82.542,79.323
8328,55,2023-02-13,76954,631.0,5.239,9.963,2.49,81.78,94.458
8329,55,2023-02-20,77950,1173.0,4.185,6.967,1.638,76.989,79.485
8330,55,2023-02-27,79268,667.0,4.77,10.159,4.82,85.661,82.84
8331,55,2023-03-06,80927,386.0,3.667,11.08,3.758,76.052,65.384
8332,55,2023-03-13,81882,557.0,3.354,5.39,2.597,77.765,74.712
8333,55,2023-03-20,83634,817.0,2.714,3.204,1.785,76.692,76.84
8334,55,2023-03-27,84646,1046.0,2.634,5.923,2.32,85.489,84.618
8335,55,2023-04-03,85651,868.0,3.376,7.104,4.502,77.568,77.259
8336,55,2023-04-10,87028,1014.0,3.796,8.971,2.076,81.824,79.964
8337,55,2023-04-17,88731,770.0,3.994,2.753,0.961,76.16,80.493
8338,55,2023-04-24,90060,837.0,4.005,5.171,3.443,84.981,85.192
8339,55,2023-05-01,91256,486.0,1.714,7.594,3.272,73.743,91.297
8340,55,2023-05-08,92443,710.0,3.994,19.077,5.196,76.938,72.721
8341,55,2023-05-15,94119,653.0,4.535,6.326,3.133,75.733,84.057
8342,55,2023-05-22,95228,513.0,2.335,6.249,0.917,79.84,71.693
8343,55,2023-06-05,97666,964.0,3.614,5.462,1.724,75.414,77.918
8344,55,2023-06-12,99123,903.0,4.254,16.149,6.075,77.021,71.463
8345,55,2023-06-19,100802,489.0,3.6,5.395,2.227,77.164,85.931
8346,55,2023-06-26,102198,683.0,4.751,5.693,3.402,75.6,71.995
8347,55,2023-07-03,103928,1017.0,3.012,8.603,0.293,81.807,81.272
8348,55,2023-07-10,104934,1050.0,4.599,7.746,2.908,77.191,71.728
8349,55,2023-07-17,106728,504.0,3.12,13.905,3.941,76.526,91.66
8350,55,2023-07-24,108409,637.0,3.206,7.246,1.957,77.022,68.975
8351,55,2023-07-31,109021,671.0,3.046,2.085,1.917,76.925,78.56
8352,55,2023-08-07,110250,934.0,2.109,8.61,1.489,76.86,83.749
8353,55,2023-08-14,111395,611.0,2.547,3.683,2.622,77.69,80.115
8354,55,2023-08-21,113229,613.0,2.306,5.756,1.762,74.932,78.073
8355,55,2023-08-28,113804,392.0,2.035,5.51,1.413,75.652,80.567
8356,55,2023-09-04,115747,1048.0,4.667,8.348,3.691,75.161,86.437
8357,55,2023-09-11,117047,970.0,4.129,6.878,2.366,74.556,75.498
8358,55,2023-09-18,118443,426.0,3.189,12.44,1.664,74.183,81.721
8359,55,2023-09-25,119205,390.0,3.813,5.455,2.54,84.041,81.899
8360,55,2023-10-02,120123,872.0,4.812,3.247,2.32,73.831,66.781
8361,55,2023-10-09,121137,648.0,1.997,5.445,1.857,74.348,85.532
8362,55,2023-10-16,122566,1060.0,2.807,6.863,1.315,84.638,77.681
8363,55,2023-10-23,123813,706.0,2.572,5.416,1.644,77.375,73.222
8364,55,2023-10-30,125331,537.0,3.224,17.235,3.231,77.047,76.589
8365,55,2023-11-06,126268,1047.0,2.527,4.303,5.141,77.999,77.287
8366,55,2023-11-13,127184,851.0,3.667,4.878,2.724,76.94,69.781
8367,55,2023-11-20,129256,1036.0,5.636,4.329,3.978,77.138,78.352
8368,55,2023-11-27,130772,911.0,3.678,7.146,1.195,76.755,65.815
8369,55,2023-12-04,132035,1128.0,1.965,4.959,1.353,77.469,80.796
8370,55,2023-12-11,133233,830.0,3.19,4.509,1.154,73.515,87.54
8371,55,2023-12-18,134528,1151.0,3.219,6.653,2.455,75.37,71.207
8372,55,2024-01-01,135783,1230.0,3.825,7.135,2.012,76.897,91.232
8373,55,2024-01-08,137130,516.0,2.49,4.66,3.162,77.215,80.161
8374,55,2024-01-15,138047,493.0,2.152,6.815,4.613,78.109,78.574
8375,55,2024-01-22,139617,786.0,2.723,6.905,2.783,75.146,71.741
8376,55,2024-01-29,141601,890.0,4.268,7.579,3.114,75.105,66.376
8377,55,2024-02-05,143169,674.0,2.959,9.176,1.462,76.927,86.666
8378,55,2024-02-12,144657,717.0,5.505,7.343,2.131,76.238,72.968
8379,55,2024-02-19,145883,359.0,3.976,4.491,2.536,77.404,65.001
8380,55,2024-02-26,147380,512.0,2.725,9.031,4.967,76.113,74.98
8381,55,2024-03-04,149179,492.0,2.188,10.381,2.728,75.025,75.335
8382,55,2024-03-11,151139,509.0,4.016,8.639,1.557,85.288,69.99
8383,55,2024-03-18,151426,942.0,2.45,8.779,1.426,77.757,81.499
8384,55,2024-03-25,152663,678.0,3.796,4.535,3.184,74.197,84.282
8385,55,2024-04-01,154239,764.0,2.533,8.621,0.76,75.777,83.444
8386,55,2024-04-08,155111,555.0,2.073,5.503,4.02,77.553,75.509
8387,55,2024-04-15,157071,1018.0,3.51,7.379,1.687,75.342,72.691
8388,55,2024-04-22,158247,630.0,2.951,10.006,2.018,82.797,68.664
8389,55,2024-04-29,159666,1419.0,2.226,5.925,1.072,77.486,85.599
8390,55,2024-05-06,161066,1065.0,2.893,2.413,1.604,76.792,85.911
8391,55,2024-05-13,162307,906.0,2.243,11.513,1.686,84.154,84.033
8392,55,2024-05-20,163522,1282.0,2.728,5.769,2.589,75.48,75.157
8393,55,2024-05-27,164484,1072.0,3.768,5.19,2.594,80.596,80.46
8394,55,2024-06-03,165104,487.0,2.669,3.841,1.476,79.119,72.913
8395,55,2024-06-17,166709,932.0,2.374,4.454,2.71,85.86,78.477
8396,55,2024-06-24,168001,423.0,2.577,7.185,1.36,84.046,82.593
8397,55,2024-07-01,169738,1009.0,2.524,4.82,2.827,76.03,79.265
8398,55,2024-07-08,170735,507.0,1.76,6.055,2.901,84.387,79.227
8399,55,2024-07-15,172042,1015.0,4.767,8.269,1.009,75.76,74.66
8400,55,2024-07-22,173318,730.0,5.518,7.144,2.369,74.408,84.017
8401,55,2024-07-29,173993,532.0,2.669,6.873,2.243,76.192,86.424
8402,55,2024-08-05,176004,435.0,4.412,6.621,1.187,74.335,69.787
8403,55,2024-08-12,177948,932.0,4.804,6.529,1.996,76.297,70.561
8404,55,2024-08-19,179364,881.0,3.401,4.111,1.905,75.64,76.408
8405,55,2024-08-26,181062,516.0,4.373,1.428,1.462,84.068,72.221
8406,55,2024-09-02,182497,657.0,1.954,5.188,2.858,79.882,76.18
8407,55,2024-09-09,183775,739.0,3.006,3.308,1.679,76.66,72.64
8408,55,2024-09-16,184650,624.0,3.352,6.284,2.873,73.456,72.355
8409,55,2024-09-23,186218,616.0,3.759,4.515,2.667,76.738,87.74
8410,55,2024-09-30,188401,721.0,2.825,5.805,1.421,81.293,71.648
8411,55,2024-10-14,191031,766.0,3.14,3.949,2.125,74.256,75.667
8412,55,2024-10-21,192036,602.0,3.38,6.287,0.538,75.431,71.395
8413,55,2024-10-28,193140,532.0,4.928,6.622,1.54,80.571,68.146
8414,55,2024-11-04,194902,963.0,4.146,5.817,2.878,74.43,79.107
8415,55,2024-11-11,196479,882.0,4.393,5.038,2.232,77.47,72.319
8416,55,2024-11-18,197152,811.0,2.741,5.647,4.933,81.411,85.431
8417,55,2024-11-25,199385,1001.0,5.137,15.17,2.366,83.482,74.954
8418,55,2024-12-02,201327,889.0,2.212,3.851,1.923,77.43,84.178
8419,55,2024-12-09,203260,531.0,3.897,4.765,3.473,74.461,84.462
8420,55,2024-12-16,204495,740.0,2.365,5.841,1.635,78.092,87.113
8421,55,2024-12-23,205119,463.0,4.205,7.787,2.172,76.226,78.596
8422,55,2024-12-30,206203,794.0,4.655,6.044,1.242,77.649,81.995
8423,55,2025-01-06,206365,1364.0,3.002,5.683,1.44,76.258,80.596
8424,55,2025-01-13,206842,809.0,4.122,6.915,2.015,76.476,71.743
8425,55,2025-01-20,207862,481.0,5.001,5.548,2.764,83.099,71.991
8426,55,2025-01-27,208863,818.0,5.398,6.132,3.317,77.214,69.532
8427,55,2025-02-03,210035,594.0,2.323,5.832,1.379,75.304,72.09
8428,55,2025-02-10,211361,966.0,4.098,5.943,2.926,78.339,87.531
8429,55,2025-02-17,212565,782.0,0.14,6.569,1.557,80.717,73.515
8430,55,2025-02-24,213559,603.0,3.092,5.632,2.652,76.199,75.044
8431,55,2025-03-03,214868,632.0,2.484,4.99,4.435,74.593,67.823
8432,55,2025-03-10,216556,545.0,2.551,7.303,1.668,75.465,75.415
8433,55,2025-03-17,217943,1075.0,2.611,13.53,1.789,76.862,71.264
8434,55,2025-03-24,219880,761.0,2.565,5.323,2.876,76.225,86.548
8435,55,2025-03-31,221165,1126.0,3.407,4.321,2.056,78.145,69.743
8436,55,2025-04-07,222107,646.0,4.442,4.367,1.598,75.862,85.733
8437,55,2025-04-14,223428,570.0,3.193,9.11,2.511,77.033,77.082
8438,55,2025-04-21,224833,881.0,2.994,5.655,2.719,77.759,77.434
8439,55,2025-04-28,226236,750.0,4.108,4.291,2.514,77.013,77.871
8440,55,2025-05-05,227514,954.0,5.675,4.091,2.458,74.613,68.43
8441,55,2025-05-12,227996,604.0,0.09,5.454,3.434,74.332,78.266
8442,55,2025-05-19,229327,687.0,4.362,15.608,1.145,74.838,74.298
8443,55,2025-05-26,231022,943.0,3.665,4.746,2.752,76.817,70.448
8444,55,2025-06-02,232731,864.0,4.467,6.942,1.784,74.287,84.559
8445,55,2025-06-09,234106,665.0,3.935,2.968,1.229,76.677,76.691
8446,55,2025-06-23,235407,805.0,3.113,6.866,2.821,79.593,73.035
8447,55,2025-06-30,236122,744.0,4.523,2.932,2.98,77.061,70.549
8448,55,2025-07-07,237888,546.0,3.308,10.456,2.322,74.34,82.246
8449,55,2025-07-14,239285,697.0,4.483,5.159,1.828,77.706,75.354
8450,55,2025-07-21,241052,699.0,3.055,8.43,1.285,74.464,77.152
8451,55,2025-07-28,241741,1489.0,2.685,3.254,3.043,76.951,74.26
8452,55,2025-08-04,243158,953.0,2.362,5.387,3.944,76.633,71.54
8453,55,2025-08-11,243946,734.0,3.538,3.6,2.976,77.401,86.581
8454,55,2025-08-18,244214,1423.0,3.395,7.614,3.171,76.155,79.401
8455,55,2025-09-01,246278,573.0,2.153,9.425,5.036,75.545,86.236
8456,55,2025-09-08,247867,502.0,3.003,5.442,2.889,77.371,77.365
8457,55,2025-09-15,248742,1155.0,2.45,5.131,2.675,77.795,73.174
8458,55,2025-09-22,250102,972.0,2.911,4.081,2.048,77.203,72.516
8459,55,2025-09-29,251892,633.0,4.998,5.828,2.563,76.948,73.275
8460,55,2025-10-06,253117,1224.0,5.557,17.026,6.412,74.916,75.727
8461,55,2025-10-13,253997,846.0,2.992,5.912,2.706,74.758,85.495
8462,55,2025-10-20,255264,727.0,4.702,10.662,1.633,76.554,78.177
8463,55,2025-11-03,257268,931.0,2.545,10.117,1.774,76.69,79.847
8464,55,2025-11-10,258880,975.0,2.709,7.358,1.844,75.323,66.596
8465,55,2025-11-24,260329,1182.0,4.633,8.134,3.2,76.123,83.418
8466,55,2025-12-01,261923,515.0,4.602,5.43,2.642,75.62,74.938
8467,55,2025-12-08,263256,1434.0,3.583,5.357,2.944,79.022,84.492
8468,55,2025-12-15,264621,846.0,2.453,4.464,2.816,76.233,73.407
8469,55,2025-12-22,265568,454.0,4.583,10.49,3.541,76.125,66.711
8470,55,2025-12-29,267139,646.0,2.175,7.978,1.383,77.74,82.469
8471,56,2023-01-02,50941,1160.0,1.938,5.514,2.079,76.704,74.458
8472,56,2023-01-09,52302,668.0,5.6,6.941,1.02,75.82,67.286
8473,56,2023-01-16,54038,1054.0,4.152,4.892,1.145,76.626,78.778
8474,56,2023-01-23,55366,375.0,2.681,2.653,2.485,77.501,89.422
8475,56,2023-01-30,56314,472.0,2.949,5.234,2.007,76.985,85.05
8476,56,2023-02-06,57029,693.0,2.516,4.207,1.274,83.04,79.619
8477,56,2023-02-13,58302,1560.0,3.326,9.35,2.152,76.266,84.043
8478,56,2023-02-20,59671,835.0,2.468,6.094,1.986,76.511,80.271
8479,56,2023-02-27,61119,1283.0,3.663,8.05,3.362,76.004,83.539
8480,56,2023-03-06,62654,922.0,2.056,3.766,2.484,76.411,74.786
8481,56,2023-03-13,64452,620.0,4.59,6.099,2.19,77.583,69.357
8482,56,2023-03-20,66213,599.0,3.937,5.896,2.044,75.947,76.404
8483,56,2023-03-27,66854,623.0,4.624,7.079,3.136,76.648,83.81
8484,56,2023-04-03,68845,495.0,4.712,4.668,3.061,80.942,95.235
8485,56,2023-04-10,70143,1076.0,2.704,11.933,1.313,76.645,82.842
8486,56,2023-04-17,71407,1131.0,2.512,7.093,2.158,83.943,76.858
8487,56,2023-04-24,72266,1020.0,2.618,11.379,1.705,75.369,70.848
8488,56,2023-05-01,73705,1166.0,5.047,3.839,3.074,74.155,77.533
8489,56,2023-05-08,75256,563.0,4.614,6.512,1.64,73.731,74.4
8490,56,2023-05-15,76618,702.0,1.743,7.881,3.199,81.567,78.799
8491,56,2023-05-22,78001,757.0,3.659,6.95,3.058,76.309,73.099
8492,56,2023-05-29,78726,1244.0,6.089,10.999,1.189,76.775,76.865
8493,56,2023-06-05,80469,709.0,2.284,4.128,4.733,74.612,68.788
8494,56,2023-06-12,81878,822.0,3.311,5.628,2.059,77.853,78.117
8495,56,2023-06-19,82775,887.0,2.346,1.591,2.938,77.549,71.028
8496,56,2023-06-26,84201,1051.0,2.592,3.401,1.529,74.152,77.002
8497,56,2023-07-03,85467,452.0,2.431,7.197,2.535,78.527,76.743
8498,56,2023-07-10,86618,819.0,5.883,6.797,2.012,77.869,78.561
8499,56,2023-07-17,87521,678.0,2.882,6.625,2.104,77.043,79.275
8500,56,2023-07-24,89337,829.0,1.702,3.936,1.802,79.655,82.649
8501,56,2023-07-31,91043,928.0,3.001,7.215,1.672,78.28,74.411
8502,56,2023-08-07,92223,988.0,3.549,5.883,1.249,77.43,80.5
8503,56,2023-08-14,93129,585.0,2.425,7.696,1.148,77.515,82.631
8504,56,2023-08-21,94504,452.0,2.324,4.72,2.925,75.447,85.54
8505,56,2023-08-28,96004,719.0,3.862,4.945,1.534,73.506,74.875
8506,56,2023-09-04,96931,717.0,2.914,5.789,1.586,75.416,68.204
8507,56,2023-09-11,98311,404.0,3.739,4.547,2.146,75.698,83.232
8508,56,2023-09-18,99539,827.0,4.427,6.017,2.762,76.794,87.706
8509,56,2023-09-25,101446,772.0,3.914,6.709,1.642,78.188,81.886
8510,56,2023-10-02,102600,554.0,2.356,7.499,3.331,75.492,77.8
8511,56,2023-10-09,103867,809.0,4.8,5.972,3.241,77.822,80.165
8512,56,2023-10-16,105286,1242.0,4.472,7.633,3.757,83.766,67.14
8513,56,2023-10-23,106256,1085.0,2.917,3.999,2.12,76.322,87.241
8514,56,2023-10-30,107393,539.0,2.756,3.964,2.48,77.709,86.069
8515,56,2023-11-06,108397,452.0,3.444,5.625,2.314,74.085,78.498
8516,56,2023-11-13,109763,899.0,2.295,5.3,2.51,74.458,81.888
8517,56,2023-11-20,111134,506.0,2.604,18.664,4.626,76.094,78.843
8518,56,2023-11-27,112214,799.0,2.922,4.738,2.414,77.816,80.999
8519,56,2023-12-04,113202,710.0,2.513,8.376,2.258,76.365,67.798
8520,56,2023-12-11,114720,903.0,2.377,5.644,1.144,77.019,74.686
8521,56,2023-12-18,116958,526.0,4.866,3.884,2.786,75.988,77.71
8522,56,2023-12-25,118881,603.0,2.714,7.447,1.29,76.64,81.438
8523,56,2024-01-01,121327,486.0,4.599,3.401,3.551,85.071,82.868
8524,56,2024-01-08,123007,481.0,3.707,5.373,1.751,74.712,73.657
8525,56,2024-01-15,124201,758.0,2.071,5.57,2.046,77.765,76.975
8526,56,2024-01-22,125017,410.0,4.027,6.477,2.512,75.874,87.114
8527,56,2024-01-29,126772,413.0,2.837,6.023,2.952,72.951,80.112
8528,56,2024-02-05,128030,1056.0,3.571,6.319,2.697,76.97,77.289
8529,56,2024-02-12,129247,959.0,1.824,7.967,1.136,73.825,88.6
8530,56,2024-02-19,131324,727.0,2.928,8.276,1.318,78.203,71.289
8531,56,2024-02-26,132321,522.0,3.191,4.113,3.09,76.623,80.166
8532,56,2024-03-04,132858,1386.0,2.575,5.921,1.739,74.272,74.662
8533,56,2024-03-11,133788,885.0,4.334,6.036,1.073,75.079,74.017
8534,56,2024-03-18,135568,1032.0,3.38,7.155,1.689,84.632,75.567
8535,56,2024-03-25,136350,406.0,3.525,3.421,3.022,75.958,77.156
8536,56,2024-04-01,138410,698.0,4.679,8.786,1.998,74.239,77.959
8537,56,2024-04-08,139415,1069.0,2.298,8.382,2.671,76.221,71.087
8538,56,2024-04-15,140809,371.0,2.489,5.075,1.9,74.843,75.32
8539,56,2024-04-22,142247,376.0,3.528,7.485,1.3,75.281,74.916
8540,56,2024-04-29,144170,713.0,2.904,10.364,4.56,80.324,76.853
8541,56,2024-05-06,145081,707.0,2.307,7.431,5.656,76.911,79.123
8542,56,2024-05-13,146350,991.0,4.069,6.265,1.543,75.201,82.343
8543,56,2024-05-20,147708,894.0,2.885,5.533,1.334,73.908,65.761
8544,56,2024-05-27,149425,938.0,3.774,6.11,1.444,81.545,68.909
8545,56,2024-06-03,151312,639.0,2.654,10.618,2.074,75.291,81.959
8546,56,2024-06-10,152647,739.0,4.115,11.4,2.801,75.746,64.854
8547,56,2024-06-17,154006,1035.0,3.888,8.796,3.548,75.786,89.578
8548,56,2024-06-24,155545,967.0,5.02,7.792,2.458,76.729,71.571
8549,56,2024-07-01,157576,861.0,4.612,2.219,1.376,78.102,80.813
8550,56,2024-07-08,158228,737.0,2.854,8.195,1.847,75.655,74.765
8551,56,2024-07-15,159956,402.0,3.459,4.905,2.96,75.72,87.483
8552,56,2024-07-22,161597,940.0,2.576,2.289,2.05,78.118,78.55
8553,56,2024-07-29,163030,1458.0,2.822,9.648,1.487,77.124,82.46
8554,56,2024-08-12,164514,428.0,4.06,8.647,3.215,75.829,81.731
8555,56,2024-08-19,165930,589.0,2.516,6.336,1.201,78.086,69.481
8556,56,2024-08-26,167501,513.0,2.559,4.152,1.326,76.09,68.697
8557,56,2024-09-02,169311,1345.0,4.432,10.925,3.358,76.281,79.14
8558,56,2024-09-09,170840,1274.0,2.649,15.864,3.322,81.944,67.355
8559,56,2024-09-16,172095,791.0,2.863,7.479,2.641,77.124,85.476
8560,56,2024-09-23,173060,858.0,3.633,8.09,3.042,77.2,83.329
8561,56,2024-09-30,174655,630.0,2.657,6.975,2.59,75.822,82.098
8562,56,2024-10-07,175667,566.0,0.939,5.571,1.578,78.193,85.615
8563,56,2024-10-14,177668,649.0,2.541,4.065,1.839,74.885,75.808
8564,56,2024-10-21,179325,443.0,4.013,6.348,1.708,76.753,75.819
8565,56,2024-10-28,181251,739.0,4.532,6.712,1.154,74.962,65.552
8566,56,2024-11-04,182663,391.0,2.073,10.823,1.633,76.1,74.327
8567,56,2024-11-11,184088,519.0,2.45,8.3,1.373,76.222,74.019
8568,56,2024-11-18,185251,448.0,2.234,9.142,1.784,75.676,67.298
8569,56,2024-12-02,187634,1320.0,3.956,6.336,1.188,77.359,81.231
8570,56,2024-12-09,188522,623.0,3.586,4.424,1.566,75.871,85.176
8571,56,2024-12-16,189292,401.0,1.887,11.544,3.452,88.416,93.77
8572,56,2024-12-23,190567,697.0,3.675,6.145,1.354,78.021,67.406
8573,56,2024-12-30,191528,933.0,4.342,5.475,5.332,74.481,78.931
8574,56,2025-01-06,193141,888.0,2.974,4.348,2.528,75.961,74.831
8575,56,2025-01-13,194592,1183.0,2.942,5.057,3.082,74.712,79.108
8576,56,2025-01-20,195798,716.0,3.569,5.312,2.461,83.647,79.792
8577,56,2025-01-27,196738,765.0,2.37,3.379,2.259,76.674,71.925
8578,56,2025-02-03,197415,648.0,4.01,3.58,1.803,77.401,81.349
8579,56,2025-02-10,198472,641.0,3.417,9.352,2.859,76.175,84.518
8580,56,2025-02-17,200201,979.0,2.047,3.382,2.132,76.606,84.826
8581,56,2025-02-24,201245,1140.0,3.238,13.559,1.586,86.125,77.485
8582,56,2025-03-03,203010,368.0,2.855,8.258,3.059,76.103,73.446
8583,56,2025-03-10,203808,968.0,5.467,6.973,2.309,75.477,69.595
8584,56,2025-03-17,204894,1090.0,2.272,4.796,3.155,75.296,80.053
8585,56,2025-03-24,206231,800.0,1.239,11.728,1.64,76.839,68.446
8586,56,2025-03-31,208497,863.0,4.809,4.058,1.206,87.691,82.479
8587,56,2025-04-07,209955,663.0,3.006,3.817,2.309,76.813,72.973
8588,56,2025-04-14,210778,704.0,2.643,6.452,1.612,76.604,77.916
8589,56,2025-04-21,212213,1148.0,3.171,1.925,2.456,81.546,75.037
8590,56,2025-04-28,213505,487.0,3.088,4.097,5.02,76.301,81.795
8591,56,2025-05-05,214727,936.0,2.514,6.618,2.112,76.537,81.414
8592,56,2025-05-19,216984,1207.0,4.35,5.318,1.896,77.856,84.243
8593,56,2025-05-26,219181,738.0,2.915,10.307,2.797,75.565,79.639
8594,56,2025-06-02,221079,512.0,3.009,4.686,2.268,77.079,72.888
8595,56,2025-06-09,222575,526.0,2.632,5.387,3.351,73.301,89.196
8596,56,2025-06-16,224121,716.0,2.954,7.622,2.368,76.947,67.627
8597,56,2025-06-23,225508,892.0,2.919,7.323,1.744,75.873,70.847
8598,56,2025-06-30,226135,613.0,3.812,6.711,2.869,77.292,79.047
8599,56,2025-07-07,227136,1348.0,3.5,7.287,1.463,84.474,81.491
8600,56,2025-07-14,228662,830.0,3.232,13.479,2.568,87.48,73.428
8601,56,2025-07-21,230513,641.0,2.678,9.711,0.825,74.742,80.007
8602,56,2025-07-28,231380,482.0,1.419,5.866,3.012,77.118,90.434
8603,56,2025-08-04,232515,809.0,4.583,9.377,2.47,77.67,71.249
8604,56,2025-08-11,234222,626.0,3.451,8.195,1.909,76.655,71.775
8605,56,2025-08-18,235451,398.0,3.73,5.343,1.318,75.101,85.739
8606,56,2025-08-25,236853,424.0,2.345,10.301,3.461,76.591,89.04
8607,56,2025-09-01,238631,1127.0,4.119,7.852,2.412,77.104,73.516
8608,56,2025-09-08,240204,803.0,2.668,6.909,2.982,76.9,78.823
8609,56,2025-09-15,241137,952.0,2.447,7.588,2.011,76.195,75.894
8610,56,2025-09-22,242433,553.0,2.6,8.405,7.417,77.183,80.011
8611,56,2025-09-29,243646,918.0,3.227,5.489,1.543,74.207,74.522
8612,56,2025-10-06,245310,821.0,1.868,14.013,3.067,78.291,75.126
8613,56,2025-10-13,246815,416.0,3.55,4.728,1.936,77.347,74.476
8614,56,2025-10-20,248234,746.0,0.527,5.984,2.634,76.952,68.385
8615,56,2025-10-27,249757,540.0,4.299,7.805,0.844,78.782,88.736
8616,56,2025-11-03,250900,603.0,1.755,6.881,1.526,76.107,90.509
8617,56,2025-11-10,252221,809.0,2.851,6.378,2.525,80.307,75.771
8618,56,2025-11-17,254489,1545.0,2.603,8.186,2.176,76.415,84.514
8619,56,2025-12-01,256438,652.0,4.555,8.081,1.981,75.341,92.587
8620,56,2025-12-08,257401,842.0,2.494,5.542,1.652,77.203,69.56
8621,56,2025-12-15,258872,688.0,3.855,4.799,2.254,75.825,70.774
8622,56,2025-12-22,260413,699.0,3.055,8.43,1.285,74.464,77.152
8623,56,2025-12-29,261578,790.0,2.058,4.808,1.421,76.766,67.592
8624,57,2023-01-02,36007,766.0,2.888,14.795,2.813,74.59,70.706
8625,57,2023-01-09,37381,754.0,4.122,4.435,2.752,74.638,75.886
8626,57,2023-01-16,38754,701.0,4.981,4.482,1.513,75.098,84.114
8627,57,2023-01-23,39301,929.0,2.472,6.597,3.539,75.609,75.881
8628,57,2023-01-30,40621,664.0,3.635,5.829,1.621,73.815,68.303
8629,57,2023-02-06,41825,554.0,3.069,6.697,3.182,75.463,71.258
8630,57,2023-02-13,43363,665.0,2.378,5.225,1.179,77.196,85.973
8631,57,2023-02-20,44523,844.0,4.66,6.486,2.148,75.888,80.027
8632,57,2023-02-27,46353,474.0,4.988,5.107,1.664,81.948,80.246
8633,57,2023-03-06,47509,812.0,1.973,3.924,1.436,77.872,74.157
8634,57,2023-03-13,48705,853.0,1.698,2.195,2.141,75.24,84.821
8635,57,2023-03-20,49828,646.0,4.182,3.798,1.718,75.134,80.278
8636,57,2023-04-03,51957,564.0,3.785,5.307,1.521,77.033,90.154
8637,57,2023-04-10,53529,1099.0,3.78,6.52,0.918,78.126,78.432
8638,57,2023-04-17,55104,662.0,4.198,5.259,1.881,76.39,86.463
8639,57,2023-04-24,56197,701.0,4.852,7.622,5.772,77.285,78.136
8640,57,2023-05-01,57383,816.0,4.426,2.837,1.924,84.13,88.474
8641,57,2023-05-08,58885,386.0,3.667,11.08,3.758,76.052,65.384
8642,57,2023-05-15,60571,937.0,1.985,5.483,2.184,76.093,75.367
8643,57,2023-05-22,62192,1201.0,3.755,0.621,3.118,75.657,78.741
8644,57,2023-05-29,63492,845.0,3.129,5.823,1.404,75.976,80.3
8645,57,2023-06-05,64589,779.0,3.515,6.939,2.326,77.357,76.612
8646,57,2023-06-12,66314,464.0,2.085,6.893,1.632,74.108,80.112
8647,57,2023-06-19,67960,785.0,3.663,3.23,1.834,87.483,78.818
8648,57,2023-06-26,69071,698.0,3.06,5.81,1.866,75.31,81.888
8649,57,2023-07-03,70297,577.0,3.611,6.184,1.812,77.169,81.373
8650,57,2023-07-10,71381,908.0,2.353,5.058,0.934,78.072,71.919
8651,57,2023-07-17,72758,661.0,2.31,11.324,3.042,75.707,72.811
8652,57,2023-07-24,74016,836.0,2.321,7.182,1.642,80.858,75.462
8653,57,2023-07-31,75967,745.0,2.99,6.767,1.609,75.487,75.899
8654,57,2023-08-07,77094,1084.0,5.173,6.102,2.693,86.371,79.643
8655,57,2023-08-14,78582,1439.0,1.698,5.528,2.709,85.432,88.104
8656,57,2023-08-21,80223,517.0,2.547,5.395,1.376,75.481,68.482
8657,57,2023-08-28,81806,727.0,2.96,4.584,1.999,74.808,78.324
8658,57,2023-09-04,82610,583.0,3.519,7.127,1.097,77.334,81.712
8659,57,2023-09-11,83440,822.0,3.689,8.948,2.999,78.154,81.753
8660,57,2023-09-18,84533,1213.0,2.212,6.627,1.4,78.165,85.858
8661,57,2023-09-25,85911,838.0,3.825,4.06,1.361,75.265,74.001
8662,57,2023-10-02,87750,508.0,2.303,7.854,2.864,76.72,80.632
8663,57,2023-10-09,89371,458.0,2.164,7.938,1.768,77.439,88.038
8664,57,2023-10-16,90355,584.0,6.827,8.455,2.897,75.12,76.517
8665,57,2023-10-23,91011,921.0,2.44,6.415,1.859,73.844,71.143
8666,57,2023-10-30,92660,459.0,2.152,6.578,1.449,74.453,75.569
8667,57,2023-11-06,94718,693.0,4.647,6.552,2.052,74.187,79.983
8668,57,2023-11-13,95783,564.0,3.046,6.657,2.078,78.458,71.892
8669,57,2023-11-20,97638,893.0,4.479,7.639,3.065,77.124,78.576
8670,57,2023-11-27,98384,681.0,4.925,9.157,1.933,74.634,75.357
8671,57,2023-12-04,99307,952.0,0.152,10.145,2.574,83.5,73.794
8672,57,2023-12-11,100583,546.0,3.693,6.413,1.855,75.248,70.457
8673,57,2023-12-18,102202,777.0,2.315,8.476,1.841,74.332,79.167
8674,57,2023-12-25,103362,764.0,2.472,9.3,1.926,83.042,66.292
8675,57,2024-01-01,105130,483.0,2.743,7.667,1.281,78.172,72.053
8676,57,2024-01-15,106686,765.0,3.633,5.566,3.323,74.712,80.204
8677,57,2024-01-22,108158,1136.0,3.185,6.02,2.655,78.088,82.667
8678,57,2024-01-29,108824,820.0,3.154,5.14,2.763,77.451,76.182
8679,57,2024-02-05,110277,816.0,4.48,5.728,1.45,84.206,85.657
8680,57,2024-02-12,111729,983.0,3.861,12.918,1.949,74.78,84.766
8681,57,2024-02-19,113267,500.0,2.43,5.691,2.337,75.488,82.795
8682,57,2024-02-26,115171,923.0,2.622,1.686,1.574,76.269,82.241
8683,57,2024-03-04,116481,1001.0,2.732,7.788,2.48,74.357,81.054
8684,57,2024-03-11,118123,723.0,1.816,10.833,2.191,76.724,82.675
8685,57,2024-03-18,119966,926.0,2.651,5.954,2.799,74.856,78.654
8686,57,2024-03-25,121421,1025.0,2.783,6.053,1.49,77.954,76.904
8687,57,2024-04-01,122514,1137.0,5.785,14.422,2.566,77.894,74.231
8688,57,2024-04-08,123672,855.0,2.711,4.274,4.787,77.533,82.278
8689,57,2024-04-22,127028,1316.0,2.871,12.157,3.145,83.65,78.191
8690,57,2024-04-29,127732,928.0,3.714,5.143,2.781,73.628,70.347
8691,57,2024-05-06,129085,508.0,2.65,13.78,2.125,76.951,73.155
8692,57,2024-05-13,130782,980.0,2.952,7.965,1.88,76.092,69.874
8693,57,2024-05-20,132174,1112.0,2.251,5.081,2.957,76.847,80.6
8694,57,2024-05-27,133548,413.0,3.492,6.194,1.769,82.126,78.464
8695,57,2024-06-03,134307,785.0,3.178,4.681,3.186,77.871,85.691
8696,57,2024-06-10,135513,509.0,5.016,7.996,3.537,74.637,66.114
8697,57,2024-06-17,136102,563.0,2.652,6.249,2.968,76.866,83.754
8698,57,2024-06-24,137798,886.0,4.5,6.132,1.45,77.529,77.505
8699,57,2024-07-01,138527,447.0,1.907,9.515,1.579,75.195,74.25
8700,57,2024-07-08,139276,1233.0,2.262,3.97,2.481,78.181,80.915
8701,57,2024-07-15,140929,773.0,2.31,6.748,3.049,76.073,84.442
8702,57,2024-07-22,142449,709.0,2.552,3.538,1.468,80.427,84.473
8703,57,2024-07-29,143612,834.0,5.041,4.863,1.891,77.0,83.865
8704,57,2024-08-05,144560,467.0,3.854,8.283,1.341,74.581,76.266
8705,57,2024-08-12,145825,900.0,2.042,8.295,1.968,74.468,69.024
8706,57,2024-08-19,146888,929.0,3.128,7.018,2.603,76.601,80.551
8707,57,2024-08-26,147828,735.0,2.58,4.715,5.049,75.797,88.071
8708,57,2024-09-02,149325,572.0,3.696,4.238,2.807,75.735,88.237
8709,57,2024-09-09,149851,716.0,2.427,5.786,0.834,77.578,72.192
8710,57,2024-09-16,150963,648.0,1.967,9.895,1.538,75.597,84.976
8711,57,2024-09-23,152041,968.0,3.736,4.288,4.266,78.47,71.045
8712,57,2024-10-07,153866,846.0,3.972,4.895,2.168,78.267,87.768
8713,57,2024-10-14,155197,684.0,2.38,4.71,3.103,82.747,89.732
8714,57,2024-10-21,155943,697.0,4.687,6.027,2.0,75.257,82.645
8715,57,2024-10-28,157332,368.0,3.135,12.24,2.168,74.971,93.264
8716,57,2024-11-04,159300,727.0,2.777,6.423,1.944,76.056,72.926
8717,57,2024-11-11,160406,777.0,4.825,14.953,2.968,73.814,74.751
8718,57,2024-11-18,161970,677.0,3.14,5.806,0.973,75.51,81.759
8719,57,2024-11-25,162861,435.0,2.646,9.246,1.967,74.994,87.94
8720,57,2024-12-02,164004,425.0,3.723,9.829,1.653,74.938,65.936
8721,57,2024-12-09,165843,987.0,3.593,8.287,1.602,77.134,82.187
8722,57,2024-12-16,167582,1064.0,5.891,3.597,3.647,78.552,74.596
8723,57,2024-12-23,168705,1029.0,4.429,5.316,2.049,74.877,71.472
8724,57,2024-12-30,169360,812.0,2.14,8.068,3.289,82.417,80.831
8725,57,2025-01-06,171355,873.0,4.294,15.776,2.158,75.362,69.317
8726,57,2025-01-13,172645,630.0,2.527,6.163,1.546,75.664,75.455
8727,57,2025-01-20,174120,468.0,2.781,6.005,1.697,78.172,78.141
8728,57,2025-01-27,176059,596.0,2.467,5.978,0.939,81.991,81.334
8729,57,2025-02-03,177758,603.0,3.068,5.146,2.101,76.622,79.113
8730,57,2025-02-10,179463,1056.0,3.571,6.319,2.697,76.97,77.289
8731,57,2025-02-17,180755,1012.0,4.844,14.471,1.901,86.589,77.867
8732,57,2025-02-24,181917,892.0,3.598,8.757,3.067,75.42,87.038
8733,57,2025-03-03,183217,567.0,4.008,7.287,3.106,77.682,79.244
8734,57,2025-03-10,184792,573.0,4.956,7.731,4.569,78.09,71.553
8735,57,2025-03-17,185786,836.0,2.685,5.915,2.267,74.549,78.468
8736,57,2025-03-24,186574,658.0,4.698,6.049,1.575,79.562,76.465
8737,57,2025-03-31,188655,924.0,2.298,5.988,1.086,74.672,76.787
8738,57,2025-04-07,190689,794.0,2.102,2.61,3.479,75.871,85.138
8739,57,2025-04-14,191605,888.0,4.836,10.663,2.279,74.66,77.297
8740,57,2025-04-21,192067,901.0,3.373,4.966,1.954,77.69,86.475
8741,57,2025-04-28,193441,746.0,2.777,4.644,2.003,76.619,81.247
8742,57,2025-05-05,195649,1059.0,2.937,5.911,1.367,78.834,81.565
8743,57,2025-05-19,197043,815.0,3.252,5.447,5.457,77.366,74.364
8744,57,2025-05-26,198683,856.0,2.586,7.247,2.898,82.263,70.121
8745,57,2025-06-02,200041,1051.0,3.868,5.493,5.098,76.67,74.238
8746,57,2025-06-09,201153,583.0,3.519,7.127,1.097,77.334,81.712
8747,57,2025-06-16,202952,1683.0,3.268,13.837,2.109,74.197,70.802
8748,57,2025-06-23,203918,1327.0,4.255,6.646,2.323,76.617,81.996
8749,57,2025-06-30,205148,1661.0,3.532,4.277,2.774,75.399,73.591
8750,57,2025-07-07,206502,1274.0,2.69,7.211,1.91,74.098,81.936
8751,57,2025-07-14,207608,535.0,2.144,5.264,2.046,77.916,82.388
8752,57,2025-07-21,208512,893.0,2.353,4.81,1.708,76.62,81.586
8753,57,2025-07-28,209608,932.0,2.374,4.454,2.71,85.86,78.477
8754,57,2025-08-04,209801,777.0,2.396,3.568,5.149,75.784,72.402
8755,57,2025-08-11,210968,793.0,3.684,4.577,1.686,74.751,68.891
8756,57,2025-08-18,211667,1289.0,4.775,4.686,2.689,77.902,76.116
8757,57,2025-08-25,212595,420.0,2.684,6.879,1.809,77.088,70.669
8758,57,2025-09-01,213561,604.0,2.917,3.774,2.461,78.486,80.078
8759,57,2025-09-15,215726,1001.0,2.732,7.788,2.48,74.357,81.054
8760,57,2025-09-22,217134,603.0,5.575,8.25,5.079,75.332,83.457
8761,57,2025-09-29,218585,809.0,4.8,5.972,3.241,77.822,80.165
8762,57,2025-10-06,220075,563.0,2.934,13.86,1.766,74.508,78.465
8763,57,2025-10-13,221340,1037.0,3.113,5.453,0.143,76.445,83.413
8764,57,2025-10-20,222455,566.0,2.626,4.499,1.014,76.505,81.8
8765,57,2025-11-03,222943,554.0,0.386,5.417,1.654,73.954,80.709
8766,57,2025-11-10,223826,433.0,1.847,6.544,3.009,75.801,83.086
8767,57,2025-11-17,224838,832.0,4.223,7.56,3.225,75.455,77.696
8768,57,2025-11-24,227310,746.0,2.753,7.234,1.848,77.282,82.59
8769,57,2025-12-01,228805,639.0,2.854,4.879,2.445,77.924,81.104
8770,57,2025-12-08,229801,891.0,3.261,10.227,1.422,76.126,73.212
8771,57,2025-12-15,231229,132.0,2.063,5.912,3.209,77.523,74.862
8772,57,2025-12-22,233349,580.0,3.857,8.729,2.269,77.515,85.332
8773,57,2025-12-29,234512,504.0,2.653,5.573,2.677,76.325,82.618
8774,58,2023-01-02,101543,1326.0,2.652,7.314,3.801,79.731,81.678
8775,58,2023-01-09,102075,703.0,3.318,6.743,3.172,78.149,85.743
8776,58,2023-01-16,104451,613.0,2.246,7.847,2.93,85.206,74.735
8777,58,2023-01-23,105818,1159.0,5.488,6.002,2.429,78.019,76.218
8778,58,2023-01-30,106673,794.0,2.324,4.233,1.813,77.804,83.001
8779,58,2023-02-06,107971,930.0,3.69,4.771,3.155,86.932,82.331
8780,58,2023-02-13,109500,515.0,3.707,6.085,4.738,75.751,90.412
8781,58,2023-02-20,110351,742.0,2.715,5.798,1.457,76.282,81.023
8782,58,2023-02-27,111253,1077.0,2.571,6.883,2.561,79.512,78.086
8783,58,2023-03-06,113002,831.0,4.037,5.369,1.864,77.734,91.587
8784,58,2023-03-13,114273,1173.0,4.906,5.457,1.767,84.294,82.86
8785,58,2023-03-20,115602,634.0,2.87,5.2,1.207,80.343,78.147
8786,58,2023-03-27,117010,1052.0,3.627,6.564,1.798,75.018,91.827
8787,58,2023-04-03,118068,924.0,2.986,2.883,1.877,81.674,69.466
8788,58,2023-04-10,119332,667.0,2.92,4.93,1.289,82.284,82.125
8789,58,2023-04-17,121368,698.0,2.572,3.417,3.207,74.801,81.307
8790,58,2023-04-24,122840,655.0,2.299,7.068,2.704,76.867,80.545
8791,58,2023-05-01,124859,955.0,2.923,12.534,1.793,76.036,76.712
8792,58,2023-05-08,126341,993.0,2.696,9.31,1.618,77.012,88.287
8793,58,2023-05-15,127308,593.0,4.449,6.689,1.105,75.727,80.535
8794,58,2023-05-22,128035,503.0,2.895,7.121,4.889,76.842,81.492
8795,58,2023-05-29,129400,612.0,5.606,6.183,2.328,77.038,69.371
8796,58,2023-06-05,130262,434.0,2.942,4.513,1.579,75.402,80.814
8797,58,2023-06-12,131409,745.0,4.105,4.946,2.856,77.553,89.756
8798,58,2023-06-19,132795,666.0,3.758,7.839,2.775,75.864,79.589
8799,58,2023-06-26,133749,1448.0,2.315,6.833,1.648,77.227,79.919
8800,58,2023-07-03,134823,556.0,2.205,4.492,2.703,77.584,84.82
8801,58,2023-07-10,135663,909.0,4.35,6.204,1.572,76.799,81.439
8802,58,2023-07-17,137018,538.0,4.322,8.6,0.804,85.069,65.29
8803,58,2023-07-24,138033,701.0,2.553,4.298,3.178,82.937,73.911
8804,58,2023-07-31,139739,683.0,4.237,4.048,3.504,76.994,85.89
8805,58,2023-08-14,141422,758.0,3.781,5.982,2.202,77.653,73.496
8806,58,2023-08-21,142600,1138.0,3.427,5.932,2.734,74.686,72.42
8807,58,2023-08-28,143853,1312.0,3.534,4.122,2.098,75.821,88.653
8808,58,2023-09-04,145565,988.0,4.403,5.989,3.391,85.724,89.771
8809,58,2023-09-11,146586,686.0,2.846,7.773,3.969,77.385,68.751
8810,58,2023-09-18,147222,1545.0,2.603,8.186,2.176,76.415,84.514
8811,58,2023-09-25,147918,1593.0,4.689,5.715,1.446,77.574,85.931
8812,58,2023-10-02,149308,931.0,3.37,5.227,2.33,75.548,66.185
8813,58,2023-10-09,150786,591.0,4.869,7.86,2.782,76.005,66.667
8814,58,2023-10-16,152391,587.0,1.848,3.895,2.458,81.525,75.576
8815,58,2023-10-23,153984,498.0,1.733,6.479,3.092,74.764,82.698
8816,58,2023-10-30,154616,507.0,2.761,4.66,2.382,82.166,78.068
8817,58,2023-11-06,154859,624.0,2.204,5.359,3.022,75.434,80.361
8818,58,2023-11-13,156116,1048.0,3.864,5.192,1.773,75.46,79.651
8819,58,2023-11-20,157705,488.0,2.717,6.221,2.042,75.144,75.158
8820,58,2023-11-27,159349,443.0,4.69,9.527,5.549,78.422,69.233
8821,58,2023-12-04,160623,482.0,2.655,14.84,1.301,77.668,91.17
8822,58,2023-12-11,162258,750.0,4.434,5.451,3.659,75.041,75.405
8823,58,2023-12-18,163795,818.0,4.27,7.289,1.889,76.196,90.176
8824,58,2023-12-25,165811,1123.0,3.543,4.175,1.444,76.406,82.206
8825,58,2024-01-01,167503,887.0,0.522,7.795,3.458,77.095,83.344
8826,58,2024-01-08,168379,1149.0,3.907,5.361,2.362,77.361,77.367
8827,58,2024-01-15,169456,797.0,2.504,6.745,1.356,76.186,77.673
8828,58,2024-01-22,171000,787.0,2.838,8.8,1.523,77.893,80.512
8829,58,2024-01-29,172045,854.0,3.701,10.276,1.61,83.988,70.139
8830,58,2024-02-05,173898,528.0,1.752,6.896,2.975,76.745,79.356
8831,58,2024-02-12,174777,603.0,2.432,6.188,1.438,81.328,82.678
8832,58,2024-02-19,176242,1346.0,2.42,4.921,2.52,77.275,75.71
8833,58,2024-02-26,176665,1155.0,3.959,4.514,2.651,75.259,80.057
8834,58,2024-03-04,177722,996.0,2.559,4.837,1.908,75.14,79.481
8835,58,2024-03-11,178760,605.0,2.733,5.016,2.199,74.001,78.482
8836,58,2024-03-18,179540,539.0,2.279,10.868,2.45,81.481,78.081
8837,58,2024-03-25,180634,673.0,2.644,0.803,1.714,75.064,76.516
8838,58,2024-04-01,182243,1799.0,2.777,7.229,1.835,87.579,78.951
8839,58,2024-04-08,183179,686.0,2.831,6.842,2.524,82.867,68.398
8840,58,2024-04-15,184938,842.0,2.94,5.16,2.771,75.026,69.201
8841,58,2024-04-22,185963,542.0,2.447,5.62,2.644,76.533,74.459
8842,58,2024-04-29,187381,489.0,2.667,7.133,3.112,75.044,71.641
8843,58,2024-05-06,189494,815.0,5.712,5.511,2.275,77.788,88.95
8844,58,2024-05-13,191326,1365.0,4.307,8.691,1.342,80.062,82.198
8845,58,2024-05-20,192955,625.0,2.467,7.751,1.999,80.618,73.357
8846,58,2024-05-27,194096,769.0,3.1,6.704,2.905,76.835,81.912
8847,58,2024-06-03,196055,792.0,4.683,6.574,2.594,77.51,76.806
8848,58,2024-06-10,197725,727.0,4.191,7.896,2.311,76.455,81.635
8849,58,2024-06-17,198381,681.0,2.647,12.008,1.406,77.997,87.014
8850,58,2024-06-24,199087,502.0,2.313,13.897,1.782,80.428,68.93
8851,58,2024-07-01,199909,770.0,2.204,7.691,2.186,73.469,71.413
8852,58,2024-07-08,201931,451.0,1.706,7.099,1.495,76.266,76.103
8853,58,2024-07-15,202951,576.0,3.88,7.478,1.608,76.571,83.316
8854,58,2024-07-22,204335,668.0,2.07,9.945,3.033,77.023,79.072
8855,58,2024-07-29,206106,1113.0,2.124,3.685,2.329,75.078,68.69
8856,58,2024-08-05,207766,686.0,3.017,11.305,2.609,76.828,83.566
8857,58,2024-08-12,209083,869.0,3.905,5.31,0.785,78.411,78.79
8858,58,2024-08-19,210376,1004.0,2.678,5.285,1.139,75.658,70.064
8859,58,2024-08-26,211860,706.0,4.187,5.513,1.752,86.856,84.082
8860,58,2024-09-02,213155,1001.0,5.137,15.17,2.366,83.482,74.954
8861,58,2024-09-09,214095,610.0,3.147,6.204,1.265,77.12,72.148
8862,58,2024-09-16,215262,654.0,4.627,8.814,2.681,83.54,76.486
8863,58,2024-09-23,217231,431.0,1.906,7.298,2.987,76.112,82.626
8864,58,2024-09-30,219080,881.0,1.996,8.433,1.721,82.549,81.493
8865,58,2024-10-07,220313,908.0,3.471,5.526,0.722,76.62,77.353
8866,58,2024-10-21,221857,1419.0,3.132,5.877,1.826,83.164,90.768
8867,58,2024-10-28,223065,576.0,4.465,5.109,2.617,83.364,79.072
8868,58,2024-11-04,224776,611.0,2.547,3.683,2.622,77.69,80.115
8869,58,2024-11-11,226236,714.0,2.574,4.139,2.623,75.069,79.561
8870,58,2024-11-18,226925,473.0,3.703,8.014,2.837,77.571,81.749
8871,58,2024-11-25,228789,1000.0,2.738,7.05,2.979,77.641,70.936
8872,58,2024-12-02,230366,1334.0,3.647,8.172,1.721,75.758,79.197
8873,58,2024-12-09,231742,1087.0,5.029,5.622,1.408,73.38,83.784
8874,58,2024-12-16,233096,746.0,3.165,4.557,4.43,77.7,70.677
8875,58,2024-12-23,235003,931.0,2.451,4.064,2.528,76.442,73.348
8876,58,2024-12-30,236021,538.0,4.832,0.619,2.108,75.653,74.458
8877,58,2025-01-06,236909,661.0,3.894,13.463,1.789,78.934,70.801
8878,58,2025-01-20,238454,557.0,1.948,2.837,1.681,84.84,76.912
8879,58,2025-01-27,239062,633.0,3.968,8.283,1.184,76.355,75.192
8880,58,2025-02-03,240052,1241.0,2.692,6.765,3.226,76.566,78.076
8881,58,2025-02-10,240650,963.0,4.146,5.817,2.878,74.43,79.107
8882,58,2025-02-17,241701,503.0,3.812,7.087,3.133,77.315,84.948
8883,58,2025-02-24,242923,892.0,4.817,3.91,3.093,75.473,78.533
8884,58,2025-03-03,244308,1000.0,3.296,3.81,2.264,75.618,89.734
8885,58,2025-03-10,246582,866.0,4.222,9.86,2.873,76.291,76.242
8886,58,2025-03-17,247984,488.0,3.573,8.043,4.43,78.11,69.28
8887,58,2025-03-24,248978,675.0,4.16,6.661,3.523,74.962,74.819
8888,58,2025-03-31,250533,1088.0,4.249,6.234,1.495,78.509,89.8
8889,58,2025-04-07,252035,718.0,2.02,5.342,0.701,76.211,84.419
8890,58,2025-04-14,252815,537.0,3.193,4.889,2.687,75.003,69.794
8891,58,2025-04-21,253889,420.0,2.838,7.013,3.021,79.855,82.979
8892,58,2025-04-28,255486,1125.0,3.098,6.941,1.48,75.397,77.487
8893,58,2025-05-05,256126,818.0,2.989,14.207,2.401,77.752,75.026
8894,58,2025-05-12,257307,852.0,2.459,7.21,1.849,74.528,74.776
8895,58,2025-05-19,258766,357.0,2.277,6.615,2.694,80.664,86.879
8896,58,2025-05-26,260595,1248.0,4.176,0.928,2.994,78.47,75.122
8897,58,2025-06-09,262076,836.0,3.121,6.792,1.758,76.903,88.934
8898,58,2025-06-23,264339,782.0,4.265,7.513,2.962,76.459,76.314
8899,58,2025-06-30,265056,869.0,4.854,9.171,1.656,75.651,82.391
8900,58,2025-07-07,266227,492.0,2.033,5.736,6.942,81.553,71.257
8901,58,2025-07-14,268171,1020.0,2.619,18.498,2.809,75.828,92.505
8902,58,2025-07-21,270452,1306.0,4.781,8.903,1.803,74.649,83.386
8903,58,2025-07-28,271712,408.0,2.306,4.009,2.049,77.072,87.677
8904,58,2025-08-11,274135,461.0,2.726,2.979,0.747,74.496,70.987
8905,58,2025-08-18,274448,541.0,2.643,4.481,1.873,85.246,83.821
8906,58,2025-08-25,276159,988.0,4.512,6.588,1.944,77.625,71.053
8907,58,2025-09-01,277252,478.0,3.525,2.989,3.047,75.041,87.466
8908,58,2025-09-08,279654,476.0,2.484,3.703,2.095,78.444,78.341
8909,58,2025-09-15,280767,515.0,4.084,3.838,1.541,76.555,77.491
8910,58,2025-09-22,281782,455.0,4.759,13.971,2.449,80.6,75.812
8911,58,2025-09-29,283247,754.0,0.374,4.572,2.244,74.078,78.583
8912,58,2025-10-06,284985,599.0,3.821,8.738,2.828,77.484,78.46
8913,58,2025-10-13,285851,633.0,3.992,4.93,5.247,75.63,74.599
8914,58,2025-10-20,287186,586.0,2.504,6.584,1.641,78.258,76.983
8915,58,2025-10-27,288174,729.0,2.135,5.499,2.561,75.367,84.735
8916,58,2025-11-03,288532,614.0,2.087,14.022,1.249,82.289,75.204
8917,58,2025-11-10,290001,451.0,2.245,13.077,2.551,74.54,71.704
8918,58,2025-11-17,291606,1001.0,2.732,7.788,2.48,74.357,81.054
8919,58,2025-11-24,293072,539.0,4.871,5.502,2.097,82.116,80.092
8920,58,2025-12-01,294808,1255.0,2.352,5.632,2.074,76.538,70.951
8921,58,2025-12-08,295517,446.0,4.975,4.91,2.834,78.168,90.894
8922,58,2025-12-15,297614,548.0,1.988,8.271,2.32,73.87,84.295
8923,58,2025-12-22,298385,448.0,4.834,5.167,2.612,75.614,77.598
8924,58,2025-12-29,299147,420.0,2.648,9.613,5.693,76.399,76.937
