id,vehicle_id,driver_id,trip_date,route,miles_driven,fuel_gallons,fuel_cost,fuel_price_per_gallon,start_time,end_time
1,11,5,2024-03-28,University Area,164,14.1,71.31,5.06,06:47,14:17
2,58,13,2024-11-19,University Area,94,5.4,20.55,3.81,08:09,18:25
3,28,9,2024-03-21,Suburban North,183,8.6,53.37,6.21,07:26,18:09
4,32,6,2024-05-09,East Side Delivery,160,13.0,48.97,3.77,07:50,16:17
5,22,9,2023-07-12,Mall District,156,7.0,25.5,3.64,06:18,14:39
6,7,5,2024-07-04,Airport Route,161,6.9,26.74,3.88,08:19,14:36
7,57,11,2024-11-14,Industrial Park Route,111,6.6,28.22,4.28,08:18,18:27
8,56,11,2024-09-16,University Area,187,10.3,39.33,3.82,07:54,15:59
9,11,3,2024-11-25,Suburban North,131,11.3,40.62,3.59,07:09,18:05
10,50,13,2024-08-14,Industrial Park Route,145,6.9,28.37,4.11,08:01,17:20
11,24,4,2024-06-28,Airport Route,167,7.5,29.15,3.89,08:00,18:56
12,2,3,2023-11-10,Waterfront,218,9.5,35.85,3.77,06:22,16:43
13,3,5,2024-10-23,East Side Delivery,114,5.5,20.74,3.77,09:29,16:26
14,11,5,2023-09-17,Downtown Loop,153,13.2,45.41,3.44,08:17,16:55
15,45,13,2024-07-16,Waterfront,114,5.1,20.57,4.03,09:05,17:49
16,33,12,2023-09-10,East Side Delivery,130,10.4,42.13,4.05,07:30,17:18
17,31,4,2024-12-06,Highway Express,122,10.3,40.15,3.9,06:08,17:50
18,42,1,2023-08-28,Downtown Loop,159,9.0,38.03,4.23,09:10,18:44
19,46,13,2024-06-13,Downtown Loop,198,9.0,33.34,3.7,07:47,16:13
20,55,13,2024-04-17,Suburban North,238,21.7,79.74,3.67,07:06,17:57
21,15,5,2024-04-17,Suburban North,106,8.6,36.27,4.22,09:06,18:03
22,35,4,2024-03-18,Industrial Park Route,219,18.4,94.09,5.11,09:08,18:55
23,10,3,2024-05-24,Suburban North,144,12.0,42.9,3.58,08:01,17:03
24,11,7,2023-10-15,Mall District,190,16.4,63.65,3.88,09:19,18:30
25,51,13,2024-08-08,Waterfront,162,12.7,48.65,3.83,06:14,17:34
26,25,2,2024-12-02,Downtown Loop,105,4.8,19.62,4.09,06:03,16:55
27,47,13,2023-08-24,Suburban South,105,4.8,18.73,3.9,09:37,17:36
28,48,13,2024-08-31,East Side Delivery,156,7.6,25.36,3.34,09:47,15:41
29,4,3,2024-06-16,Industrial Park Route,79,3.6,15.1,4.2,07:20,15:30
30,43,4,2024-01-18,Industrial Park Route,147,8.0,30.26,3.78,08:47,18:40
31,50,11,2024-11-15,Highway Express,197,9.4,39.47,4.2,08:29,17:12
32,37,2,2024-08-24,Airport Route,102,8.3,33.25,4.01,08:51,18:07
33,36,8,2024-12-04,Downtown Loop,222,19.6,78.32,4.0,08:56,17:08
34,56,11,2024-12-09,Waterfront,210,11.5,45.74,3.98,09:47,18:56
35,3,3,2023-11-17,Industrial Park Route,162,7.9,31.38,3.97,08:28,16:40
36,43,9,2024-04-12,Mall District,166,9.0,43.31,4.81,07:08,18:50
37,46,11,2023-09-04,Highway Express,209,9.5,38.18,4.02,08:55,17:12
38,43,4,2024-07-03,Waterfront,159,8.6,33.57,3.9,09:47,15:31
39,19,3,2023-12-20,Downtown Loop,165,9.6,34.93,3.64,09:44,15:07
40,55,11,2024-12-03,Airport Route,183,16.7,64.33,3.85,08:59,14:43
41,56,11,2024-10-07,Industrial Park Route,243,13.3,50.66,3.81,06:07,16:35
42,40,6,2023-07-18,Downtown Loop,202,11.4,40.24,3.53,07:17,18:27
43,26,1,2023-12-21,Suburban South,170,7.5,29.29,3.91,08:06,15:59
44,51,13,2023-07-25,Suburban North,168,13.1,52.27,3.99,08:59,14:39
45,38,8,2023-09-13,Downtown Loop,159,12.8,50.64,3.96,06:14,16:08
46,46,11,2024-10-12,East Side Delivery,170,7.8,29.62,3.8,06:00,14:03
47,36,12,2024-09-23,Waterfront,90,8.0,27.07,3.38,06:03,17:48
48,54,11,2024-12-13,Airport Route,193,16.4,67.49,4.12,07:02,16:12
49,8,14,2023-09-01,Mall District,204,9.7,37.52,3.87,06:51,16:09
50,43,1,2024-09-19,Industrial Park Route,135,7.3,29.28,4.01,08:58,17:36
51,4,3,2024-04-05,University Area,168,7.8,41.76,5.35,07:42,16:10
52,6,7,2024-01-20,East Side Delivery,123,5.4,21.25,3.94,07:38,18:34
53,32,4,2023-09-18,Mall District,90,7.3,27.62,3.78,08:26,18:09
54,27,6,2023-09-20,East Side Delivery,163,7.5,31.99,4.27,07:58,14:56
55,6,5,2023-11-30,Airport Route,116,5.1,19.61,3.84,08:58,16:09
56,56,13,2024-02-10,East Side Delivery,105,5.8,21.99,3.79,06:28,16:08
57,6,10,2023-11-01,Mall District,163,7.1,26.93,3.79,08:35,17:36
58,15,14,2023-12-21,Industrial Park Route,192,15.7,60.46,3.85,07:31,15:57
59,52,11,2024-05-02,East Side Delivery,147,11.8,45.03,3.82,07:47,15:18
60,49,11,2024-04-11,Highway Express,174,8.3,46.28,5.58,09:50,18:03
61,43,4,2023-12-02,East Side Delivery,76,4.1,14.15,3.45,06:42,18:24
62,14,10,2024-01-21,Mall District,89,7.3,27.31,3.74,07:04,18:26
63,25,4,2024-08-27,Industrial Park Route,168,7.6,28.81,3.79,08:55,17:20
64,40,2,2023-07-06,Highway Express,163,9.2,34.15,3.71,06:25,18:55
65,56,13,2024-12-25,Waterfront,114,6.3,24.01,3.81,09:30,16:50
66,20,3,2024-02-01,Downtown Loop,155,8.3,34.55,4.16,07:55,14:18
67,3,10,2024-11-28,Suburban North,175,8.5,31.81,3.74,09:35,17:29
68,5,15,2023-07-08,Waterfront,159,7.5,28.61,3.81,07:40,17:45
69,44,6,2023-08-01,East Side Delivery,176,9.8,38.82,3.96,09:31,17:41
70,22,6,2024-10-10,Suburban South,137,6.2,22.59,3.64,08:23,15:34
71,7,3,2024-04-09,Suburban South,163,7.0,37.83,5.4,07:10,14:20
72,12,5,2023-12-21,Downtown Loop,123,10.3,40.78,3.96,07:18,14:35
73,1,7,2024-05-07,Suburban North,114,5.5,21.38,3.89,08:58,18:37
74,28,12,2024-10-25,Airport Route,164,7.7,25.93,3.37,07:57,17:46
75,51,13,2024-03-09,Airport Route,102,8.0,41.24,5.16,09:39,16:58
76,58,11,2023-08-28,Suburban North,222,12.7,44.7,3.52,07:02,16:46
77,29,12,2024-12-10,East Side Delivery,159,6.7,23.42,3.5,06:24,14:47
78,5,5,2024-06-21,Mall District,124,5.9,23.35,3.96,07:49,15:02
79,22,12,2023-07-31,Downtown Loop,108,4.9,19.1,3.9,09:42,17:46
80,51,13,2023-07-05,Airport Route,178,13.9,54.19,3.9,09:14,14:37
81,50,11,2023-11-06,Downtown Loop,160,7.6,28.32,3.73,08:01,17:24
82,52,13,2024-07-19,University Area,108,8.7,29.3,3.37,08:20,17:51
83,18,14,2024-11-07,Mall District,137,7.2,27.31,3.79,08:53,18:11
84,27,9,2023-08-16,Mall District,177,8.2,31.85,3.88,09:46,16:32
85,7,10,2023-09-14,Downtown Loop,80,3.4,12.82,3.77,07:13,16:20
86,6,7,2023-09-12,Suburban South,105,4.6,18.0,3.91,06:18,16:57
87,52,11,2024-06-13,Waterfront,137,11.0,42.31,3.85,09:30,16:58
88,21,12,2023-12-04,Mall District,81,3.6,14.21,3.95,07:18,16:59
89,38,1,2024-06-05,Suburban North,97,7.8,31.33,4.02,06:09,15:52
90,46,13,2024-05-17,Highway Express,175,8.0,32.8,4.1,08:40,15:48
91,53,11,2024-07-03,Airport Route,130,10.9,43.69,4.01,07:06,16:39
92,55,11,2024-12-06,East Side Delivery,188,17.1,63.01,3.68,09:17,14:03
93,34,1,2023-11-13,Suburban North,113,9.6,39.1,4.07,08:02,14:51
94,37,4,2023-08-31,Waterfront,191,15.5,56.85,3.67,08:58,15:29
95,14,7,2024-02-02,Suburban North,149,12.2,44.44,3.64,06:09,14:06
96,16,7,2024-04-04,Highway Express,87,4.9,25.93,5.29,07:28,18:31
97,14,5,2023-11-20,East Side Delivery,58,4.7,17.23,3.67,07:20,15:44
98,15,15,2023-12-29,Highway Express,104,8.5,33.49,3.94,07:11,14:36
99,19,3,2023-07-27,Downtown Loop,161,9.3,37.25,4.01,06:48,14:09
100,41,8,2023-08-30,Downtown Loop,190,10.9,39.74,3.65,08:41,18:29
101,17,15,2023-07-03,Highway Express,221,12.8,48.33,3.78,06:59,18:17
102,15,15,2023-11-17,East Side Delivery,109,8.9,37.44,4.21,08:04,15:44
103,9,5,2024-09-19,Industrial Park Route,175,15.3,62.73,4.1,08:30,16:38
104,48,11,2023-12-22,Airport Route,163,8.0,30.93,3.87,07:42,14:39
105,50,13,2024-08-02,Waterfront,219,10.4,40.57,3.9,07:08,16:14
106,46,11,2023-09-08,Downtown Loop,106,4.8,18.54,3.86,06:07,18:15
107,54,11,2023-07-03,Mall District,221,18.7,72.04,3.85,08:34,18:05
108,37,2,2023-09-29,Suburban North,120,9.8,35.28,3.6,06:17,15:39
109,49,11,2024-12-18,Downtown Loop,189,9.0,36.56,4.06,09:52,18:15
110,36,2,2024-06-05,Mall District,163,14.4,56.53,3.93,08:43,17:34
111,44,9,2023-11-24,East Side Delivery,137,7.6,29.59,3.89,09:00,14:47
112,55,11,2024-04-11,University Area,162,14.8,80.78,5.46,07:28,14:21
113,16,5,2024-12-09,East Side Delivery,207,11.7,45.79,3.91,09:14,15:20
114,52,13,2024-03-14,University Area,151,12.1,64.82,5.36,07:05,17:39
115,31,9,2024-08-05,Highway Express,212,18.0,67.93,3.77,06:41,18:51
116,30,1,2024-09-11,Highway Express,207,9.0,34.05,3.78,08:12,18:59
117,47,13,2024-01-24,University Area,146,6.7,26.28,3.92,07:20,17:34
118,23,4,2024-05-14,Mall District,188,8.5,31.89,3.75,09:04,14:20
119,22,4,2024-01-24,Suburban South,150,6.7,26.36,3.93,06:02,15:01
120,43,2,2024-12-06,Highway Express,92,5.0,19.33,3.87,09:20,15:28
121,57,11,2023-10-19,Downtown Loop,133,8.0,30.73,3.84,07:07,14:00
122,6,15,2024-03-21,University Area,152,6.7,32.44,4.84,07:14,15:08
123,51,13,2023-12-13,East Side Delivery,187,14.6,52.97,3.63,07:57,16:04
124,13,10,2023-09-14,Waterfront,49,4.2,15.47,3.68,09:24,16:31
125,5,5,2023-09-29,Industrial Park Route,137,6.5,24.15,3.71,09:31,17:44
126,24,1,2024-10-01,Airport Route,144,6.5,27.09,4.17,08:56,16:07
127,52,11,2023-11-05,Suburban North,106,8.5,31.45,3.7,08:24,14:26
128,15,15,2023-10-10,Airport Route,196,16.0,66.2,4.14,08:31,17:14
129,15,3,2023-12-30,East Side Delivery,154,12.6,47.07,3.74,07:31,15:29
130,31,4,2024-03-04,Mall District,140,11.9,64.39,5.41,07:07,14:57
131,9,3,2024-03-21,East Side Delivery,173,15.1,81.02,5.37,06:52,14:22
132,10,15,2023-09-04,East Side Delivery,185,15.5,63.4,4.09,08:58,16:31
133,39,2,2024-04-18,Industrial Park Route,32,1.8,5.62,3.12,09:22,16:50
134,49,13,2023-09-22,Mall District,103,4.9,20.21,4.12,06:03,17:39
135,4,14,2024-06-06,Waterfront,166,7.7,29.85,3.88,06:31,16:17
136,33,12,2024-06-15,Waterfront,139,11.1,44.79,4.03,06:47,14:26
137,46,13,2023-09-22,Industrial Park Route,158,7.2,26.28,3.65,09:24,17:43
138,35,1,2024-06-26,Highway Express,168,14.1,49.97,3.54,08:10,14:40
139,50,13,2024-12-23,Downtown Loop,93,4.4,17.23,3.92,08:44,15:59
140,31,9,2024-03-05,University Area,184,15.6,90.55,5.8,08:21,17:44
141,24,12,2024-02-02,Mall District,180,8.1,31.38,3.87,08:54,15:25
142,38,4,2023-10-13,Suburban South,133,10.7,42.55,3.98,07:07,18:05
143,39,1,2023-12-26,University Area,180,9.9,38.87,3.93,09:19,18:11
144,46,13,2023-09-28,Waterfront,108,4.9,17.86,3.65,06:07,18:16
145,9,5,2024-08-24,University Area,162,14.2,55.83,3.93,09:32,16:42
146,56,13,2024-08-26,University Area,151,8.3,31.95,3.85,06:19,17:58
147,24,6,2024-04-11,University Area,169,7.6,39.84,5.24,08:52,18:36
148,26,2,2024-01-16,East Side Delivery,177,7.8,28.54,3.66,09:32,17:29
149,37,9,2024-02-29,Suburban South,115,9.4,35.18,3.74,09:55,15:50
150,57,11,2024-11-25,Airport Route,141,8.4,32.52,3.87,06:28,17:27
151,14,10,2024-07-19,University Area,166,13.6,52.68,3.87,07:35,15:24
152,13,10,2023-12-05,Waterfront,195,16.5,61.4,3.72,07:00,14:20
153,47,11,2024-03-06,Waterfront,146,6.7,35.74,5.33,08:06,14:23
154,58,11,2024-03-04,Industrial Park Route,159,9.1,52.41,5.76,07:37,18:55
155,57,13,2023-12-07,Downtown Loop,143,8.6,33.85,3.94,06:16,16:53
156,39,6,2023-10-31,Industrial Park Route,88,4.9,19.51,3.98,06:25,16:33
157,2,10,2024-12-26,University Area,213,9.2,37.21,4.04,08:19,15:17
158,3,7,2023-10-24,University Area,106,5.2,20.75,3.99,08:49,18:49
159,25,4,2024-11-26,Suburban South,209,9.5,36.06,3.8,06:29,15:53
160,9,10,2023-11-24,Waterfront,195,17.1,64.6,3.78,07:32,15:04
161,4,3,2024-04-06,Highway Express,140,6.5,34.7,5.34,07:39,17:49
162,10,3,2024-01-04,Industrial Park Route,66,5.5,20.19,3.67,08:32,16:49
163,6,7,2023-07-24,Suburban South,201,8.8,33.99,3.86,07:45,15:30
164,18,7,2024-08-15,University Area,69,3.6,13.87,3.85,06:57,14:45
165,20,5,2023-08-17,Downtown Loop,190,10.2,39.65,3.89,09:41,18:51
166,58,13,2023-09-14,East Side Delivery,177,10.1,38.89,3.85,07:57,18:57
167,27,2,2024-10-22,Highway Express,102,4.7,17.86,3.8,08:15,17:00
168,44,6,2024-05-06,Suburban South,248,13.8,51.99,3.77,08:31,14:55
169,16,5,2024-06-04,Highway Express,146,8.3,29.3,3.53,07:33,14:23
170,33,8,2024-03-04,University Area,175,14.0,75.42,5.39,06:12,16:53
171,38,9,2024-08-28,Industrial Park Route,144,11.6,48.21,4.16,09:28,18:56
172,4,7,2024-03-17,Mall District,100,4.6,23.6,5.13,06:12,18:05
173,13,3,2024-02-13,Highway Express,166,14.1,54.0,3.83,08:51,14:19
174,21,2,2024-01-05,Downtown Loop,241,10.7,41.83,3.91,09:36,16:12
175,52,11,2024-09-12,East Side Delivery,43,3.5,12.51,3.57,06:06,16:37
176,8,5,2024-02-09,Waterfront,148,7.0,28.76,4.11,08:31,14:59
177,3,5,2024-02-28,Highway Express,179,8.7,32.49,3.73,06:34,18:48
178,10,14,2024-11-19,East Side Delivery,102,8.5,32.87,3.87,09:23,17:35
179,8,10,2024-03-15,Suburban South,174,8.3,48.34,5.82,09:51,14:35
180,37,4,2024-09-12,East Side Delivery,77,6.3,24.04,3.82,09:19,15:27
181,17,10,2024-05-07,Suburban South,120,6.9,27.63,4.0,07:04,15:31
182,18,3,2023-08-21,East Side Delivery,189,9.9,39.69,4.01,07:46,16:45
183,31,9,2024-08-18,Industrial Park Route,176,14.9,59.13,3.97,08:59,14:39
184,57,11,2024-11-19,East Side Delivery,126,7.5,29.42,3.92,08:04,14:20
185,9,15,2024-08-12,Suburban North,69,6.0,23.17,3.86,07:34,17:56
186,52,13,2023-12-29,Waterfront,230,18.5,71.85,3.88,08:40,14:26
187,9,7,2024-08-29,Suburban North,160,14.0,49.49,3.53,09:47,18:51
188,55,13,2023-10-11,Mall District,152,13.9,46.44,3.34,07:23,18:30
189,15,10,2024-03-21,Airport Route,50,4.1,23.51,5.74,08:56,15:07
190,8,3,2024-02-15,Suburban North,182,8.6,33.8,3.93,09:42,15:43
191,4,3,2024-10-23,Mall District,165,7.6,31.07,4.09,07:34,14:37
192,7,7,2024-07-01,Industrial Park Route,87,3.7,14.96,4.04,06:57,16:55
193,26,1,2023-10-26,Highway Express,179,7.9,28.72,3.64,07:30,18:11
194,14,14,2024-02-08,Suburban North,224,18.3,72.86,3.98,06:59,18:53
195,21,6,2024-06-13,Suburban South,167,7.4,27.71,3.74,06:22,18:28
196,12,14,2024-12-08,Mall District,186,15.6,59.27,3.8,09:18,18:45
197,53,11,2024-10-02,Downtown Loop,178,15.0,59.15,3.94,09:43,16:04
198,51,13,2024-11-14,Airport Route,139,10.9,43.96,4.03,07:10,18:17
199,46,11,2023-12-18,Industrial Park Route,165,7.5,30.87,4.12,09:40,18:07
200,32,9,2024-07-23,University Area,183,14.8,52.23,3.53,09:37,14:55
201,18,10,2024-09-09,East Side Delivery,157,8.3,34.4,4.14,09:26,17:45
202,27,6,2024-03-22,Suburban North,143,6.6,35.75,5.42,07:06,14:43
203,26,2,2024-08-01,East Side Delivery,209,9.2,34.42,3.74,07:09,18:12
204,57,11,2023-12-03,Mall District,173,10.4,37.11,3.57,06:14,16:02
205,9,15,2024-01-12,Downtown Loop,126,11.0,43.88,3.99,07:54,15:32
206,37,9,2024-06-27,Suburban North,133,10.8,46.4,4.3,08:51,17:56
207,21,6,2023-09-09,Suburban North,189,8.4,33.97,4.04,09:22,15:46
208,32,4,2023-09-06,Industrial Park Route,206,16.7,64.9,3.89,06:40,14:26
209,14,14,2024-09-16,Airport Route,179,14.6,55.42,3.8,09:11,18:06
210,26,2,2024-11-26,East Side Delivery,100,4.4,17.93,4.07,09:25,18:04
211,35,2,2024-08-06,Suburban North,144,12.1,47.29,3.91,08:58,14:28
212,53,11,2024-03-28,Highway Express,136,11.5,63.63,5.53,08:38,17:46
213,25,6,2024-11-07,University Area,241,10.9,42.16,3.87,07:20,16:39
214,41,4,2024-07-03,University Area,168,9.7,37.42,3.86,09:02,17:29
215,35,9,2024-03-09,Suburban South,154,13.0,70.02,5.39,06:06,17:13
216,33,1,2024-11-03,Waterfront,91,7.3,30.6,4.19,06:23,15:19
217,11,15,2024-04-16,Industrial Park Route,163,14.1,52.0,3.69,08:45,15:47
218,47,11,2024-03-19,Suburban North,157,7.2,38.76,5.38,07:42,16:49
219,9,3,2024-07-22,Suburban North,105,9.2,33.3,3.62,09:06,18:12
220,14,7,2023-11-29,Suburban South,163,13.3,50.64,3.81,07:23,17:14
221,44,2,2024-11-11,Suburban South,155,8.6,33.23,3.86,06:26,17:18
222,22,12,2024-10-15,Suburban North,158,7.1,26.32,3.71,07:29,17:38
223,51,13,2023-07-13,East Side Delivery,40,3.1,11.79,3.8,09:54,16:47
224,27,8,2024-01-13,Downtown Loop,64,3.0,11.92,3.97,07:24,16:34
225,33,8,2024-08-23,Waterfront,230,18.4,67.31,3.66,06:47,14:50
226,58,13,2024-08-27,Waterfront,139,7.9,31.74,4.02,06:24,17:16
227,36,8,2024-09-24,East Side Delivery,78,6.9,25.46,3.69,08:17,15:10
228,12,14,2023-10-31,Downtown Loop,126,10.6,40.04,3.78,06:50,14:40
229,12,14,2024-07-03,Industrial Park Route,182,15.3,58.46,3.82,09:54,17:08
230,40,12,2023-12-12,Waterfront,112,6.3,23.46,3.72,07:57,16:15
231,25,12,2023-07-03,Highway Express,151,6.8,25.88,3.81,08:46,16:22
232,49,13,2024-08-09,Suburban North,151,7.2,29.2,4.06,07:59,18:02
233,13,15,2023-10-23,Mall District,172,14.6,54.16,3.71,06:23,15:44
234,22,2,2023-09-24,Industrial Park Route,131,5.9,21.08,3.57,08:51,16:38
235,41,1,2024-08-09,East Side Delivery,168,9.7,37.97,3.91,06:55,14:14
236,43,1,2024-12-27,Airport Route,195,10.6,43.49,4.1,06:12,14:11
237,27,2,2024-02-07,Suburban North,157,7.3,27.79,3.81,08:48,17:15
238,16,5,2024-05-26,Industrial Park Route,122,6.9,27.3,3.96,09:13,16:50
239,24,2,2024-06-11,Downtown Loop,173,7.8,30.1,3.86,07:46,14:12
240,54,13,2024-02-01,Waterfront,56,4.7,19.59,4.17,08:03,18:52
241,18,3,2024-04-23,University Area,155,8.2,31.54,3.85,06:46,14:56
242,43,12,2023-08-28,Highway Express,150,8.1,30.85,3.81,09:44,14:49
243,44,8,2023-09-27,Suburban North,175,9.7,34.45,3.55,07:30,17:30
244,34,12,2024-04-03,Suburban South,122,10.4,54.58,5.25,09:14,17:44
245,40,2,2023-12-06,Mall District,87,4.9,19.25,3.93,07:57,14:43
246,54,11,2024-09-19,East Side Delivery,105,8.9,34.08,3.83,08:28,14:59
247,6,10,2023-10-30,Highway Express,150,6.6,25.78,3.91,08:47,17:22
248,57,11,2024-05-30,Waterfront,168,10.1,38.43,3.8,06:20,15:36
249,55,11,2024-06-26,East Side Delivery,89,8.1,30.31,3.74,08:36,16:28
250,27,4,2023-07-31,Airport Route,128,5.9,22.55,3.82,06:24,18:52
251,21,9,2023-07-28,Mall District,143,6.3,23.58,3.74,09:17,15:32
252,24,9,2024-04-17,Airport Route,244,11.0,42.8,3.89,06:20,18:26
253,7,10,2024-07-24,East Side Delivery,56,2.4,10.15,4.23,08:07,16:03
254,2,15,2024-06-16,Downtown Loop,126,5.5,21.88,3.98,07:07,14:15
255,49,11,2024-11-18,Industrial Park Route,96,4.6,16.42,3.57,06:22,14:03
256,6,3,2024-12-25,Mall District,153,6.7,25.09,3.74,09:05,17:02
257,24,12,2024-06-11,Highway Express,148,6.7,23.86,3.56,08:24,16:42
258,10,7,2023-08-07,Airport Route,154,12.9,48.66,3.77,09:14,17:50
259,38,9,2023-12-29,Waterfront,126,10.1,37.89,3.75,09:45,15:27
260,18,15,2023-08-31,Mall District,193,10.1,40.16,3.98,07:37,16:36
261,37,4,2023-09-24,University Area,118,9.6,35.75,3.72,08:04,17:26
262,24,12,2023-07-29,Suburban North,113,5.1,22.5,4.41,09:14,18:49
263,32,1,2024-03-11,Airport Route,98,7.9,46.35,5.87,06:37,17:55
264,29,12,2024-11-22,Mall District,105,4.4,18.23,4.14,06:04,16:30
265,28,6,2024-07-02,East Side Delivery,177,8.3,33.97,4.09,09:57,16:27
266,11,3,2024-05-19,Downtown Loop,149,12.9,50.37,3.9,07:46,16:44
267,2,5,2024-07-24,Mall District,144,6.3,23.55,3.74,09:10,16:37
268,19,7,2023-10-16,University Area,133,7.7,29.79,3.87,06:13,15:54
269,58,13,2024-01-14,Suburban North,149,8.5,33.01,3.88,08:34,17:59
270,58,11,2023-07-05,Mall District,139,7.9,27.08,3.43,07:55,15:12
271,31,8,2024-01-25,Waterfront,176,14.9,59.93,4.02,06:59,16:59
272,3,5,2024-11-09,Downtown Loop,166,8.1,31.33,3.87,08:34,17:24
273,20,7,2024-09-16,Suburban South,150,8.1,32.61,4.03,08:51,18:26
274,14,3,2023-07-31,Airport Route,105,8.6,32.45,3.77,09:18,14:10
275,39,8,2023-11-18,Downtown Loop,169,9.3,34.52,3.71,09:01,14:50
276,26,4,2024-07-05,Downtown Loop,190,8.4,32.83,3.91,06:00,16:10
277,53,11,2024-05-22,Mall District,159,13.4,53.93,4.02,09:39,14:43
278,35,12,2023-10-16,East Side Delivery,76,6.4,25.57,4.0,09:28,17:21
279,14,3,2024-08-10,Suburban South,131,10.7,41.41,3.87,07:26,16:38
280,36,8,2023-11-13,Airport Route,87,7.7,30.48,3.96,06:06,18:28
281,35,8,2024-06-05,Suburban North,139,11.7,43.68,3.73,08:27,14:24
282,11,3,2023-08-15,Waterfront,127,11.0,44.71,4.06,08:55,16:01
283,54,13,2023-12-14,East Side Delivery,151,12.8,49.66,3.88,08:58,14:54
284,4,15,2024-12-14,East Side Delivery,197,9.1,33.91,3.73,08:38,16:30
285,5,14,2024-07-24,Airport Route,73,3.5,14.27,4.08,08:30,16:18
286,57,11,2024-11-21,Airport Route,184,11.0,43.96,4.0,07:13,17:27
287,55,13,2024-05-21,Airport Route,95,8.7,36.29,4.17,08:22,14:51
288,15,10,2024-09-04,University Area,99,8.1,31.34,3.87,06:41,17:59
289,9,7,2024-04-23,Downtown Loop,119,10.4,38.15,3.67,07:04,16:28
290,44,6,2024-08-18,Suburban South,123,6.8,26.47,3.89,07:50,14:26
291,56,11,2024-09-12,University Area,126,6.9,26.79,3.88,08:29,15:08
292,8,3,2023-09-22,Highway Express,159,7.6,28.61,3.76,06:41,16:32
293,16,5,2024-04-12,University Area,154,8.7,43.63,5.01,08:19,17:45
294,24,1,2023-08-29,Suburban South,213,9.6,37.29,3.88,07:45,18:00
295,50,13,2024-01-24,Industrial Park Route,118,5.6,21.78,3.89,06:45,15:51
296,6,14,2024-02-17,Suburban South,171,7.5,30.32,4.04,06:14,17:54
297,45,13,2023-12-04,Suburban North,146,6.5,27.9,4.29,09:44,14:21
298,56,13,2024-03-01,Airport Route,160,8.8,50.2,5.7,07:11,14:04
299,6,15,2024-03-05,Downtown Loop,175,7.7,45.33,5.89,07:17,16:01
300,43,12,2023-09-10,Airport Route,156,8.5,31.6,3.72,08:32,16:00
301,43,6,2024-11-22,East Side Delivery,118,6.4,24.55,3.84,07:43,18:09
302,24,9,2024-03-03,Suburban South,158,7.1,40.87,5.76,08:13,14:42
303,12,3,2023-12-13,Mall District,154,12.9,48.47,3.76,06:27,14:30
304,22,2,2024-07-05,Highway Express,186,8.4,35.56,4.23,07:27,16:39
305,6,15,2024-01-15,Suburban North,176,7.7,29.8,3.87,06:25,15:44
306,8,15,2024-04-29,Suburban North,164,7.8,30.94,3.97,09:56,15:36
307,42,4,2023-09-21,Airport Route,92,5.2,21.81,4.19,08:09,14:31
308,31,9,2024-09-26,Industrial Park Route,188,15.9,61.11,3.84,06:55,17:15
309,3,15,2023-11-20,Industrial Park Route,70,3.4,12.91,3.8,09:01,15:16
310,12,15,2023-11-27,Suburban South,152,12.8,43.76,3.42,07:19,15:05
311,2,5,2024-05-27,Suburban North,156,6.8,27.57,4.05,07:55,14:30
312,31,12,2024-09-11,Suburban South,168,14.2,55.22,3.89,08:50,16:53
313,26,1,2023-10-02,Airport Route,181,8.0,32.19,4.02,06:55,16:05
314,58,11,2024-11-20,Airport Route,81,4.6,17.05,3.71,06:02,17:46
315,47,13,2024-08-09,University Area,108,4.9,18.08,3.69,09:16,18:24
316,3,10,2024-10-10,Highway Express,157,7.6,30.0,3.95,09:25,14:52
317,16,15,2023-10-10,Waterfront,180,10.2,40.4,3.96,08:30,14:25
318,15,7,2024-03-13,Mall District,157,12.8,76.9,6.01,08:33,16:24
319,48,13,2024-03-22,Suburban North,243,11.9,62.88,5.28,07:58,16:50
320,14,14,2023-09-17,Suburban South,200,16.4,62.05,3.78,07:56,14:21
321,4,7,2023-11-20,Mall District,187,8.6,32.48,3.78,08:30,15:15
322,39,4,2023-08-08,Industrial Park Route,106,5.8,22.59,3.89,07:11,15:19
323,35,4,2023-09-05,Airport Route,120,10.1,37.83,3.75,08:06,17:59
324,27,4,2024-08-23,Waterfront,175,8.1,32.17,3.97,09:05,18:06
325,54,13,2024-05-16,East Side Delivery,125,10.6,39.01,3.68,08:27,17:24
326,50,11,2023-10-13,University Area,169,8.0,31.76,3.97,06:06,17:06
327,35,8,2024-01-03,Airport Route,75,6.3,22.06,3.5,09:24,18:29
328,50,11,2023-09-13,Waterfront,230,11.0,43.95,4.0,08:50,14:28
329,32,2,2024-01-19,Industrial Park Route,156,12.6,48.06,3.81,06:18,17:19
330,15,7,2024-01-30,East Side Delivery,128,10.4,40.23,3.87,09:17,16:15
331,18,10,2024-12-12,East Side Delivery,131,6.9,27.41,3.97,09:42,16:59
332,32,12,2024-07-18,Downtown Loop,201,16.3,59.93,3.68,06:01,14:42
333,2,10,2024-08-16,Waterfront,124,5.4,20.89,3.87,09:55,17:26
334,51,11,2024-04-14,Mall District,173,13.5,57.88,4.29,09:38,16:25
335,11,15,2023-07-12,Suburban South,213,18.4,67.44,3.67,08:05,16:53
336,45,11,2024-07-25,Industrial Park Route,137,6.1,24.98,4.1,06:42,16:36
337,18,10,2023-10-26,Suburban North,125,6.6,23.32,3.53,08:02,18:00
338,43,12,2024-12-06,East Side Delivery,146,7.9,31.48,3.99,06:29,18:26
339,33,6,2023-12-26,University Area,193,15.5,52.31,3.37,09:49,14:23
340,45,11,2024-01-28,Suburban North,181,8.0,30.46,3.81,06:49,16:36
341,56,11,2024-11-16,Airport Route,175,9.6,37.2,3.88,06:23,18:19
342,8,5,2023-10-23,Highway Express,128,6.1,24.99,4.1,07:09,15:18
343,18,3,2024-09-26,Downtown Loop,168,8.8,35.11,3.99,08:49,15:33
344,38,1,2024-05-07,University Area,167,13.5,55.22,4.09,06:56,15:00
345,1,3,2024-08-01,Airport Route,252,12.1,45.36,3.75,09:18,14:53
346,32,9,2023-07-31,Highway Express,39,3.2,12.56,3.92,08:17,17:53
347,2,10,2024-03-25,Highway Express,201,8.7,48.91,5.62,06:56,14:17
348,6,15,2024-03-19,East Side Delivery,169,7.4,39.29,5.31,08:49,16:03
349,21,6,2024-01-18,Highway Express,166,7.3,29.77,4.08,07:45,15:51
350,3,3,2024-01-17,Suburban North,61,3.0,11.65,3.88,08:27,17:58
351,6,5,2024-10-08,Mall District,160,7.0,26.26,3.75,06:17,17:10
352,16,3,2024-12-23,Industrial Park Route,191,10.8,44.78,4.15,06:20,17:50
353,18,10,2024-01-14,East Side Delivery,111,5.8,21.53,3.71,07:30,14:23
354,36,8,2024-04-30,University Area,174,15.4,59.9,3.89,09:23,18:12
355,31,6,2023-11-13,Waterfront,162,13.7,57.05,4.16,07:32,17:54
356,29,4,2024-12-17,East Side Delivery,169,7.1,29.44,4.15,07:23,15:58
357,8,3,2024-04-15,Airport Route,181,8.6,32.7,3.8,06:45,17:50
358,9,15,2023-08-23,Industrial Park Route,52,4.6,17.07,3.71,06:50,17:15
359,4,14,2024-08-19,Waterfront,181,8.4,31.47,3.75,08:55,17:11
360,39,4,2023-10-13,Highway Express,148,8.2,28.35,3.46,07:09,14:12
361,49,13,2024-04-22,Highway Express,132,6.3,23.44,3.72,07:45,16:20
362,37,9,2024-06-25,Suburban North,161,13.1,48.17,3.68,09:46,14:06
363,49,13,2023-11-27,Mall District,55,2.6,9.54,3.67,08:23,16:10
364,1,14,2023-10-30,Suburban South,194,9.3,34.42,3.7,08:17,15:43
365,49,13,2024-03-01,Suburban South,75,3.6,20.97,5.82,08:19,14:46
366,10,7,2023-09-17,Suburban South,126,10.5,44.25,4.21,08:56,14:13
367,3,14,2024-01-02,Waterfront,154,7.5,27.44,3.66,09:34,14:55
368,53,13,2024-05-30,Industrial Park Route,161,13.6,52.01,3.82,06:55,18:38
369,58,13,2024-04-12,Airport Route,179,10.2,62.41,6.12,09:11,14:37
370,45,13,2024-07-09,Airport Route,182,8.1,30.53,3.77,07:35,18:39
371,4,10,2024-11-26,Waterfront,153,7.1,26.48,3.73,07:52,14:15
372,41,2,2023-08-23,Suburban South,97,5.6,20.23,3.61,06:54,16:59
373,21,2,2023-10-27,Waterfront,202,8.9,34.29,3.85,07:17,18:26
374,56,13,2023-09-21,East Side Delivery,173,9.5,36.64,3.86,09:32,17:36
375,1,3,2024-04-15,East Side Delivery,114,5.5,21.41,3.89,06:22,15:00
376,30,4,2024-09-16,Mall District,183,7.9,32.59,4.13,09:14,14:31
377,22,1,2024-10-30,East Side Delivery,121,5.4,21.62,4.0,09:17,16:32
378,17,10,2023-12-26,University Area,172,10.0,39.0,3.9,07:27,18:01
379,36,8,2024-09-20,University Area,210,18.6,72.94,3.92,08:36,15:23
380,3,14,2024-03-18,Downtown Loop,158,7.7,43.24,5.62,07:00,17:33
381,22,6,2024-08-16,Suburban North,81,3.6,15.14,4.21,08:55,14:08
382,23,1,2024-11-20,Suburban South,77,3.5,13.95,3.99,06:21,14:36
383,51,11,2024-03-01,Suburban North,128,10.0,55.42,5.54,07:51,17:38
384,8,14,2024-10-16,Suburban North,115,5.5,19.39,3.53,07:24,18:56
385,56,11,2024-05-08,Highway Express,137,7.5,30.06,4.01,08:45,16:01
386,9,7,2023-08-25,University Area,80,7.0,27.65,3.95,06:21,15:53
387,16,3,2023-08-17,Highway Express,183,10.4,43.02,4.14,08:49,18:54
388,51,13,2024-01-09,East Side Delivery,217,17.0,69.3,4.08,09:34,14:25
389,4,5,2024-05-03,East Side Delivery,240,11.1,46.01,4.14,06:49,18:32
390,41,6,2024-06-10,Suburban North,117,6.7,27.49,4.1,07:14,18:22
391,42,9,2023-10-17,East Side Delivery,146,8.3,32.72,3.94,08:15,15:49
392,47,11,2024-11-18,University Area,116,5.3,22.69,4.28,06:25,15:48
393,44,1,2024-02-02,Highway Express,199,11.0,42.98,3.91,07:33,16:06
394,14,5,2024-08-22,Waterfront,146,11.9,46.3,3.89,08:14,14:29
395,43,8,2024-09-15,Suburban South,83,4.5,16.78,3.73,08:17,15:29
396,30,1,2023-11-02,Highway Express,119,5.2,21.74,4.18,06:20,17:48
397,50,11,2024-05-15,Industrial Park Route,127,6.0,22.91,3.82,09:44,15:14
398,39,6,2024-08-11,Mall District,110,6.1,23.42,3.84,06:52,15:59
399,51,11,2024-03-29,Industrial Park Route,198,15.5,82.12,5.3,09:23,18:52
400,40,8,2024-10-10,Mall District,146,8.2,29.98,3.66,08:42,14:28
401,52,11,2024-04-04,Suburban North,129,10.4,56.9,5.47,09:58,14:14
402,15,14,2023-12-13,Industrial Park Route,201,16.4,60.43,3.68,07:30,16:59
403,1,7,2024-02-07,Mall District,142,6.8,26.79,3.94,07:21,17:24
404,10,5,2024-02-21,Airport Route,133,11.1,43.0,3.87,06:23,16:53
405,1,14,2024-11-05,Suburban North,177,8.5,35.17,4.14,08:16,16:27
406,11,3,2024-09-11,Mall District,212,18.3,72.32,3.95,09:05,15:50
407,11,5,2024-04-18,Airport Route,189,16.3,60.51,3.71,06:12,17:11
408,29,12,2024-08-27,Downtown Loop,201,8.5,29.48,3.47,08:50,14:04
409,52,11,2024-05-07,Airport Route,205,16.5,66.67,4.04,08:40,16:31
410,35,4,2024-06-23,Mall District,183,15.4,59.94,3.89,09:05,17:03
411,48,13,2024-10-04,Suburban North,162,7.9,30.34,3.84,09:09,14:13
412,38,6,2024-06-25,Mall District,154,12.4,48.14,3.88,07:07,17:06
413,45,13,2024-06-15,Airport Route,126,5.6,20.55,3.67,08:27,15:32
414,42,1,2024-10-01,Suburban North,103,5.8,24.33,4.2,09:04,16:31
415,40,9,2024-04-19,Airport Route,248,14.0,57.8,4.13,08:03,16:35
416,7,5,2024-05-29,Suburban North,190,8.2,33.47,4.08,09:11,18:09
417,3,5,2023-07-13,Waterfront,107,5.2,20.43,3.93,07:01,16:33
418,17,14,2024-04-12,Mall District,102,5.9,32.86,5.57,09:17,17:40
419,4,15,2024-05-30,East Side Delivery,85,3.9,14.6,3.74,06:27,15:13
420,8,5,2024-09-19,Mall District,183,8.7,35.18,4.04,07:45,17:21
421,56,13,2024-06-18,Mall District,132,7.2,28.52,3.96,07:11,17:22
422,32,6,2024-02-23,Airport Route,210,17.0,67.15,3.95,06:53,15:35
423,22,8,2024-07-29,Suburban South,126,5.7,21.43,3.76,07:19,16:45
424,55,11,2023-11-28,University Area,194,17.7,70.54,3.99,09:24,17:31
425,19,10,2023-10-26,Industrial Park Route,139,8.1,32.76,4.04,09:24,17:33
426,54,11,2023-12-12,Downtown Loop,219,18.6,64.48,3.47,06:01,16:14
427,7,15,2024-11-18,Suburban North,135,5.8,21.84,3.77,07:31,16:00
428,10,5,2023-09-07,Downtown Loop,181,15.1,60.41,4.0,07:32,15:13
429,24,1,2023-07-14,Industrial Park Route,150,6.7,28.26,4.22,06:34,17:38
430,32,12,2024-05-31,Suburban South,113,9.1,36.8,4.04,09:52,17:33
431,8,7,2024-02-16,Suburban South,172,8.2,33.53,4.09,06:28,15:40
432,18,15,2024-06-21,Highway Express,173,9.1,33.83,3.72,09:36,17:52
433,30,6,2023-09-20,Industrial Park Route,181,7.8,29.79,3.82,07:49,15:15
434,17,14,2024-10-12,Mall District,213,12.3,47.67,3.88,06:07,17:36
435,10,10,2023-08-02,Highway Express,175,14.6,65.14,4.46,08:20,17:30
436,34,2,2024-05-22,Airport Route,211,18.0,71.36,3.96,09:47,16:44
437,54,11,2023-12-24,Industrial Park Route,154,13.1,46.97,3.59,09:07,18:59
438,44,4,2023-10-01,Mall District,185,10.3,42.01,4.08,09:38,18:55
439,9,7,2023-10-12,East Side Delivery,136,11.9,43.87,3.69,08:09,16:00
440,15,14,2023-12-26,East Side Delivery,123,10.0,37.18,3.72,09:06,17:35
441,15,15,2023-09-01,Mall District,182,14.8,55.32,3.74,06:34,18:10
442,15,3,2024-03-14,East Side Delivery,195,15.9,80.36,5.05,08:11,17:40
443,13,14,2024-07-24,Industrial Park Route,149,12.6,49.41,3.92,08:44,14:43
444,12,3,2024-05-28,Highway Express,109,9.2,34.09,3.71,06:55,14:12
445,36,9,2024-05-31,Industrial Park Route,122,10.8,43.31,4.01,07:52,16:02
446,13,15,2023-09-11,East Side Delivery,197,16.7,67.82,4.06,08:35,16:14
447,44,4,2023-12-02,Airport Route,119,6.6,27.58,4.18,07:04,17:45
448,29,9,2023-12-08,Mall District,214,9.1,36.36,4.0,07:46,18:14
449,21,9,2023-11-06,Industrial Park Route,64,2.8,11.08,3.96,08:24,14:23
450,50,13,2023-11-24,University Area,99,4.7,18.38,3.91,07:22,14:22
451,23,2,2023-11-17,Industrial Park Route,206,9.3,39.58,4.26,08:54,14:18
452,34,8,2023-10-10,Suburban North,148,12.6,48.81,3.87,09:26,16:23
453,13,15,2024-08-15,Suburban South,118,10.0,37.28,3.73,08:47,15:12
454,29,1,2024-10-29,Downtown Loop,142,6.0,21.51,3.59,09:51,16:27
455,12,3,2024-06-03,Mall District,213,17.9,73.87,4.13,07:48,16:08
456,54,11,2024-01-22,Industrial Park Route,101,8.6,34.52,4.01,08:19,14:31
457,5,14,2024-12-11,Downtown Loop,228,10.8,41.01,3.8,09:39,15:00
458,6,10,2024-05-31,Suburban North,139,6.1,26.36,4.32,06:14,17:18
459,19,15,2024-04-22,Suburban North,124,7.2,29.24,4.06,09:55,15:52
460,54,11,2023-10-02,Waterfront,100,8.5,35.28,4.15,09:02,15:05
461,23,2,2023-12-24,Industrial Park Route,179,8.0,28.63,3.58,06:57,17:45
462,38,1,2023-12-07,University Area,100,8.1,31.76,3.92,07:11,14:56
463,18,7,2023-12-02,Airport Route,147,7.7,31.58,4.1,07:37,14:09
464,40,9,2024-08-22,Suburban North,135,7.6,30.0,3.95,09:19,18:19
465,27,8,2024-09-07,Industrial Park Route,113,5.2,19.94,3.83,08:41,17:56
466,25,2,2023-09-07,East Side Delivery,123,5.6,21.21,3.79,07:43,16:45
467,49,13,2024-05-09,Downtown Loop,138,6.6,25.42,3.85,06:18,16:10
468,58,11,2024-03-12,Downtown Loop,184,10.5,57.21,5.45,06:44,14:42
469,50,11,2023-09-20,Industrial Park Route,149,7.1,24.88,3.5,07:21,18:07
470,3,3,2023-10-11,Airport Route,129,6.3,25.19,4.0,09:46,18:07
471,55,11,2024-12-11,Downtown Loop,188,17.1,63.56,3.72,08:13,14:03
472,32,1,2023-10-12,Suburban North,104,8.4,31.24,3.72,09:10,17:33
473,3,3,2024-01-04,Waterfront,192,9.3,35.67,3.84,06:30,17:56
474,15,14,2024-08-21,Highway Express,117,9.5,37.02,3.9,09:04,18:43
475,51,11,2023-09-19,Industrial Park Route,179,14.0,52.03,3.72,08:01,15:33
476,45,11,2024-07-19,Mall District,177,7.9,30.8,3.9,06:34,18:32
477,18,15,2024-08-22,Airport Route,120,6.3,25.1,3.98,08:50,16:05
478,13,3,2023-07-02,University Area,105,8.9,36.16,4.06,07:58,17:58
479,40,2,2024-05-20,University Area,271,15.3,59.69,3.9,06:04,15:50
480,32,9,2023-11-28,Suburban North,145,11.7,45.6,3.9,08:47,18:58
481,18,10,2024-07-06,Industrial Park Route,125,6.6,28.94,4.38,07:07,16:21
482,30,2,2023-08-24,Highway Express,147,6.4,25.35,3.96,09:14,15:43
483,8,3,2024-05-05,Suburban North,192,9.1,36.81,4.05,07:36,18:18
484,33,12,2024-04-07,Highway Express,165,13.2,67.5,5.11,06:06,18:18
485,33,2,2023-11-28,Downtown Loop,95,7.6,27.77,3.65,07:04,14:28
486,20,3,2024-10-04,Suburban North,117,6.3,24.36,3.87,07:57,15:08
487,56,11,2024-11-27,Mall District,141,7.7,31.22,4.05,08:42,16:49
488,9,5,2024-03-22,University Area,167,14.6,80.65,5.52,08:02,15:06
489,10,5,2023-08-21,Downtown Loop,151,12.6,50.28,3.99,08:02,14:07
490,27,4,2024-02-23,Airport Route,97,4.5,19.34,4.3,08:14,16:00
491,22,9,2024-12-12,Waterfront,83,3.7,14.43,3.9,07:08,18:28
492,51,13,2023-12-23,Suburban South,98,7.7,27.41,3.56,06:12,14:28
493,7,15,2024-05-25,Mall District,130,5.6,22.79,4.07,08:26,15:29
494,6,14,2024-10-19,Suburban South,160,7.0,27.63,3.95,09:42,14:48
495,55,11,2024-05-27,Waterfront,195,17.8,63.53,3.57,08:04,18:28
496,41,1,2023-11-28,Highway Express,124,7.1,26.09,3.67,07:20,16:33
497,53,13,2024-10-27,Airport Route,214,18.0,70.72,3.93,09:11,14:41
498,27,8,2024-04-02,Industrial Park Route,117,5.4,28.61,5.3,08:19,15:53
499,31,1,2023-07-19,Downtown Loop,104,8.8,30.17,3.43,07:17,15:33
500,55,11,2024-05-03,Industrial Park Route,180,16.4,67.42,4.11,08:10,15:16
501,51,13,2024-05-17,University Area,192,15.0,54.66,3.64,07:19,17:23
502,22,6,2023-09-13,Mall District,172,7.7,30.6,3.97,06:00,14:21
503,43,4,2024-04-04,University Area,156,8.5,50.72,5.97,09:17,18:01
504,9,15,2023-12-05,University Area,170,14.9,59.46,3.99,08:33,17:57
505,26,1,2024-04-12,Suburban North,155,6.8,38.72,5.69,06:58,17:01
506,43,12,2023-11-13,East Side Delivery,180,9.8,34.58,3.53,06:41,16:38
507,4,10,2024-10-10,Waterfront,161,7.4,29.36,3.97,06:52,18:48
508,30,4,2024-02-12,Suburban North,148,6.4,22.23,3.47,09:39,18:08
509,30,6,2024-04-22,Downtown Loop,169,7.3,26.53,3.63,07:37,14:47
510,17,15,2023-08-01,Suburban North,91,5.3,20.68,3.9,08:20,14:21
511,40,1,2024-04-16,University Area,152,8.6,34.53,4.02,09:43,16:10
512,53,13,2024-05-02,Industrial Park Route,125,10.5,38.28,3.65,08:26,15:26
513,35,8,2023-07-04,Airport Route,158,13.3,52.5,3.95,06:52,15:06
514,9,7,2024-10-25,University Area,162,14.2,53.95,3.8,09:56,18:02
515,1,3,2024-06-16,East Side Delivery,138,6.6,24.14,3.66,06:54,14:01
516,1,7,2024-01-08,Suburban North,149,7.1,26.62,3.75,06:37,15:18
517,19,14,2024-03-22,East Side Delivery,118,6.8,34.66,5.1,09:33,16:24
518,33,8,2024-01-22,Highway Express,75,6.0,22.51,3.75,06:55,15:33
519,5,15,2024-02-28,Mall District,100,4.7,19.67,4.18,08:47,15:37
520,1,15,2024-12-26,Waterfront,69,3.3,12.79,3.88,08:48,15:43
521,44,4,2024-08-14,Suburban South,187,10.4,40.32,3.88,09:34,15:00
522,38,12,2024-05-31,Airport Route,110,8.9,39.27,4.41,07:48,17:40
523,17,10,2024-03-11,East Side Delivery,181,10.5,51.88,4.94,06:58,16:55
524,44,12,2024-11-01,University Area,171,9.5,35.34,3.72,09:45,16:31
525,51,13,2024-05-30,Industrial Park Route,151,11.8,45.58,3.86,09:25,17:06
526,3,3,2024-03-23,Highway Express,178,8.7,51.62,5.93,07:47,17:13
527,35,9,2024-07-26,Industrial Park Route,112,9.4,35.76,3.8,08:32,16:53
528,38,6,2023-11-01,East Side Delivery,169,13.6,56.07,4.12,09:14,18:27
529,38,6,2024-10-17,Industrial Park Route,88,7.1,28.89,4.07,08:02,17:56
530,31,8,2024-06-06,Downtown Loop,150,12.7,51.15,4.03,09:17,18:19
531,46,13,2024-09-18,Mall District,193,8.8,34.35,3.9,09:10,17:59
532,26,2,2024-10-31,Suburban South,159,7.0,28.97,4.14,07:15,17:44
533,37,9,2023-08-10,Mall District,140,11.4,45.34,3.98,08:53,18:59
534,7,7,2024-01-31,Suburban South,142,6.1,24.15,3.96,07:03,15:13
535,16,3,2024-09-15,Mall District,193,10.9,41.69,3.82,09:18,18:14
536,40,4,2024-02-26,Downtown Loop,147,8.3,33.05,3.98,08:26,18:46
537,30,2,2023-07-03,University Area,86,3.7,15.41,4.16,06:21,17:23
538,31,8,2023-12-27,East Side Delivery,145,12.3,46.9,3.81,08:26,15:21
539,49,11,2023-09-26,Mall District,96,4.6,17.4,3.78,08:43,16:08
540,24,8,2024-10-01,Airport Route,164,7.4,29.09,3.93,09:54,17:08
541,12,3,2023-10-13,Mall District,191,16.0,63.42,3.96,08:28,16:18
542,33,9,2023-08-03,Suburban North,81,6.5,24.7,3.8,09:38,15:42
543,7,14,2023-07-17,Highway Express,116,5.0,19.36,3.87,06:16,15:14
544,16,5,2024-01-30,Airport Route,217,12.3,44.43,3.61,07:54,15:32
545,45,11,2023-10-20,Mall District,181,8.0,30.68,3.84,06:32,14:13
546,54,13,2023-10-25,Suburban North,157,13.3,47.65,3.58,08:15,16:20
547,20,3,2023-10-24,Industrial Park Route,147,7.9,33.63,4.26,08:50,17:44
548,46,13,2024-11-19,Waterfront,203,9.3,39.15,4.21,07:16,18:03
549,43,1,2023-08-03,Industrial Park Route,127,6.9,24.12,3.5,06:11,17:05
550,21,4,2024-05-22,East Side Delivery,208,9.2,35.55,3.86,08:02,15:36
551,6,14,2024-06-07,Mall District,148,6.5,25.86,3.98,07:17,16:02
552,2,3,2024-03-22,Highway Express,155,6.7,32.64,4.87,07:34,18:41
553,4,10,2024-04-21,Suburban South,163,7.5,27.93,3.72,09:44,17:52
554,44,12,2023-10-09,East Side Delivery,151,8.4,30.78,3.66,09:49,15:43
555,35,6,2024-09-13,Mall District,144,12.1,43.46,3.59,08:08,16:43
556,46,13,2024-09-23,University Area,96,4.4,18.41,4.18,06:06,17:32
557,13,15,2024-11-26,University Area,90,7.6,28.66,3.77,08:43,18:13
558,38,2,2024-09-09,Downtown Loop,174,14.0,53.25,3.8,09:00,14:06
559,50,13,2024-07-28,Mall District,166,7.9,30.91,3.91,06:44,16:45
560,10,14,2024-03-04,Suburban South,105,8.8,47.77,5.43,07:16,15:00
561,14,3,2024-11-21,Highway Express,72,5.9,25.04,4.24,07:18,15:48
562,25,9,2023-08-02,Suburban North,153,6.9,27.34,3.96,07:17,17:39
563,22,12,2024-11-27,University Area,160,7.2,28.34,3.94,09:21,16:29
564,47,13,2024-07-21,University Area,72,3.3,13.55,4.11,06:16,18:25
565,21,6,2023-11-02,Industrial Park Route,107,4.7,18.05,3.84,09:55,15:37
566,1,5,2024-07-18,Downtown Loop,170,8.2,31.28,3.81,06:06,16:07
567,46,13,2024-03-26,Highway Express,144,6.6,35.72,5.41,07:12,14:18
568,11,5,2024-04-04,Downtown Loop,168,14.5,79.3,5.47,09:37,17:56
569,49,11,2024-09-11,Suburban North,205,9.8,38.97,3.98,06:18,15:59
570,5,5,2024-02-20,Waterfront,178,8.5,32.09,3.78,09:25,17:06
571,32,9,2024-04-21,Suburban North,123,10.0,35.33,3.53,07:48,18:38
572,36,6,2024-06-07,Airport Route,261,23.1,81.23,3.52,07:17,15:04
573,42,8,2024-02-27,Airport Route,138,7.8,29.75,3.81,09:21,17:51
574,30,8,2024-06-17,Suburban South,142,6.2,24.36,3.93,08:30,15:04
575,17,15,2024-04-03,Suburban South,147,8.5,48.6,5.72,07:13,15:48
576,26,8,2023-09-18,Airport Route,132,5.8,20.77,3.58,09:01,18:40
577,20,5,2023-07-05,East Side Delivery,113,6.1,24.05,3.94,06:15,14:37
578,28,1,2024-07-02,Suburban South,112,5.3,21.84,4.12,09:07,16:59
579,24,2,2024-06-17,Downtown Loop,221,9.9,37.14,3.75,09:25,15:43
580,51,11,2024-11-14,Mall District,143,11.2,40.76,3.64,09:49,18:25
581,30,1,2023-11-17,Highway Express,120,5.2,20.33,3.91,08:50,18:56
582,44,4,2024-06-05,Waterfront,156,8.7,34.2,3.93,06:25,14:44
583,44,8,2024-09-17,Industrial Park Route,140,7.8,29.37,3.77,07:05,18:27
584,48,11,2024-07-15,Mall District,188,9.2,37.69,4.1,07:23,16:23
585,18,7,2023-10-06,Mall District,184,9.7,37.79,3.9,09:25,16:13
586,51,11,2024-10-17,Suburban South,142,11.1,41.02,3.7,07:33,15:32
587,49,11,2024-08-14,Industrial Park Route,137,6.6,25.19,3.82,09:35,15:30
588,5,5,2023-07-20,Suburban North,56,2.7,11.87,4.4,08:47,14:21
589,54,11,2023-08-10,Suburban South,120,10.2,38.56,3.78,08:12,18:19
590,44,1,2023-10-24,Waterfront,150,8.3,32.61,3.93,07:20,18:37
591,4,3,2023-08-31,Mall District,106,4.9,19.27,3.93,08:06,14:23
592,19,10,2024-01-03,Industrial Park Route,108,6.3,23.64,3.75,09:20,15:05
593,29,2,2024-02-18,Highway Express,162,6.9,24.77,3.59,08:08,18:31
594,12,10,2024-07-28,Suburban North,119,10.0,38.61,3.86,08:29,18:39
595,4,10,2023-08-17,Downtown Loop,93,4.3,15.65,3.64,07:26,15:08
596,4,15,2024-03-13,Waterfront,221,10.2,55.89,5.48,09:43,14:50
597,1,5,2023-12-25,University Area,140,6.7,29.07,4.34,06:43,15:07
598,21,12,2023-11-24,Waterfront,246,10.9,40.93,3.75,08:11,14:29
599,9,7,2024-09-10,Industrial Park Route,123,10.8,42.06,3.89,09:10,14:55
600,15,10,2023-07-24,Waterfront,150,12.2,48.9,4.01,07:19,17:53
601,57,11,2023-10-30,Highway Express,107,6.4,25.09,3.92,09:15,18:26
602,23,6,2024-03-20,Airport Route,209,9.4,49.86,5.3,08:48,14:03
603,39,4,2024-02-01,Mall District,199,11.0,45.23,4.11,07:53,16:30
604,39,12,2024-08-17,Mall District,245,13.5,50.87,3.77,07:20,15:20
605,5,14,2024-01-18,Industrial Park Route,119,5.7,21.23,3.72,08:29,16:39
606,19,15,2024-09-27,Suburban South,170,9.9,37.64,3.8,09:25,18:29
607,43,8,2024-12-12,Highway Express,125,6.8,24.05,3.54,08:08,17:39
608,53,13,2024-09-21,Suburban South,139,11.7,46.79,4.0,09:10,14:01
609,24,6,2024-09-20,University Area,95,4.3,15.86,3.69,09:27,14:22
610,7,5,2023-11-28,Waterfront,161,6.9,26.14,3.79,09:01,17:09
611,39,2,2023-08-10,Airport Route,190,10.5,39.06,3.72,09:26,14:09
612,35,2,2023-10-26,University Area,207,17.4,65.92,3.79,07:17,16:39
613,33,6,2024-02-27,Suburban South,164,13.1,51.11,3.9,09:42,14:43
614,19,5,2024-11-14,Waterfront,188,10.9,41.98,3.85,09:20,17:19
615,51,13,2024-01-11,Suburban South,111,8.7,32.37,3.72,08:47,16:53
616,23,4,2024-02-08,East Side Delivery,131,5.9,23.41,3.97,09:28,16:47
617,53,13,2024-04-09,Airport Route,149,12.5,64.95,5.2,06:30,14:30
618,2,3,2024-01-05,Mall District,92,4.0,14.63,3.66,06:47,17:23
619,31,1,2023-07-01,Suburban South,185,15.7,60.13,3.83,06:01,14:41
620,26,1,2024-09-04,Highway Express,184,8.1,32.34,3.99,08:34,14:00
621,53,13,2024-02-11,Highway Express,124,10.4,40.42,3.89,08:16,16:51
622,23,2,2023-12-21,University Area,61,2.7,10.28,3.81,09:24,15:32
623,58,11,2023-12-13,Suburban North,134,7.6,28.48,3.75,07:36,16:59
624,11,14,2024-06-24,Waterfront,149,12.9,45.24,3.51,08:29,18:58
625,54,11,2024-09-15,East Side Delivery,119,10.1,40.0,3.96,07:24,17:59
626,36,9,2024-04-29,East Side Delivery,167,14.8,58.65,3.96,08:05,18:40
627,52,11,2023-10-05,Downtown Loop,135,10.8,36.36,3.37,09:05,17:01
628,54,13,2024-08-13,University Area,172,14.6,54.33,3.72,06:44,15:45
629,14,7,2024-07-18,Suburban North,195,16.0,59.34,3.71,06:05,14:04
630,12,15,2024-07-07,Highway Express,164,13.8,52.89,3.83,06:44,15:29
631,48,11,2023-09-22,Airport Route,110,5.4,19.96,3.7,08:57,16:24
632,24,9,2023-07-18,Mall District,109,4.9,18.72,3.82,06:48,18:27
633,46,13,2024-06-13,Waterfront,76,3.5,13.54,3.87,08:43,16:15
634,50,11,2024-03-08,Downtown Loop,208,9.9,54.4,5.5,07:20,15:08
635,11,7,2023-09-22,Mall District,203,17.5,71.06,4.06,09:01,16:27
636,56,13,2024-04-01,Suburban North,96,5.3,28.23,5.33,07:16,16:49
637,40,8,2024-11-21,Mall District,170,9.6,39.0,4.06,08:47,14:45
638,58,11,2024-04-04,Highway Express,120,6.8,34.61,5.09,06:12,18:02
639,24,12,2024-04-05,Waterfront,118,5.3,30.35,5.73,09:00,18:21
640,36,1,2023-09-09,Waterfront,165,14.6,55.14,3.78,09:12,16:59
641,36,2,2024-11-07,Downtown Loop,173,15.3,55.83,3.65,09:35,16:48
642,11,10,2024-02-07,Suburban North,162,14.0,48.33,3.45,08:15,17:11
643,1,7,2024-08-03,Mall District,194,9.3,35.17,3.78,06:37,14:31
644,47,11,2024-10-25,Suburban North,145,6.6,27.23,4.13,07:56,18:47
645,50,13,2023-07-12,Suburban South,214,10.2,40.38,3.96,06:37,17:03
646,19,3,2023-10-19,Suburban South,228,13.2,53.21,4.03,09:56,14:38
647,19,3,2024-11-27,Downtown Loop,206,11.9,47.24,3.97,09:15,14:57
648,47,13,2023-07-14,Waterfront,175,8.0,29.44,3.68,06:32,17:20
649,58,13,2024-12-03,Airport Route,148,8.4,33.18,3.95,08:33,14:59
650,41,8,2023-08-07,Highway Express,132,7.6,26.47,3.48,09:51,18:30
651,41,6,2023-12-20,Airport Route,194,11.1,41.91,3.78,06:55,17:53
652,58,13,2024-12-19,Suburban South,113,6.4,23.78,3.72,07:26,14:42
653,3,5,2024-02-23,Highway Express,196,9.5,34.16,3.6,08:56,16:12
654,25,9,2023-10-02,Airport Route,165,7.5,30.02,4.0,09:57,16:46
655,13,7,2023-12-23,Mall District,48,4.1,15.4,3.76,09:30,14:49
656,9,10,2024-07-30,Industrial Park Route,122,10.7,42.08,3.93,09:14,17:02
657,50,13,2023-10-08,Airport Route,123,5.9,22.49,3.81,08:35,15:46
658,53,13,2024-03-14,Highway Express,126,10.6,57.13,5.39,07:45,14:29
659,42,9,2024-01-20,University Area,163,9.2,35.5,3.86,07:56,14:17
660,18,10,2023-12-05,Industrial Park Route,112,5.9,26.28,4.45,07:35,15:22
661,11,10,2024-04-24,Industrial Park Route,112,9.7,36.49,3.76,09:18,18:54
662,49,11,2024-09-12,Suburban South,223,10.7,38.64,3.61,09:49,15:14
663,16,5,2023-12-10,University Area,151,8.6,29.6,3.44,09:54,16:41
664,29,6,2024-01-26,Airport Route,127,5.4,19.82,3.67,06:34,18:36
665,31,2,2023-12-28,Suburban South,153,13.0,46.24,3.56,07:02,17:49
666,57,13,2023-10-24,Industrial Park Route,163,9.8,37.01,3.78,07:39,18:59
667,54,11,2023-11-07,Downtown Loop,144,12.2,43.18,3.54,06:06,17:22
668,38,9,2024-04-20,Highway Express,61,4.9,18.74,3.82,07:52,17:42
669,24,12,2023-11-10,Suburban South,162,7.3,27.09,3.71,09:45,15:45
670,58,13,2024-04-18,Suburban North,174,9.9,41.28,4.17,09:00,15:00
671,29,2,2023-07-14,Waterfront,160,6.8,26.27,3.86,08:27,17:37
672,27,1,2024-09-05,Industrial Park Route,131,6.1,22.65,3.71,09:11,15:45
673,19,14,2023-09-07,Mall District,159,9.2,35.32,3.84,09:07,16:06
674,18,10,2023-11-03,Highway Express,119,6.3,24.05,3.82,09:14,17:05
675,25,12,2024-04-24,Airport Route,204,9.2,37.55,4.08,06:33,14:43
676,40,9,2024-12-12,Suburban North,179,10.1,39.23,3.88,08:19,17:39
677,7,3,2024-03-21,Highway Express,171,7.4,40.26,5.44,09:06,15:55
678,11,3,2023-07-27,University Area,182,15.7,57.42,3.66,07:31,15:42
679,12,5,2024-12-20,Highway Express,109,9.2,33.44,3.63,07:28,17:14
680,50,13,2023-11-15,Suburban South,96,4.6,18.25,3.97,06:38,18:59
681,51,13,2023-11-11,Mall District,158,12.4,47.61,3.84,08:12,14:38
682,54,13,2024-04-30,Downtown Loop,171,14.5,54.91,3.79,09:42,15:26
683,49,11,2024-10-08,East Side Delivery,119,5.7,22.96,4.03,06:35,14:40
684,40,8,2024-10-09,Downtown Loop,158,8.9,35.03,3.94,08:04,17:11
685,50,11,2024-10-28,East Side Delivery,217,10.3,40.54,3.94,08:24,15:07
686,51,11,2024-12-18,East Side Delivery,120,9.4,36.8,3.91,07:27,17:20
687,38,12,2024-11-18,Suburban South,159,12.8,45.47,3.55,08:56,18:53
688,7,15,2023-10-28,Highway Express,214,9.2,33.57,3.65,07:43,16:48
689,32,4,2023-12-25,Highway Express,143,11.6,42.92,3.7,08:38,16:16
690,38,12,2023-10-27,East Side Delivery,143,11.5,40.28,3.5,09:38,17:16
691,51,11,2024-10-09,Industrial Park Route,162,12.7,49.09,3.86,07:09,16:37
692,31,2,2023-12-26,East Side Delivery,157,13.3,55.01,4.14,06:03,17:10
693,57,11,2023-10-05,Industrial Park Route,90,5.4,21.19,3.92,06:26,14:20
694,34,12,2023-11-27,Industrial Park Route,177,15.1,58.96,3.9,06:50,16:12
695,8,14,2024-03-05,Industrial Park Route,137,6.5,37.3,5.74,07:52,14:06
696,34,6,2024-12-27,Industrial Park Route,122,10.4,40.79,3.92,07:27,14:04
697,34,1,2024-02-26,Highway Express,181,15.4,55.42,3.6,07:52,17:16
698,10,7,2024-07-11,Suburban South,162,13.5,51.36,3.8,06:39,17:08
699,7,14,2023-07-22,Downtown Loop,167,7.2,27.57,3.83,07:44,17:59
700,21,1,2023-12-29,Suburban North,167,7.4,30.04,4.06,09:43,14:28
701,24,4,2024-02-21,University Area,155,7.0,28.75,4.11,06:31,18:46
702,57,13,2024-03-19,Highway Express,81,4.9,25.78,5.26,09:17,18:05
703,25,1,2024-03-31,Suburban South,164,7.4,41.45,5.6,07:36,16:54
704,33,1,2024-02-27,Industrial Park Route,225,18.0,71.97,4.0,06:30,15:08
705,26,2,2024-02-15,Mall District,157,6.9,25.11,3.64,09:04,17:20
706,47,11,2024-07-24,Suburban North,229,10.5,39.54,3.77,06:18,16:54
707,20,10,2023-09-07,Suburban North,109,5.9,25.94,4.4,09:40,14:02
708,35,2,2023-09-11,Highway Express,223,18.8,70.35,3.74,09:33,14:13
709,31,6,2023-07-21,Suburban South,79,6.7,24.59,3.67,09:55,14:14
710,2,7,2024-04-16,Waterfront,24,1.0,3.76,3.76,09:28,16:37
711,24,1,2024-12-25,Suburban South,185,8.3,31.88,3.84,08:28,18:49
712,10,7,2024-04-04,Mall District,156,13.0,66.63,5.13,08:44,15:32
713,3,10,2024-07-24,University Area,155,7.5,27.57,3.68,06:56,14:47
714,29,6,2023-08-11,Airport Route,85,3.6,14.27,3.96,07:33,15:39
715,56,13,2024-05-17,Airport Route,118,6.5,24.89,3.83,08:08,17:27
716,48,11,2024-03-26,East Side Delivery,161,7.9,43.43,5.5,09:13,14:59
717,26,6,2023-10-11,Mall District,214,9.4,35.02,3.73,09:09,15:25
718,19,7,2023-07-26,East Side Delivery,98,5.7,21.72,3.81,08:43,16:27
719,51,13,2024-04-10,University Area,164,12.8,68.66,5.36,07:13,15:43
720,33,4,2024-11-07,Airport Route,160,12.8,51.14,4.0,07:42,18:24
721,24,12,2023-12-10,Highway Express,167,7.5,28.03,3.74,06:35,14:17
722,11,5,2024-07-09,Waterfront,135,11.6,45.02,3.88,06:49,14:49
723,25,8,2024-02-26,Suburban North,195,8.8,33.31,3.79,06:18,16:08
724,39,4,2023-09-04,Industrial Park Route,138,7.6,32.67,4.3,07:43,14:48
725,8,3,2023-12-23,East Side Delivery,182,8.6,33.03,3.84,08:01,16:16
726,30,1,2024-09-16,Waterfront,142,6.2,24.18,3.9,09:39,18:06
727,18,5,2024-05-25,Highway Express,160,8.4,33.19,3.95,08:14,16:41
728,17,10,2024-05-16,Mall District,110,6.4,24.87,3.89,08:53,15:35
729,54,13,2023-09-21,Suburban South,198,16.8,61.36,3.65,07:07,18:49
730,7,14,2023-08-29,University Area,158,6.8,28.68,4.22,09:59,15:28
731,31,2,2024-02-28,Suburban North,178,15.1,54.19,3.59,07:59,16:37
732,42,9,2024-10-30,University Area,199,11.3,44.21,3.91,07:53,18:08
733,58,13,2024-07-24,Mall District,150,8.6,34.11,3.97,06:27,15:47
734,13,7,2023-09-05,East Side Delivery,146,12.4,45.56,3.67,09:03,18:22
735,7,14,2024-08-15,Industrial Park Route,132,5.7,21.97,3.86,07:43,15:34
736,39,6,2024-10-25,Waterfront,131,7.2,30.57,4.25,06:19,17:21
737,31,9,2023-12-05,University Area,152,12.9,49.62,3.85,09:29,17:38
738,43,12,2024-10-24,University Area,173,9.4,33.6,3.57,07:03,15:35
739,58,13,2024-06-10,Mall District,180,10.3,38.32,3.72,07:46,18:39
740,41,8,2024-06-25,Suburban North,97,5.6,19.38,3.46,09:58,17:13
741,14,7,2024-11-27,Waterfront,69,5.6,20.42,3.65,08:42,15:09
742,34,2,2023-09-26,Suburban South,104,8.9,35.81,4.02,06:01,15:34
743,36,8,2023-07-18,Waterfront,150,13.3,50.67,3.81,06:41,18:55
744,24,4,2024-05-15,Mall District,198,8.9,33.12,3.72,06:18,18:06
745,45,11,2024-11-11,Airport Route,173,7.7,30.43,3.95,06:11,15:36
746,33,2,2024-06-12,Suburban North,136,10.9,42.17,3.87,06:20,18:16
747,35,4,2024-06-28,Suburban North,132,11.1,44.82,4.04,09:21,16:36
748,13,10,2024-01-02,University Area,160,13.6,50.65,3.72,09:02,17:26
749,49,13,2024-08-28,Suburban North,143,6.8,26.94,3.96,06:04,15:58
750,44,2,2024-08-02,Waterfront,115,6.4,25.43,3.97,08:29,17:57
751,35,12,2024-02-26,Mall District,66,5.6,21.59,3.86,09:19,17:19
752,46,11,2024-05-30,Airport Route,181,8.3,31.1,3.75,08:06,14:51
753,4,3,2024-10-10,Suburban South,164,7.6,31.08,4.09,08:22,18:46
754,33,12,2023-10-13,Industrial Park Route,161,12.9,48.79,3.78,06:10,15:33
755,9,15,2024-02-04,Waterfront,194,17.0,66.55,3.91,09:38,18:48
756,52,11,2023-11-01,Airport Route,113,9.1,36.01,3.96,06:32,15:03
757,35,6,2024-12-19,Downtown Loop,111,9.3,36.49,3.92,09:18,16:08
758,54,11,2023-10-24,Mall District,225,19.1,78.83,4.13,07:16,15:30
759,18,7,2024-01-23,Suburban South,116,6.1,23.39,3.83,08:59,17:13
760,29,1,2024-02-04,Suburban South,174,7.4,27.15,3.67,07:34,16:25
761,46,13,2024-04-10,Highway Express,105,4.8,25.43,5.3,09:24,14:45
762,20,7,2024-10-01,Suburban South,40,2.2,8.27,3.76,06:41,18:38
763,49,13,2024-05-28,Waterfront,121,5.8,23.01,3.97,08:01,18:36
764,50,11,2024-09-26,Mall District,165,7.9,29.63,3.75,08:20,14:25
765,55,11,2024-01-03,Industrial Park Route,167,15.2,61.8,4.07,09:46,18:03
766,30,8,2024-02-09,University Area,139,6.0,22.74,3.79,07:33,17:33
767,3,10,2024-05-16,Highway Express,83,4.0,15.74,3.93,08:58,14:17
768,11,10,2024-11-22,Suburban North,93,8.0,33.48,4.18,08:03,15:02
769,42,8,2023-11-02,Mall District,185,10.5,42.72,4.07,07:15,15:19
770,5,15,2024-10-01,Mall District,45,2.1,8.01,3.82,09:03,17:08
771,57,11,2023-08-18,Industrial Park Route,182,10.9,41.85,3.84,06:25,15:31
772,29,12,2023-12-13,Waterfront,150,6.3,24.73,3.93,07:18,17:30
773,18,14,2024-01-18,University Area,186,9.8,37.72,3.85,08:42,18:56
774,44,2,2023-07-26,Suburban North,193,10.7,41.26,3.86,06:01,16:58
775,26,8,2024-04-16,Mall District,152,6.7,24.39,3.64,06:20,14:07
776,20,3,2024-10-18,Highway Express,138,7.4,25.35,3.43,09:44,17:12
777,44,1,2024-07-09,Industrial Park Route,130,7.2,30.48,4.23,09:40,16:16
778,32,12,2023-10-23,Suburban North,183,14.8,54.95,3.71,07:27,15:10
779,2,7,2024-06-16,East Side Delivery,202,8.8,32.16,3.65,09:27,18:14
780,19,7,2024-12-10,Suburban North,96,5.6,22.13,3.95,07:20,15:04
781,29,1,2023-09-06,Waterfront,112,4.7,17.27,3.67,06:25,16:47
782,55,11,2024-02-28,Suburban South,151,13.8,55.59,4.03,06:58,18:01
783,12,7,2024-11-14,Airport Route,142,11.9,45.84,3.85,08:43,14:23
784,41,6,2023-08-29,Suburban North,182,10.5,38.94,3.71,06:06,15:54
785,58,11,2023-11-21,Downtown Loop,136,7.8,29.23,3.75,08:32,14:41
786,6,7,2024-09-24,Suburban South,160,7.0,25.64,3.66,07:26,17:35
787,58,13,2024-10-23,Waterfront,128,7.3,28.71,3.93,07:59,17:19
788,24,2,2024-05-17,Waterfront,142,6.4,24.02,3.75,07:43,15:53
789,39,12,2024-03-26,Waterfront,97,5.3,28.44,5.37,09:59,17:55
790,45,13,2023-10-06,East Side Delivery,125,5.6,21.5,3.84,09:56,14:46
791,11,14,2023-08-31,Waterfront,113,9.7,33.68,3.47,07:44,15:38
792,39,12,2024-02-02,Airport Route,132,7.3,26.71,3.66,08:14,15:15
793,6,14,2024-09-30,Mall District,80,3.5,13.01,3.72,08:20,14:00
794,34,4,2024-06-12,East Side Delivery,106,9.0,35.76,3.97,07:59,15:58
795,21,1,2024-07-15,Suburban South,170,7.5,29.37,3.92,06:24,17:19
796,6,14,2024-03-28,University Area,103,4.5,23.5,5.22,07:08,16:08
797,35,2,2024-11-18,East Side Delivery,102,8.6,30.27,3.52,08:45,15:44
798,15,7,2023-12-03,Suburban South,165,13.5,53.97,4.0,08:39,15:49
799,17,15,2023-11-07,Suburban South,118,6.8,27.81,4.09,08:34,18:17
800,5,14,2024-01-23,Airport Route,204,9.7,38.11,3.93,09:12,16:54
801,44,6,2024-02-13,University Area,164,9.1,34.47,3.79,07:55,17:35
802,25,8,2023-12-27,Suburban South,124,5.6,21.29,3.8,06:04,18:08
803,53,11,2024-09-09,Waterfront,183,15.4,57.14,3.71,07:47,14:49
804,19,10,2023-07-13,Industrial Park Route,279,16.2,65.79,4.06,06:39,16:40
805,15,14,2023-12-11,Airport Route,218,17.8,73.79,4.15,06:13,18:41
806,46,13,2024-11-07,Industrial Park Route,90,4.1,15.98,3.9,08:05,14:11
807,27,4,2024-02-07,East Side Delivery,110,5.1,19.53,3.83,09:58,14:27
808,26,8,2023-09-04,Highway Express,184,8.1,32.98,4.07,07:41,14:02
809,40,2,2024-04-09,Suburban North,154,8.7,45.75,5.26,06:33,15:43
810,21,2,2024-04-03,Industrial Park Route,110,4.9,27.66,5.64,09:16,14:46
811,20,10,2024-07-12,Industrial Park Route,187,10.1,42.46,4.2,07:01,14:57
812,9,3,2024-03-07,Suburban South,154,13.5,78.29,5.8,09:47,14:00
813,55,11,2024-11-18,University Area,119,10.9,40.2,3.69,08:55,14:36
814,21,1,2023-07-14,Highway Express,155,6.9,26.14,3.79,07:43,15:05
815,49,11,2024-04-04,Suburban North,169,8.1,43.26,5.34,06:07,15:48
816,48,11,2023-09-26,Airport Route,72,3.5,13.65,3.9,06:49,16:21
817,32,8,2024-08-07,Highway Express,150,12.1,50.52,4.18,08:44,18:10
818,2,10,2024-11-23,Industrial Park Route,162,7.0,28.49,4.07,06:37,14:02
819,44,9,2023-08-28,Suburban South,162,9.0,34.99,3.89,09:27,14:56
820,39,1,2024-04-10,University Area,146,8.0,40.46,5.06,06:47,15:54
821,4,3,2024-07-09,Downtown Loop,127,5.9,23.88,4.05,07:39,18:45
822,23,4,2023-07-15,Downtown Loop,72,3.2,12.05,3.76,09:46,18:49
823,44,6,2024-06-10,Suburban South,161,8.9,37.82,4.25,09:19,16:51
824,15,15,2024-01-11,East Side Delivery,180,14.7,57.5,3.91,08:15,18:10
825,30,8,2024-06-13,Industrial Park Route,149,6.5,24.61,3.79,07:24,18:47
826,35,6,2023-09-26,Industrial Park Route,123,10.3,40.44,3.93,08:19,15:06
827,57,11,2023-10-21,Industrial Park Route,139,8.3,34.62,4.17,08:26,15:14
828,25,6,2023-10-27,University Area,161,7.3,29.01,3.97,09:18,14:11
829,56,13,2023-09-11,Waterfront,79,4.3,17.58,4.09,09:31,18:20
830,49,11,2024-02-13,Airport Route,159,7.6,31.02,4.08,07:22,17:00
831,1,10,2024-12-10,Downtown Loop,201,9.6,38.74,4.04,08:03,18:42
832,45,13,2024-06-06,Waterfront,188,8.4,30.31,3.61,07:19,15:37
833,14,10,2023-10-05,Waterfront,148,12.1,45.07,3.72,07:20,17:17
834,16,15,2023-09-20,University Area,241,13.7,53.61,3.91,06:55,18:45
835,36,8,2023-11-13,Airport Route,123,10.9,41.8,3.83,06:03,14:48
836,40,6,2023-07-11,Waterfront,96,5.4,20.73,3.84,07:06,18:35
837,44,6,2024-07-31,University Area,156,8.7,33.15,3.81,09:43,17:43
838,5,5,2024-12-03,East Side Delivery,75,3.6,14.31,3.97,08:36,17:16
839,34,1,2024-05-16,Suburban North,107,9.1,33.26,3.65,08:02,16:10
840,31,4,2024-12-21,Waterfront,130,11.0,43.39,3.94,07:33,14:03
841,35,6,2024-03-18,Highway Express,175,14.7,82.88,5.64,07:42,17:17
842,38,6,2024-11-19,University Area,206,16.6,66.59,4.01,06:50,18:36
843,4,10,2024-12-19,Highway Express,121,5.6,21.27,3.8,06:36,18:00
844,36,4,2024-10-25,Airport Route,164,14.5,54.08,3.73,08:18,15:25
845,11,15,2024-08-02,Highway Express,60,5.2,18.89,3.63,07:40,16:15
846,42,6,2023-08-29,Downtown Loop,100,5.7,22.14,3.88,06:47,17:47
847,48,11,2024-01-23,Waterfront,88,4.3,16.2,3.77,06:16,14:59
848,35,2,2024-08-06,Suburban South,177,14.9,59.27,3.98,08:54,17:47
849,8,14,2023-09-26,Airport Route,168,8.0,31.15,3.89,07:31,14:07
850,13,15,2023-07-25,University Area,148,12.6,48.93,3.88,07:39,17:49
851,32,2,2024-06-10,Mall District,164,13.3,52.81,3.97,09:34,15:45
852,11,14,2024-10-16,Mall District,178,15.4,58.8,3.82,09:04,17:11
853,45,11,2024-12-10,Waterfront,159,7.1,28.04,3.95,06:32,16:51
854,44,1,2023-09-29,Suburban North,249,13.8,54.36,3.94,08:51,16:03
855,48,13,2024-01-06,Downtown Loop,145,7.1,27.61,3.89,06:24,18:54
856,49,13,2024-03-02,University Area,146,7.0,38.52,5.5,07:58,18:41
857,7,10,2024-06-16,Waterfront,210,9.0,32.75,3.64,09:06,17:45
858,4,5,2023-12-29,Downtown Loop,142,6.6,24.1,3.65,09:52,17:39
859,19,5,2023-12-25,Mall District,162,9.4,34.84,3.71,09:45,18:45
860,2,10,2024-01-26,Suburban South,154,6.7,26.42,3.94,09:30,14:00
861,55,13,2023-10-09,Downtown Loop,208,19.0,71.67,3.77,09:45,15:17
862,20,14,2024-08-21,Suburban South,168,9.0,34.99,3.89,08:44,16:25
863,2,3,2023-11-09,Suburban North,199,8.6,25.56,2.97,09:41,16:56
864,21,9,2024-06-18,Airport Route,187,8.3,31.94,3.85,09:14,18:31
865,13,14,2023-12-24,Airport Route,133,11.3,39.3,3.48,09:05,15:59
866,58,11,2024-10-16,Highway Express,89,5.1,18.77,3.68,06:44,18:52
867,58,11,2024-09-20,Industrial Park Route,174,9.9,37.77,3.82,08:10,14:53
868,6,10,2024-08-27,University Area,156,6.8,26.51,3.9,09:34,15:53
869,47,13,2024-02-13,Airport Route,146,6.7,25.55,3.81,08:20,17:52
870,45,13,2024-07-22,Suburban South,165,7.3,27.66,3.79,09:46,14:38
871,31,8,2024-03-26,Airport Route,183,15.5,81.24,5.24,07:21,15:24
872,41,4,2024-04-03,Waterfront,80,4.6,26.77,5.82,07:21,16:09
873,40,4,2024-03-17,Mall District,139,7.8,45.18,5.79,09:17,18:19
874,53,13,2024-06-23,Waterfront,138,11.6,46.05,3.97,07:16,15:56
875,38,6,2023-12-30,Industrial Park Route,167,13.5,49.82,3.69,09:52,15:42
876,56,13,2023-08-24,Waterfront,252,13.8,52.46,3.8,09:57,15:25
877,37,9,2023-07-24,University Area,168,13.7,54.93,4.01,08:56,15:28
878,17,10,2024-05-26,East Side Delivery,81,4.7,19.17,4.08,08:22,18:28
879,13,5,2024-07-27,Mall District,151,12.8,44.52,3.48,07:28,14:04
880,7,7,2023-09-29,Highway Express,195,8.4,34.24,4.08,06:58,15:12
881,13,5,2023-12-19,Airport Route,184,15.6,55.38,3.55,09:22,14:23
882,28,2,2023-11-21,East Side Delivery,162,7.6,31.01,4.08,06:50,16:19
883,32,9,2024-04-10,University Area,142,11.5,51.01,4.44,09:08,18:26
884,56,11,2024-04-16,Mall District,227,12.5,48.46,3.88,06:46,17:49
885,16,15,2024-03-12,Industrial Park Route,155,8.8,48.87,5.55,08:46,14:43
886,33,1,2024-12-09,Mall District,162,13.0,50.49,3.88,07:33,16:38
887,52,13,2024-09-11,Suburban North,88,7.1,26.6,3.75,07:42,14:08
888,48,11,2024-08-14,Highway Express,113,5.5,22.69,4.12,06:43,18:38
889,15,3,2024-10-24,University Area,194,15.8,62.07,3.93,06:35,15:05
890,14,10,2023-11-24,Mall District,118,9.7,36.43,3.76,07:57,18:13
891,37,8,2024-07-15,Suburban South,137,11.1,40.6,3.66,09:28,15:10
892,32,8,2023-08-01,Airport Route,225,18.2,72.15,3.96,08:14,16:30
893,49,11,2024-03-08,Suburban North,160,7.7,42.45,5.51,08:05,14:25
894,19,5,2024-07-01,Downtown Loop,155,9.0,31.25,3.47,06:09,15:58
895,13,5,2024-07-16,Industrial Park Route,134,11.4,41.36,3.63,07:36,17:17
896,43,6,2024-01-28,Industrial Park Route,70,3.8,14.04,3.7,09:40,17:21
897,1,10,2024-01-06,Industrial Park Route,149,7.1,29.38,4.14,08:36,15:37
898,40,4,2024-07-01,Highway Express,172,9.7,39.3,4.05,07:57,16:38
899,28,8,2023-08-29,Highway Express,116,5.4,21.63,4.01,09:05,15:45
900,55,13,2024-05-14,Suburban South,197,18.0,65.57,3.64,09:04,14:35
901,33,2,2024-05-08,Industrial Park Route,125,10.0,37.93,3.79,07:58,18:22
902,6,15,2024-09-02,East Side Delivery,157,6.9,26.81,3.89,08:10,17:32
903,42,1,2023-09-05,Highway Express,129,7.3,29.98,4.11,09:42,18:27
904,30,12,2024-12-19,University Area,147,6.4,25.64,4.01,09:06,18:47
905,43,1,2023-09-22,Suburban North,185,10.0,40.16,4.02,06:02,16:15
906,17,3,2023-09-07,Suburban South,197,11.4,43.4,3.81,09:10,15:44
907,27,9,2024-02-07,Downtown Loop,136,6.3,24.05,3.82,09:23,16:05
908,16,7,2023-12-22,Mall District,115,6.5,25.96,3.99,06:50,17:13
909,2,7,2023-11-22,Downtown Loop,143,6.2,24.52,3.96,06:48,14:53
910,17,3,2024-06-13,Waterfront,140,8.1,35.58,4.39,07:18,16:47
911,2,5,2023-11-02,Suburban South,145,6.3,25.0,3.97,09:25,14:01
912,6,14,2023-10-09,Airport Route,140,6.1,21.55,3.53,08:53,14:06
913,11,3,2024-10-13,University Area,174,15.0,53.3,3.55,06:41,18:31
914,7,5,2024-03-26,Downtown Loop,77,3.3,16.97,5.14,08:03,14:03
915,8,10,2024-06-03,Airport Route,177,8.4,31.31,3.73,07:03,16:01
916,32,6,2024-06-15,Mall District,181,14.7,60.25,4.1,09:43,16:52
917,14,15,2024-12-12,Downtown Loop,147,12.0,49.13,4.09,07:36,14:30
918,12,15,2024-01-27,Downtown Loop,167,14.0,53.34,3.81,09:40,14:31
919,27,1,2024-10-16,Mall District,134,6.2,23.18,3.74,07:10,15:59
920,15,15,2024-04-05,Downtown Loop,178,14.5,68.09,4.7,06:17,15:38
921,43,4,2023-12-18,Suburban North,130,7.1,24.32,3.43,07:57,17:11
922,41,2,2023-10-09,Airport Route,158,9.1,35.4,3.89,06:15,17:41
923,24,9,2024-06-21,Airport Route,184,8.3,27.0,3.25,09:45,18:17
924,12,7,2024-07-30,Waterfront,142,11.9,41.91,3.52,07:32,16:30
925,16,3,2023-07-24,Industrial Park Route,115,6.5,26.36,4.06,08:55,15:11
926,17,15,2024-05-09,University Area,146,8.5,32.48,3.82,08:00,17:39
927,23,4,2024-12-20,Airport Route,153,6.9,27.74,4.02,07:13,18:31
928,35,4,2024-07-23,East Side Delivery,207,17.4,65.94,3.79,07:58,16:23
929,36,8,2024-09-18,Downtown Loop,117,10.3,44.05,4.28,08:07,15:42
930,46,13,2024-06-06,Suburban North,181,8.3,33.41,4.03,06:32,16:46
931,7,7,2023-07-25,University Area,120,5.2,18.78,3.61,06:57,18:03
932,25,6,2024-04-03,Highway Express,174,7.9,41.39,5.24,06:50,17:23
933,54,11,2024-02-03,Mall District,115,9.7,38.31,3.95,06:54,15:16
934,41,6,2024-01-07,Highway Express,106,6.1,21.86,3.58,07:33,14:08
935,30,8,2024-05-06,Industrial Park Route,232,10.1,37.08,3.67,06:27,16:26
936,14,7,2024-09-23,Suburban South,95,7.8,31.24,4.01,09:40,14:50
937,33,12,2024-03-29,University Area,98,7.9,41.84,5.3,06:47,14:10
938,6,5,2024-04-03,East Side Delivery,116,5.1,28.91,5.67,06:22,14:49
939,12,7,2023-10-10,Highway Express,219,18.4,71.97,3.91,08:55,18:39
940,7,15,2024-09-26,Highway Express,121,5.2,19.74,3.8,07:08,17:03
941,41,9,2024-03-04,Highway Express,208,12.0,60.27,5.02,06:48,16:02
942,36,8,2023-07-16,Downtown Loop,139,12.3,43.78,3.56,06:39,15:39
943,12,14,2024-06-25,Suburban South,166,13.9,53.12,3.82,09:45,15:27
944,58,13,2023-08-17,Airport Route,179,10.2,37.11,3.64,08:16,15:22
945,30,9,2024-11-01,Waterfront,216,9.4,39.88,4.24,09:38,14:06
946,19,14,2024-09-10,Airport Route,129,7.5,25.78,3.44,07:49,15:56
947,10,7,2024-05-27,Airport Route,102,8.5,32.38,3.81,07:50,14:20
948,42,12,2023-07-20,Industrial Park Route,108,6.1,24.69,4.05,09:09,14:41
949,30,1,2023-07-06,Mall District,214,9.3,36.82,3.96,08:36,18:13
950,22,9,2023-11-09,Waterfront,203,9.1,31.67,3.48,07:11,18:50
951,34,2,2024-08-14,Highway Express,119,10.2,39.34,3.86,07:28,18:44
952,33,4,2024-01-25,Mall District,134,10.7,38.09,3.56,08:59,18:05
953,17,15,2024-02-12,University Area,184,10.7,38.36,3.58,08:29,17:41
954,45,13,2024-11-12,East Side Delivery,144,6.4,25.73,4.02,09:16,18:29
955,20,7,2024-01-08,East Side Delivery,155,8.3,34.43,4.15,08:20,14:38
956,31,12,2024-11-17,Waterfront,206,17.5,64.66,3.7,06:12,15:33
957,41,6,2023-09-05,Waterfront,124,7.1,29.06,4.09,07:42,18:17
958,12,7,2024-06-17,Suburban North,149,12.5,46.47,3.72,09:27,16:42
959,51,11,2023-09-14,University Area,150,11.7,46.82,4.0,06:52,16:16
960,25,1,2023-09-09,East Side Delivery,150,6.8,26.04,3.83,07:22,17:03
961,27,9,2024-08-20,Downtown Loop,143,6.6,24.04,3.64,08:52,14:18
962,7,3,2023-10-23,Industrial Park Route,130,5.6,23.3,4.16,06:38,18:06
963,27,8,2023-10-23,Highway Express,222,10.3,39.1,3.8,06:31,16:29
964,19,5,2023-09-25,University Area,150,8.7,31.78,3.65,08:37,16:41
965,24,9,2024-07-02,East Side Delivery,124,5.6,20.28,3.62,06:13,15:07
966,54,11,2024-03-13,Mall District,141,12.0,57.86,4.82,07:35,18:31
967,38,4,2024-05-24,Waterfront,145,11.7,48.9,4.18,07:14,16:44
968,41,12,2024-03-28,Waterfront,252,14.5,73.47,5.07,09:01,14:14
969,40,4,2023-07-05,Airport Route,115,6.5,24.31,3.74,09:29,16:16
970,39,12,2023-11-23,Airport Route,75,4.1,14.76,3.6,09:30,14:42
971,20,14,2023-11-01,Downtown Loop,140,7.5,30.36,4.05,08:21,15:51
972,36,12,2024-08-08,Airport Route,79,7.0,28.72,4.1,07:45,18:40
973,34,1,2024-05-08,Suburban North,153,13.1,55.05,4.2,07:25,15:41
974,6,7,2024-08-19,Airport Route,113,4.9,17.52,3.58,08:44,18:54
975,1,10,2023-11-17,Suburban North,161,7.7,29.46,3.83,09:39,17:19
976,34,2,2024-10-09,Downtown Loop,207,17.7,67.27,3.8,06:15,16:11
977,14,10,2024-01-22,Downtown Loop,165,13.5,55.37,4.1,07:31,18:55
978,12,3,2024-08-28,Suburban North,174,14.6,53.33,3.65,06:53,16:45
979,1,3,2024-09-04,Suburban North,175,8.4,32.98,3.93,09:00,16:38
980,53,13,2024-08-05,Suburban South,212,17.9,71.8,4.01,07:14,16:21
981,53,11,2023-07-25,Industrial Park Route,193,16.3,63.89,3.92,09:16,14:00
982,17,5,2024-04-07,Suburban South,218,12.6,64.59,5.13,08:30,16:30
983,27,1,2023-10-03,Downtown Loop,131,6.1,22.68,3.72,08:16,18:11
984,9,15,2023-11-13,University Area,162,14.2,53.56,3.77,07:57,14:03
985,3,14,2024-05-03,Suburban North,170,8.3,34.42,4.15,09:05,18:55
986,9,7,2023-08-13,University Area,94,8.2,31.55,3.85,06:39,15:07
987,28,4,2024-03-05,Mall District,99,4.6,25.72,5.59,09:55,17:43
988,36,9,2024-06-06,Waterfront,183,16.2,60.96,3.76,09:38,15:36
989,12,7,2024-02-23,Highway Express,152,12.8,48.47,3.79,09:21,18:56
990,11,7,2023-11-09,Highway Express,146,12.6,48.42,3.84,06:58,18:51
991,30,8,2023-12-28,Suburban North,209,9.1,36.79,4.04,07:48,18:59
992,21,9,2024-08-27,Suburban North,139,6.2,22.75,3.67,06:23,16:01
993,7,15,2024-10-07,Suburban North,158,6.8,27.4,4.03,06:06,17:51
994,13,10,2023-08-30,Industrial Park Route,156,13.2,54.09,4.1,07:15,16:30
995,7,5,2023-09-29,East Side Delivery,149,6.4,24.06,3.76,06:51,18:14
996,16,10,2023-07-10,Waterfront,163,9.2,35.38,3.85,06:25,17:00
997,53,13,2023-10-18,University Area,186,15.7,64.49,4.11,07:41,17:40
998,4,10,2024-05-30,Waterfront,100,4.6,18.33,3.98,07:15,16:07
999,41,4,2024-11-20,Airport Route,159,9.1,35.33,3.88,08:49,16:12
1000,20,14,2024-08-15,University Area,65,3.5,13.09,3.74,07:01,18:54
1001,19,14,2023-10-03,University Area,218,12.6,50.18,3.98,08:31,15:31
1002,46,13,2024-01-23,Suburban North,190,8.7,31.59,3.63,07:42,18:19
1003,48,13,2023-09-13,Airport Route,148,7.3,28.76,3.94,08:57,16:04
1004,22,2,2023-07-07,Suburban South,156,7.0,28.31,4.04,08:40,14:08
1005,26,12,2024-01-04,Waterfront,123,5.4,20.05,3.71,08:39,14:53
1006,35,1,2024-03-27,Waterfront,104,8.8,45.26,5.14,06:56,18:53
1007,33,6,2024-01-11,Highway Express,192,15.4,61.16,3.97,06:53,18:49
1008,27,1,2024-01-19,Suburban North,200,9.2,31.1,3.38,07:43,16:33
1009,14,5,2024-11-14,University Area,91,7.4,30.58,4.13,07:27,18:29
1010,10,3,2024-02-21,Industrial Park Route,192,16.0,60.21,3.76,06:37,14:37
1011,24,9,2024-10-03,Suburban South,150,6.7,25.45,3.8,07:01,15:23
1012,5,3,2024-02-15,Downtown Loop,175,8.3,31.2,3.76,07:15,15:08
1013,5,10,2024-08-16,Mall District,168,8.0,32.82,4.1,08:12,17:27
1014,36,12,2023-08-23,East Side Delivery,135,11.9,44.14,3.71,08:23,15:17
1015,8,7,2024-05-24,Airport Route,131,6.2,24.6,3.97,06:21,14:22
1016,6,10,2024-05-31,Industrial Park Route,72,3.2,12.42,3.88,08:26,15:01
1017,35,12,2024-08-30,Waterfront,183,15.4,57.3,3.72,06:17,18:17
1018,53,11,2024-02-13,Suburban North,181,15.2,56.66,3.73,08:57,17:39
1019,47,13,2023-12-22,Suburban South,109,5.0,20.13,4.03,07:16,15:02
1020,6,10,2024-01-08,East Side Delivery,178,7.8,29.8,3.82,09:31,15:49
1021,4,10,2024-02-02,Mall District,50,2.3,8.83,3.84,08:04,15:34
1022,18,3,2024-06-03,Downtown Loop,153,8.0,32.57,4.07,08:38,17:42
1023,14,15,2024-08-20,Downtown Loop,206,16.9,62.67,3.71,08:08,17:11
1024,30,9,2024-04-30,Industrial Park Route,128,5.5,21.55,3.92,08:29,16:19
1025,23,1,2024-10-07,Waterfront,137,6.2,24.12,3.89,06:57,17:25
1026,46,13,2024-10-11,Industrial Park Route,127,5.8,21.12,3.64,06:06,17:30
1027,8,3,2023-10-14,Suburban South,182,8.6,31.67,3.68,08:19,16:27
1028,45,13,2023-07-19,Airport Route,133,5.9,23.98,4.06,06:43,17:05
1029,44,6,2024-08-12,Industrial Park Route,41,2.3,8.52,3.71,07:16,16:54
1030,16,3,2023-09-28,Suburban South,145,8.2,31.29,3.82,09:43,17:30
1031,6,14,2024-12-25,Suburban North,229,10.0,38.23,3.82,08:04,16:34
1032,23,12,2023-10-19,Waterfront,173,7.8,27.87,3.57,07:27,16:19
1033,2,7,2023-09-15,Industrial Park Route,182,7.9,32.77,4.15,07:13,14:19
1034,27,6,2023-08-16,Suburban North,106,4.9,18.41,3.76,08:28,17:40
1035,33,4,2024-01-24,Highway Express,214,17.2,62.72,3.65,07:30,18:01
1036,20,14,2024-11-05,University Area,209,11.2,45.79,4.09,09:39,16:23
1037,47,13,2023-08-21,East Side Delivery,104,4.7,17.68,3.76,08:15,17:36
1038,37,2,2024-02-27,University Area,194,15.8,58.98,3.73,09:12,15:09
1039,34,1,2023-09-07,Mall District,223,19.0,76.64,4.03,09:46,16:43
1040,49,11,2024-07-16,University Area,173,8.3,34.92,4.21,09:49,18:48
1041,39,4,2024-12-24,Suburban North,95,5.2,19.21,3.69,08:25,17:04
1042,48,13,2024-08-15,Downtown Loop,171,8.4,31.82,3.79,08:42,16:36
1043,10,14,2024-08-16,Highway Express,177,14.8,54.62,3.69,08:13,14:20
1044,30,12,2023-11-21,Downtown Loop,131,5.7,23.92,4.2,09:24,17:57
1045,38,1,2024-07-11,Airport Route,135,10.9,40.59,3.72,08:04,18:16
1046,42,12,2023-11-21,Highway Express,170,9.6,40.94,4.26,09:22,17:46
1047,42,12,2024-10-10,Airport Route,119,6.7,25.67,3.83,09:35,17:58
1048,7,15,2024-01-25,University Area,103,4.4,18.29,4.16,07:17,18:33
1049,17,7,2024-01-17,Airport Route,125,7.2,27.18,3.77,08:40,14:55
1050,14,10,2024-05-06,Mall District,129,10.6,40.07,3.78,08:44,17:53
1051,41,2,2024-01-15,Suburban North,130,7.5,28.69,3.83,08:42,18:52
1052,44,9,2023-10-17,University Area,193,10.7,42.86,4.01,09:34,15:23
1053,47,11,2024-06-10,Mall District,151,6.9,26.49,3.84,06:04,15:45
1054,47,11,2024-08-28,Waterfront,192,8.8,34.36,3.9,09:51,16:44
1055,44,1,2024-02-05,East Side Delivery,94,5.2,19.77,3.8,06:53,17:27
1056,48,11,2024-10-01,Downtown Loop,150,7.3,28.61,3.92,08:04,18:58
1057,1,7,2024-05-20,Airport Route,118,5.7,22.79,4.0,08:22,16:01
1058,57,13,2024-04-04,Suburban South,199,11.9,70.43,5.92,06:15,17:36
1059,53,13,2024-12-22,Suburban North,215,18.1,77.79,4.3,08:09,16:37
1060,54,11,2023-10-30,University Area,126,10.7,41.51,3.88,06:57,18:57
1061,25,6,2024-01-26,East Side Delivery,144,6.5,26.01,4.0,09:31,15:59
1062,3,3,2024-02-21,Suburban South,154,7.5,28.53,3.8,09:56,16:18
1063,26,2,2024-02-09,Downtown Loop,156,6.9,25.14,3.64,07:23,15:07
1064,52,13,2024-09-17,Suburban South,135,10.8,43.61,4.04,07:05,17:46
1065,23,6,2024-04-16,Highway Express,91,4.1,16.9,4.12,09:17,18:45
1066,15,15,2024-09-17,Waterfront,180,14.7,56.71,3.86,06:43,17:10
1067,13,5,2024-08-13,East Side Delivery,126,10.7,45.77,4.28,07:42,16:32
1068,29,9,2024-10-02,Downtown Loop,133,5.6,20.1,3.59,07:17,15:04
1069,46,11,2023-11-06,Waterfront,191,8.7,31.79,3.65,07:51,14:47
1070,56,13,2023-11-26,Industrial Park Route,93,5.1,19.75,3.87,07:55,18:33
1071,41,8,2024-05-16,Airport Route,120,6.9,26.3,3.81,09:35,15:26
1072,18,10,2024-07-13,University Area,164,8.6,35.17,4.09,06:34,18:13
1073,57,13,2023-12-07,Waterfront,180,10.8,45.58,4.22,07:26,15:58
1074,26,8,2024-03-04,East Side Delivery,148,6.5,36.17,5.56,07:27,17:33
1075,29,2,2023-09-13,Waterfront,218,9.2,36.26,3.94,06:20,17:14
1076,46,13,2024-08-24,Industrial Park Route,245,11.2,43.59,3.89,07:21,17:18
1077,43,1,2023-08-14,East Side Delivery,172,9.3,36.79,3.96,06:44,15:51
1078,56,11,2024-10-17,Industrial Park Route,132,7.2,25.96,3.61,07:26,14:34
1079,47,11,2024-02-19,East Side Delivery,123,5.6,20.2,3.61,08:11,16:32
1080,2,5,2024-03-11,Mall District,177,7.7,43.84,5.69,06:38,18:21
1081,1,7,2023-09-15,Industrial Park Route,91,4.4,16.16,3.67,08:19,16:15
1082,26,4,2024-10-04,University Area,85,3.7,13.08,3.53,06:24,18:15
1083,19,10,2024-06-16,University Area,134,7.8,30.27,3.88,08:33,14:29
1084,47,11,2024-01-30,East Side Delivery,153,7.0,27.12,3.87,07:42,17:41
1085,51,11,2024-01-22,Waterfront,209,16.4,63.79,3.89,08:36,16:02
1086,21,8,2023-07-23,East Side Delivery,153,6.8,25.55,3.76,09:58,17:32
1087,51,11,2024-09-20,Waterfront,193,15.1,58.52,3.88,08:11,14:15
1088,26,2,2023-10-26,Airport Route,132,5.8,22.99,3.96,06:42,14:44
1089,12,14,2024-10-11,East Side Delivery,170,14.3,60.67,4.24,09:11,17:22
1090,56,11,2024-05-28,Waterfront,151,8.3,30.81,3.71,07:57,16:06
1091,27,8,2023-12-07,Downtown Loop,167,7.7,26.31,3.42,07:08,18:00
1092,50,13,2023-10-17,University Area,188,9.0,34.74,3.86,08:17,18:21
1093,39,6,2024-05-31,Suburban South,136,7.5,29.38,3.92,07:53,17:21
1094,44,12,2023-07-28,East Side Delivery,185,10.3,39.48,3.83,08:45,16:09
1095,37,4,2023-12-27,East Side Delivery,82,6.7,26.91,4.02,08:55,15:01
1096,14,15,2024-11-05,Airport Route,148,12.1,46.17,3.82,07:39,16:36
1097,43,2,2024-03-18,Airport Route,191,10.4,55.51,5.34,09:07,14:55
1098,53,11,2023-10-06,Airport Route,172,14.5,52.98,3.65,09:11,14:22
1099,47,11,2023-11-24,University Area,157,7.2,27.2,3.78,09:01,14:37
1100,27,9,2023-10-24,University Area,147,6.8,26.88,3.95,07:31,18:27
1101,5,14,2023-07-17,Airport Route,150,7.1,27.55,3.88,06:23,16:16
1102,24,9,2023-09-06,University Area,119,5.3,19.81,3.74,09:52,14:58
1103,27,8,2023-07-13,Suburban South,113,5.2,20.97,4.03,07:23,18:55
1104,10,15,2024-08-05,Industrial Park Route,167,14.0,55.61,3.97,07:35,15:04
1105,26,4,2024-10-29,Mall District,184,8.1,31.59,3.9,07:11,17:58
1106,2,3,2024-03-25,Industrial Park Route,158,6.9,37.84,5.48,08:37,18:14
1107,16,3,2024-05-05,Downtown Loop,130,7.4,30.78,4.16,08:34,14:29
1108,23,9,2024-11-01,Airport Route,152,6.8,25.92,3.81,07:39,16:28
1109,45,13,2024-07-31,Waterfront,174,7.7,28.69,3.73,06:05,18:10
1110,46,11,2024-10-01,East Side Delivery,107,4.9,19.86,4.05,06:50,18:32
1111,48,11,2023-08-08,Mall District,142,7.0,25.53,3.65,09:57,16:25
1112,21,6,2024-02-09,Suburban South,152,6.7,25.09,3.75,06:03,16:07
1113,46,11,2024-09-06,Highway Express,137,6.3,24.48,3.89,06:12,14:07
1114,14,14,2023-10-27,East Side Delivery,87,7.1,27.21,3.83,09:38,15:36
1115,12,14,2024-12-30,Suburban South,176,14.8,58.69,3.97,07:44,16:13
1116,47,11,2024-04-23,Airport Route,99,4.5,16.48,3.66,08:31,15:48
1117,18,14,2024-08-23,Industrial Park Route,105,5.5,21.59,3.93,08:22,18:26
1118,27,2,2024-07-23,Downtown Loop,193,8.9,32.59,3.66,06:16,17:29
1119,44,8,2023-09-23,East Side Delivery,167,9.3,37.49,4.03,09:55,18:49
1120,38,1,2024-06-20,Highway Express,154,12.4,51.89,4.18,07:28,15:05
1121,25,12,2023-10-31,Airport Route,152,6.9,28.13,4.08,09:44,14:43
1122,43,8,2023-07-27,Suburban South,128,6.9,25.73,3.73,07:20,16:32
1123,38,4,2023-11-09,Industrial Park Route,172,13.9,49.45,3.56,08:17,16:30
1124,37,9,2024-08-05,Suburban South,236,19.2,71.08,3.7,08:10,16:44
1125,56,11,2024-05-10,Downtown Loop,87,4.8,19.0,3.96,09:46,15:35
1126,11,15,2024-01-03,Waterfront,221,19.1,70.28,3.68,07:23,16:31
1127,28,4,2023-07-23,Highway Express,140,6.6,25.47,3.86,07:54,14:33
1128,45,11,2023-10-01,Airport Route,145,6.4,24.58,3.84,07:09,14:01
1129,55,11,2023-10-11,East Side Delivery,155,14.1,52.23,3.7,06:53,17:44
1130,20,14,2024-11-21,Mall District,157,8.4,31.53,3.75,06:30,16:43
1131,11,7,2024-05-10,Highway Express,138,11.9,39.72,3.34,07:57,17:50
1132,37,1,2024-08-15,Mall District,205,16.7,66.54,3.98,07:03,17:41
1133,42,9,2024-03-19,Mall District,249,14.1,74.56,5.29,09:21,17:01
1134,4,10,2024-10-28,Suburban South,109,5.0,18.77,3.75,07:11,14:13
1135,46,13,2024-05-09,Airport Route,152,6.9,27.33,3.96,08:06,17:05
1136,23,8,2023-10-27,Downtown Loop,174,7.8,32.17,4.12,08:30,15:49
1137,8,5,2023-08-28,Suburban North,108,5.1,19.79,3.88,06:38,15:58
1138,32,12,2024-03-19,Suburban South,133,10.8,56.81,5.26,07:06,17:00
1139,52,13,2023-12-21,University Area,168,13.5,55.62,4.12,08:40,18:55
1140,18,10,2023-07-14,Suburban South,114,6.0,22.85,3.81,09:54,14:17
1141,7,3,2023-09-07,Highway Express,139,6.0,23.02,3.84,09:02,17:38
1142,53,11,2023-09-11,East Side Delivery,143,12.0,47.87,3.99,08:04,15:21
1143,32,12,2023-07-05,Airport Route,120,9.7,34.74,3.58,06:08,15:41
1144,34,2,2024-10-07,Highway Express,186,15.9,61.27,3.85,08:01,14:36
1145,26,1,2023-12-25,Suburban South,139,6.1,21.18,3.47,06:48,15:36
1146,52,13,2024-12-01,Airport Route,131,10.5,42.36,4.03,06:59,14:59
1147,30,4,2023-07-20,Mall District,138,6.0,21.58,3.6,08:46,14:03
1148,25,9,2023-12-25,Downtown Loop,92,4.2,15.89,3.78,08:16,16:52
1149,20,5,2024-09-17,Industrial Park Route,204,11.0,44.01,4.0,08:32,15:19
1150,40,1,2024-08-11,Suburban South,120,6.8,25.01,3.68,06:32,18:57
1151,23,9,2023-07-27,Mall District,145,6.5,25.3,3.89,08:37,16:21
1152,41,6,2023-09-02,Mall District,105,6.0,21.24,3.54,08:05,14:43
1153,4,5,2024-11-14,Airport Route,126,5.8,22.27,3.84,08:28,14:20
1154,49,11,2024-07-19,East Side Delivery,167,8.0,32.14,4.02,06:12,17:12
1155,9,7,2023-10-02,Mall District,124,10.9,44.63,4.09,09:39,17:56
1156,47,13,2023-09-18,Highway Express,188,8.6,33.31,3.87,08:31,18:15
1157,47,13,2023-10-04,Suburban South,168,7.7,29.32,3.81,07:16,15:33
1158,12,15,2024-12-11,Suburban South,99,8.3,30.15,3.63,09:33,16:31
1159,46,11,2024-10-10,Airport Route,129,5.9,23.82,4.04,07:39,15:24
1160,3,3,2024-01-19,Mall District,125,6.1,22.6,3.7,07:23,15:17
1161,18,5,2024-05-16,Suburban North,119,6.3,22.73,3.61,06:57,14:02
1162,58,13,2024-04-16,Downtown Loop,144,8.2,31.29,3.82,07:11,14:39
1163,34,4,2024-03-11,Downtown Loop,165,14.1,77.88,5.52,07:43,16:15
1164,13,5,2023-11-07,Downtown Loop,166,14.1,59.13,4.19,08:45,17:27
1165,25,2,2024-02-26,Suburban North,212,9.6,37.83,3.94,06:47,18:57
1166,53,11,2024-02-01,East Side Delivery,142,12.0,45.25,3.77,08:46,17:51
1167,9,7,2024-02-26,Downtown Loop,213,18.6,70.77,3.8,09:33,17:00
1168,15,3,2024-02-27,Mall District,177,14.4,57.37,3.98,08:35,18:39
1169,13,14,2024-11-12,Downtown Loop,211,17.9,70.32,3.93,08:00,15:34
1170,26,9,2024-09-18,Industrial Park Route,135,5.9,20.99,3.56,09:55,16:02
1171,34,1,2024-11-11,Suburban North,172,14.7,58.48,3.98,07:50,15:44
1172,44,2,2024-11-29,Highway Express,142,7.9,30.38,3.85,08:50,17:07
1173,16,15,2024-01-24,Highway Express,187,10.6,37.02,3.49,06:47,14:40
1174,18,14,2024-12-04,Highway Express,111,5.8,24.62,4.25,06:39,15:31
1175,5,14,2024-07-22,Highway Express,133,6.3,22.62,3.59,08:15,15:51
1176,27,8,2024-12-11,University Area,187,8.6,30.56,3.55,08:21,17:01
1177,47,11,2024-03-31,Industrial Park Route,143,6.5,38.4,5.91,08:53,18:02
1178,6,5,2024-01-25,University Area,197,8.6,30.45,3.54,09:41,16:06
1179,44,8,2023-10-31,University Area,139,7.7,30.8,4.0,07:58,14:47
1180,50,13,2023-09-11,University Area,116,5.5,21.51,3.91,07:32,15:00
1181,21,8,2024-04-30,University Area,191,8.5,32.08,3.77,07:37,16:55
1182,26,2,2023-12-22,University Area,221,9.7,36.55,3.77,06:26,14:24
1183,10,15,2024-09-14,Suburban South,117,9.8,40.13,4.1,06:20,17:26
1184,15,5,2024-01-02,Suburban South,74,6.0,21.26,3.54,08:55,18:24
1185,27,8,2023-11-25,Downtown Loop,105,4.9,18.9,3.86,07:55,15:27
1186,3,14,2023-10-27,University Area,125,6.1,22.82,3.74,09:54,16:02
1187,47,13,2023-11-21,Suburban North,187,8.5,33.08,3.89,06:02,17:45
1188,41,1,2024-06-01,Suburban South,98,5.6,20.86,3.72,06:50,16:41
1189,50,11,2024-07-16,East Side Delivery,171,8.1,28.16,3.48,07:27,16:57
1190,3,10,2023-09-06,Downtown Loop,170,8.3,30.65,3.69,09:07,15:27
1191,6,5,2023-07-17,Downtown Loop,179,7.8,31.51,4.04,06:47,15:21
1192,39,1,2024-03-15,Mall District,141,7.8,36.75,4.71,08:08,18:23
1193,39,6,2024-09-03,Mall District,103,5.7,21.3,3.74,09:18,15:21
1194,23,8,2024-06-07,Suburban South,121,5.4,22.2,4.11,06:57,18:01
1195,10,7,2024-04-05,Industrial Park Route,97,8.1,44.9,5.54,06:25,18:55
1196,46,13,2024-11-06,Mall District,141,6.4,25.47,3.98,06:18,16:34
1197,5,15,2024-09-19,Suburban North,110,5.2,19.57,3.76,06:13,14:12
1198,47,11,2024-07-15,Airport Route,172,7.8,30.72,3.94,06:15,17:03
1199,9,5,2023-12-15,Downtown Loop,174,15.2,54.96,3.62,06:58,14:43
1200,5,14,2024-01-16,Mall District,157,7.5,28.86,3.85,08:44,18:00
1201,52,11,2024-02-13,East Side Delivery,158,12.7,43.98,3.46,08:17,18:02
1202,35,9,2023-08-02,Suburban South,169,14.2,54.56,3.84,07:25,14:19
1203,42,1,2024-11-28,Suburban North,147,8.3,31.06,3.74,08:29,14:08
1204,40,6,2024-09-19,Waterfront,105,5.9,21.44,3.63,06:23,17:12
1205,29,6,2023-09-21,Suburban North,142,6.0,22.82,3.8,09:48,18:30
1206,26,8,2024-02-01,Suburban South,135,5.9,22.18,3.76,07:58,17:46
1207,39,12,2023-10-19,Highway Express,126,6.9,27.42,3.97,09:48,18:16
1208,20,15,2023-08-21,Industrial Park Route,172,9.3,35.53,3.82,07:29,16:11
1209,56,11,2024-05-03,Waterfront,165,9.1,33.34,3.66,09:24,16:13
1210,24,9,2024-09-20,Suburban South,39,1.8,6.56,3.64,09:05,17:06
1211,13,3,2024-01-15,Mall District,189,16.0,66.68,4.17,09:17,15:34
1212,34,2,2024-06-08,Industrial Park Route,196,16.7,71.21,4.26,07:47,16:43
1213,53,13,2024-01-29,Waterfront,197,16.6,59.55,3.59,08:41,15:08
1214,1,14,2024-03-07,Waterfront,142,6.8,35.22,5.18,09:05,15:50
1215,10,3,2024-05-07,Highway Express,90,7.5,29.76,3.97,07:55,17:12
1216,42,2,2024-07-09,East Side Delivery,134,7.6,28.13,3.7,09:23,15:45
1217,53,13,2024-12-04,Airport Route,105,8.8,32.05,3.64,06:34,15:18
1218,42,6,2024-11-01,Waterfront,143,8.1,29.91,3.69,06:32,17:45
1219,55,11,2024-02-27,Industrial Park Route,149,13.6,50.83,3.74,09:07,15:58
1220,22,6,2024-02-18,Downtown Loop,126,5.7,22.01,3.86,07:48,15:31
1221,37,12,2024-12-19,University Area,125,10.2,36.45,3.57,08:38,16:46
1222,32,9,2023-09-08,Suburban North,134,10.8,45.14,4.18,06:14,14:08
1223,43,1,2024-01-03,Waterfront,141,7.6,28.46,3.74,09:00,18:26
1224,27,2,2024-01-09,East Side Delivery,172,7.9,28.19,3.57,07:44,14:43
1225,41,6,2023-11-02,Downtown Loop,143,8.2,28.8,3.51,06:36,15:36
1226,18,10,2024-05-01,Suburban North,173,9.1,39.17,4.3,09:07,17:56
1227,34,9,2023-11-01,Suburban South,135,11.5,40.6,3.53,07:22,18:34
1228,42,12,2024-11-22,Industrial Park Route,128,7.2,25.36,3.52,07:25,17:41
1229,36,12,2023-10-25,Highway Express,128,11.3,44.28,3.92,06:48,14:49
1230,15,3,2024-09-16,Highway Express,179,14.6,56.8,3.89,07:46,15:19
1231,17,5,2023-09-29,Suburban North,133,7.7,31.61,4.11,09:36,17:35
1232,15,15,2024-11-18,Suburban North,134,10.9,38.33,3.52,08:30,15:31
1233,34,6,2024-07-11,Waterfront,62,5.3,18.77,3.54,07:52,17:12
1234,14,5,2024-08-20,Suburban South,142,11.6,46.11,3.98,06:13,15:13
1235,46,13,2024-01-26,Waterfront,176,8.0,30.59,3.82,06:50,18:42
1236,32,2,2023-10-10,Downtown Loop,158,12.8,49.3,3.85,06:34,17:32
1237,23,12,2023-12-02,Airport Route,146,6.6,24.92,3.78,08:23,14:55
1238,29,8,2024-01-22,Industrial Park Route,126,5.3,22.57,4.26,08:02,14:37
1239,49,13,2024-11-19,Airport Route,163,7.8,29.66,3.8,08:27,16:56
1240,19,3,2023-10-20,Waterfront,75,4.3,15.87,3.69,07:54,15:59
1241,20,15,2024-07-03,University Area,100,5.4,19.87,3.68,06:58,17:40
1242,36,2,2024-09-30,Suburban North,119,10.5,43.57,4.15,06:34,14:24
1243,56,13,2024-09-18,Industrial Park Route,187,10.3,40.1,3.89,09:24,14:48
1244,10,3,2024-07-18,Highway Express,171,14.3,57.47,4.02,08:32,15:36
1245,18,10,2024-11-19,Downtown Loop,161,8.5,31.92,3.76,06:19,16:34
1246,44,4,2024-07-01,Downtown Loop,129,7.2,23.55,3.27,09:17,15:01
1247,29,2,2024-11-30,Highway Express,185,7.8,30.9,3.96,07:31,15:07
1248,47,13,2023-09-14,Downtown Loop,200,9.1,37.55,4.13,08:32,17:36
1249,39,9,2023-11-14,Mall District,111,6.1,24.15,3.96,07:45,18:25
1250,54,13,2024-11-27,University Area,106,9.0,37.13,4.13,09:39,17:49
1251,50,11,2024-01-08,Suburban South,157,7.5,27.57,3.68,09:53,15:39
1252,46,11,2024-08-14,Downtown Loop,198,9.0,34.3,3.81,08:06,16:34
1253,37,2,2023-08-28,Suburban South,168,13.7,56.07,4.09,09:44,15:58
1254,27,9,2023-08-29,Downtown Loop,98,4.5,16.75,3.72,09:40,14:16
1255,1,3,2024-11-26,Suburban South,199,9.5,36.27,3.82,09:13,16:27
1256,44,9,2024-08-21,Industrial Park Route,178,9.9,40.15,4.06,08:22,14:58
1257,52,11,2024-09-26,Suburban South,129,10.4,38.31,3.68,09:12,16:32
1258,25,1,2024-08-25,Mall District,128,5.8,21.41,3.69,07:52,17:12
1259,41,1,2024-10-11,Mall District,184,10.6,39.35,3.71,07:11,14:38
1260,10,5,2023-08-14,Suburban North,175,14.6,58.18,3.99,09:05,16:24
1261,28,2,2024-08-06,Suburban South,192,9.0,36.41,4.05,08:33,18:12
1262,9,3,2024-08-11,Downtown Loop,165,14.4,54.93,3.81,08:48,17:11
1263,7,7,2024-09-30,Waterfront,170,7.3,27.82,3.81,08:54,16:29
1264,22,4,2024-02-21,Mall District,237,10.6,43.09,4.07,07:45,16:20
1265,7,5,2023-12-18,Highway Express,122,5.2,19.27,3.71,09:24,15:38
1266,34,2,2024-04-23,Airport Route,122,10.4,39.71,3.82,07:25,17:29
1267,33,2,2023-09-08,Industrial Park Route,166,13.3,52.66,3.96,07:23,14:58
1268,34,6,2023-12-19,Highway Express,176,15.0,58.35,3.89,06:26,15:26
1269,41,4,2023-08-09,Downtown Loop,194,11.1,41.33,3.72,08:45,18:58
1270,47,11,2024-10-28,Mall District,164,7.5,26.32,3.51,08:50,17:55
1271,48,11,2024-12-18,Industrial Park Route,105,5.1,19.71,3.87,08:40,18:41
1272,18,3,2024-03-31,University Area,98,5.2,26.43,5.08,09:10,15:03
1273,14,5,2023-08-21,Mall District,99,8.1,29.72,3.67,08:08,15:18
1274,14,10,2024-05-03,East Side Delivery,123,10.1,39.1,3.87,06:01,16:52
1275,38,9,2024-06-19,Suburban South,138,11.1,43.25,3.9,09:11,14:42
1276,40,4,2024-08-23,Highway Express,110,6.2,25.69,4.14,07:46,14:07
1277,58,13,2023-08-30,East Side Delivery,202,11.5,42.74,3.72,06:30,14:30
1278,52,13,2023-12-11,University Area,172,13.8,51.09,3.7,07:39,16:39
1279,49,11,2024-01-11,University Area,148,7.1,27.52,3.88,06:30,17:31
1280,21,4,2024-08-19,Highway Express,136,6.0,23.9,3.98,09:01,14:16
1281,14,10,2024-01-29,Airport Route,195,16.0,60.62,3.79,09:48,14:01
1282,46,13,2023-10-04,University Area,141,6.4,24.41,3.81,09:46,14:17
1283,7,14,2024-09-11,Mall District,180,7.7,30.37,3.94,09:00,18:53
1284,37,6,2024-05-28,Industrial Park Route,157,12.8,47.04,3.68,09:21,14:55
1285,50,13,2023-07-11,Waterfront,132,6.3,23.5,3.73,08:20,15:17
1286,35,2,2024-05-08,Mall District,170,14.3,56.85,3.98,09:16,16:46
1287,23,1,2024-05-10,Mall District,117,5.3,19.76,3.73,09:33,14:06
1288,43,12,2024-06-04,Suburban South,177,9.6,33.4,3.48,06:02,18:14
1289,56,13,2024-07-16,Mall District,140,7.7,30.01,3.9,08:54,14:58
1290,14,14,2024-06-13,Industrial Park Route,215,17.6,72.25,4.11,06:15,14:10
1291,1,5,2024-05-09,Suburban South,210,10.1,41.17,4.08,08:30,18:44
1292,36,4,2024-01-01,University Area,116,10.2,36.36,3.56,06:47,18:08
1293,40,12,2024-01-09,Airport Route,119,6.7,22.6,3.37,07:14,18:52
1294,15,10,2023-10-04,Highway Express,117,9.5,36.01,3.79,09:27,18:41
1295,47,11,2023-10-17,University Area,127,5.8,21.72,3.74,08:24,16:57
1296,31,8,2023-10-21,Suburban North,205,17.4,66.4,3.82,07:35,14:21
1297,31,6,2023-12-16,Waterfront,71,6.0,22.98,3.83,06:26,16:29
1298,37,1,2024-12-10,Mall District,157,12.8,53.29,4.16,07:27,15:04
1299,45,13,2023-12-22,University Area,140,6.2,22.43,3.62,06:24,18:32
1300,3,5,2024-08-22,Suburban North,104,5.1,20.42,4.0,08:25,18:13
1301,44,8,2023-07-19,Suburban North,175,9.7,37.69,3.89,06:43,17:38
1302,5,10,2024-10-15,Industrial Park Route,146,6.9,27.65,4.01,07:41,18:10
1303,43,1,2024-10-21,East Side Delivery,137,7.4,29.88,4.04,08:40,17:20
1304,3,15,2024-09-23,Suburban South,135,6.6,25.72,3.9,09:51,15:30
1305,30,12,2023-12-30,University Area,218,9.5,38.86,4.09,08:15,17:23
1306,32,2,2023-07-07,Downtown Loop,162,13.1,52.66,4.02,06:03,14:19
1307,1,10,2023-11-14,University Area,178,8.5,35.1,4.13,09:24,14:12
1308,18,5,2024-01-05,University Area,192,10.1,36.81,3.64,07:50,16:19
1309,23,2,2023-11-27,Suburban South,179,8.0,29.01,3.63,09:29,17:25
1310,29,8,2024-03-07,Suburban North,96,4.1,22.92,5.59,09:02,15:36
1311,27,2,2024-12-23,Highway Express,150,6.9,27.12,3.93,08:13,17:48
1312,39,8,2024-08-30,Suburban South,158,8.7,33.85,3.89,08:18,18:26
1313,43,1,2023-11-13,Airport Route,140,7.6,29.56,3.89,07:05,18:47
1314,34,4,2024-04-03,University Area,145,12.4,64.51,5.2,06:34,16:13
1315,28,4,2023-09-21,Suburban North,168,7.9,29.76,3.77,06:13,16:29
1316,41,4,2023-10-24,Industrial Park Route,209,12.0,46.28,3.86,07:33,14:36
1317,11,7,2023-07-20,Highway Express,104,9.0,34.12,3.79,06:05,17:23
1318,41,1,2023-07-03,Mall District,103,5.9,22.34,3.79,06:59,14:27
1319,17,7,2024-09-13,Suburban North,70,4.1,15.86,3.87,09:26,18:52
1320,40,4,2024-12-25,East Side Delivery,149,8.4,34.95,4.16,07:01,16:35
1321,44,6,2024-01-24,Downtown Loop,142,7.9,31.44,3.98,07:45,15:02
1322,46,13,2024-09-03,Airport Route,154,7.0,27.41,3.92,08:43,17:51
1323,43,4,2024-05-07,Airport Route,184,10.0,37.98,3.8,09:47,16:31
1324,27,4,2024-07-31,Suburban North,130,6.0,23.22,3.87,09:52,15:12
1325,10,7,2023-11-26,East Side Delivery,187,15.6,56.83,3.64,08:48,15:09
1326,33,8,2023-08-24,Downtown Loop,101,8.1,29.73,3.67,08:40,16:45
1327,40,1,2023-08-14,Industrial Park Route,107,6.0,23.65,3.94,07:51,14:14
1328,35,6,2023-12-10,East Side Delivery,151,12.7,53.06,4.18,06:13,15:36
1329,39,4,2023-08-15,Suburban South,102,5.6,21.43,3.83,06:51,14:19
1330,44,8,2024-04-30,Mall District,60,3.3,12.21,3.7,08:36,15:08
1331,24,2,2023-12-12,Industrial Park Route,143,6.4,24.67,3.85,09:12,15:46
1332,32,9,2023-10-19,Downtown Loop,183,14.8,55.33,3.74,09:52,18:49
1333,1,15,2024-12-26,Suburban South,136,6.5,27.87,4.29,07:32,17:12
1334,43,12,2024-08-29,Downtown Loop,153,8.3,31.73,3.82,07:45,17:59
1335,35,12,2024-10-25,Mall District,191,16.1,61.38,3.81,09:43,18:00
1336,17,14,2023-08-14,Mall District,120,6.9,25.67,3.72,08:23,14:21
1337,53,13,2023-09-19,Downtown Loop,160,13.5,54.35,4.03,08:13,16:46
1338,11,15,2024-09-10,Industrial Park Route,169,14.6,55.83,3.82,06:43,16:23
1339,36,2,2024-04-26,Downtown Loop,145,12.8,49.36,3.86,09:19,15:33
1340,46,11,2023-10-26,Highway Express,104,4.8,19.09,3.98,08:30,16:23
1341,24,6,2024-03-15,University Area,174,7.8,36.35,4.66,06:46,15:01
1342,18,15,2024-09-18,Waterfront,180,9.5,36.73,3.87,06:43,15:56
1343,37,1,2024-09-13,Downtown Loop,35,2.8,10.6,3.78,07:35,18:46
1344,3,5,2024-04-18,Airport Route,205,10.0,38.45,3.84,06:14,14:23
1345,7,10,2024-04-13,Suburban South,173,7.4,27.09,3.66,06:11,16:54
1346,46,13,2023-10-05,Suburban South,175,8.0,32.67,4.08,09:24,14:48
1347,26,9,2024-10-19,Suburban South,150,6.6,27.0,4.09,08:24,17:25
1348,55,11,2023-11-22,East Side Delivery,128,11.7,43.71,3.74,08:39,17:16
1349,5,7,2023-07-04,University Area,199,9.4,38.86,4.13,07:43,18:49
1350,41,4,2024-01-25,Waterfront,241,13.8,52.24,3.79,07:31,18:37
1351,28,12,2024-09-17,Waterfront,123,5.8,20.95,3.61,06:18,18:39
1352,9,3,2023-09-14,Suburban North,161,14.1,53.58,3.8,09:29,17:56
1353,27,6,2024-01-29,Industrial Park Route,167,7.7,29.66,3.85,07:19,14:58
1354,38,6,2024-08-27,Downtown Loop,62,5.0,17.43,3.49,09:22,15:42
1355,33,8,2024-03-21,Suburban South,130,10.4,56.22,5.41,07:19,17:54
1356,31,6,2024-08-26,Waterfront,151,12.8,52.07,4.07,09:03,14:17
1357,5,3,2024-08-21,Downtown Loop,155,7.4,27.74,3.75,07:37,17:31
1358,55,13,2024-05-08,East Side Delivery,82,7.5,29.8,3.97,08:54,18:04
1359,7,7,2023-07-18,East Side Delivery,147,6.3,24.45,3.88,06:47,15:02
1360,48,13,2024-02-21,Suburban North,215,10.5,37.56,3.58,07:47,17:43
1361,9,5,2024-10-22,Highway Express,190,16.6,64.46,3.88,06:47,17:48
1362,41,8,2024-10-16,Downtown Loop,180,10.3,41.34,4.01,06:53,14:17
1363,13,10,2024-12-16,University Area,139,11.8,46.58,3.95,08:31,15:15
1364,36,12,2024-12-27,Waterfront,171,15.1,56.78,3.76,08:12,17:01
1365,54,11,2024-09-27,Suburban South,90,7.6,29.9,3.93,07:27,15:05
1366,19,7,2024-10-30,Mall District,104,6.0,23.94,3.99,09:52,15:17
1367,53,11,2023-07-25,Airport Route,145,12.2,50.46,4.14,07:00,15:00
1368,6,7,2023-08-05,University Area,89,3.9,13.46,3.45,07:23,16:01
1369,49,11,2023-11-29,East Side Delivery,143,6.8,22.88,3.36,06:01,16:50
1370,46,11,2023-10-08,University Area,104,4.8,19.38,4.04,08:40,14:20
1371,13,3,2024-06-21,Suburban South,134,11.4,41.28,3.62,06:44,16:07
1372,48,11,2024-01-09,University Area,129,6.3,23.61,3.75,09:28,16:21
1373,7,15,2024-10-11,Suburban North,145,6.2,22.59,3.64,08:15,16:49
1374,54,13,2024-04-15,East Side Delivery,147,12.5,52.06,4.16,06:49,16:49
1375,33,2,2023-10-18,East Side Delivery,126,10.1,38.52,3.81,06:28,15:42
1376,43,12,2024-05-10,Airport Route,200,10.8,43.5,4.03,07:48,18:22
1377,58,11,2024-07-08,Suburban South,88,5.0,17.82,3.56,06:26,16:50
1378,10,3,2023-09-19,Mall District,70,5.8,21.75,3.75,08:36,15:57
1379,51,13,2024-09-05,Suburban South,170,13.3,54.03,4.06,08:15,15:36
1380,17,5,2024-02-02,University Area,106,6.1,24.17,3.96,06:25,14:35
1381,2,7,2023-07-19,University Area,177,7.7,29.64,3.85,09:18,18:08
1382,26,1,2024-05-28,East Side Delivery,93,4.1,14.97,3.65,08:02,18:43
1383,4,7,2023-11-08,Industrial Park Route,203,9.4,31.45,3.35,07:41,16:11
1384,54,13,2023-07-27,Highway Express,60,5.1,19.26,3.78,06:24,14:19
1385,51,11,2024-10-21,University Area,95,7.4,29.77,4.02,06:23,18:36
1386,8,15,2024-02-22,Industrial Park Route,191,9.1,34.71,3.81,07:40,16:01
1387,10,7,2023-11-22,East Side Delivery,87,7.3,30.86,4.23,06:29,16:46
1388,3,7,2024-01-01,Highway Express,104,5.1,19.96,3.91,08:59,15:45
1389,37,2,2023-12-08,Suburban North,63,5.1,20.01,3.92,06:16,15:16
1390,10,10,2024-03-14,East Side Delivery,179,15.0,69.44,4.63,06:01,17:50
1391,37,12,2024-12-13,Highway Express,84,6.8,24.0,3.53,06:56,17:22
1392,8,3,2024-07-20,Downtown Loop,104,4.9,20.03,4.09,09:59,14:47
1393,10,3,2024-08-01,East Side Delivery,82,6.9,28.71,4.16,06:41,15:02
1394,48,13,2024-12-19,East Side Delivery,142,7.0,26.38,3.77,07:23,18:03
1395,39,12,2024-07-10,Waterfront,165,9.1,35.13,3.86,07:57,15:11
1396,28,6,2024-05-21,Suburban South,180,8.5,30.28,3.56,08:13,15:00
1397,34,8,2024-01-05,Suburban South,172,14.7,53.2,3.62,09:21,16:12
1398,16,7,2024-11-06,Highway Express,184,10.4,40.91,3.93,09:43,17:13
1399,23,2,2024-10-09,Suburban North,112,5.0,19.7,3.94,07:29,18:18
1400,15,3,2024-10-21,East Side Delivery,145,11.8,47.54,4.03,09:42,17:01
1401,39,9,2023-07-25,Highway Express,123,6.8,27.41,4.03,07:33,18:13
1402,26,6,2024-12-26,Industrial Park Route,182,8.0,31.59,3.95,07:36,18:04
1403,56,11,2024-05-03,East Side Delivery,107,5.9,22.13,3.75,07:48,17:05
1404,13,3,2023-08-15,Airport Route,138,11.7,44.12,3.77,06:07,17:30
1405,17,14,2023-08-22,Industrial Park Route,81,4.7,16.96,3.61,06:25,14:46
1406,32,9,2024-03-12,Mall District,128,10.4,55.29,5.32,07:45,15:40
1407,7,5,2024-05-03,Airport Route,208,9.0,33.28,3.7,06:25,18:48
1408,56,13,2024-01-01,Industrial Park Route,170,9.3,36.13,3.89,08:26,14:19
1409,31,6,2024-08-13,Mall District,187,15.8,58.07,3.68,09:36,14:37
1410,2,10,2023-07-26,Industrial Park Route,165,7.2,26.79,3.72,09:48,16:00
1411,38,4,2024-05-13,Waterfront,127,10.2,40.48,3.97,06:21,15:42
1412,1,10,2024-06-11,Suburban South,131,6.3,22.97,3.65,09:44,14:03
1413,25,6,2024-08-30,University Area,109,4.9,19.38,3.95,08:10,15:46
1414,36,9,2024-05-08,Downtown Loop,133,11.7,42.84,3.66,06:37,16:30
1415,45,11,2023-07-17,Suburban North,106,4.7,18.49,3.93,09:45,14:46
1416,52,11,2023-10-22,University Area,201,16.2,59.99,3.7,09:13,16:59
1417,11,3,2023-07-13,Suburban South,168,14.5,53.28,3.67,07:25,18:29
1418,54,11,2024-03-14,Highway Express,144,12.2,66.45,5.45,07:49,15:14
1419,1,7,2024-12-18,University Area,197,9.4,35.5,3.78,06:12,14:44
1420,39,4,2023-10-20,Mall District,212,11.7,43.24,3.7,09:40,14:39
1421,39,6,2024-06-14,Mall District,185,10.2,38.16,3.74,07:36,17:29
1422,52,13,2023-09-08,Airport Route,94,7.6,32.55,4.28,07:36,18:29
1423,46,13,2024-10-15,Highway Express,160,7.3,27.65,3.79,08:25,18:03
1424,28,1,2023-07-31,Highway Express,112,5.3,16.95,3.2,06:57,17:32
1425,15,7,2023-09-14,Suburban South,184,15.0,53.51,3.57,09:42,15:45
1426,38,6,2024-05-17,Industrial Park Route,155,12.5,47.1,3.77,08:32,17:16
1427,33,2,2024-04-10,Industrial Park Route,140,11.2,56.56,5.05,09:23,15:29
1428,24,2,2024-07-25,University Area,167,7.5,31.84,4.24,08:22,15:12
1429,20,5,2024-11-29,Highway Express,182,9.8,37.41,3.82,08:03,14:35
1430,45,13,2023-10-21,Suburban South,181,8.0,30.02,3.75,09:06,15:11
1431,23,12,2023-09-25,East Side Delivery,279,12.5,46.71,3.74,06:55,16:35
1432,34,8,2023-11-01,Industrial Park Route,99,8.4,33.7,4.01,06:54,15:17
1433,42,6,2024-12-17,University Area,151,8.6,30.68,3.57,07:56,18:32
1434,38,8,2023-09-05,Airport Route,148,11.9,45.64,3.84,06:30,14:57
1435,53,13,2024-08-23,Suburban South,194,16.3,62.17,3.81,07:35,17:04
1436,10,14,2023-09-20,Downtown Loop,96,8.0,31.64,3.96,07:12,16:41
1437,13,5,2024-06-14,Waterfront,180,15.3,56.81,3.71,08:41,14:27
1438,6,3,2024-07-31,Suburban North,105,4.6,17.71,3.85,07:01,18:27
1439,31,12,2023-10-05,Highway Express,145,12.3,48.3,3.93,07:55,14:51
1440,49,13,2024-11-15,Waterfront,144,6.9,26.0,3.77,08:55,16:06
1441,3,3,2024-04-05,Industrial Park Route,109,5.3,29.66,5.6,07:00,17:29
1442,18,7,2024-12-10,Waterfront,175,9.2,36.89,4.01,07:17,15:14
1443,13,3,2024-07-23,Waterfront,236,20.0,79.83,3.99,09:29,16:01
1444,3,5,2024-05-24,Waterfront,128,6.2,24.06,3.88,08:30,14:57
1445,10,10,2024-11-16,University Area,114,9.5,37.15,3.91,06:42,15:17
1446,40,8,2024-03-22,University Area,143,8.1,41.92,5.18,07:37,18:39
1447,33,8,2024-12-28,Waterfront,134,10.7,41.51,3.88,08:07,14:39
1448,44,1,2024-02-15,University Area,129,7.2,26.9,3.74,06:27,14:36
1449,14,14,2023-08-10,East Side Delivery,86,7.0,28.82,4.12,06:59,18:20
1450,1,5,2024-10-11,Waterfront,142,6.8,26.43,3.89,09:45,17:27
1451,7,15,2023-08-23,East Side Delivery,143,6.2,24.18,3.9,07:48,15:41
1452,31,2,2023-10-08,University Area,160,13.6,50.47,3.71,08:56,16:30
1453,12,7,2024-04-15,Suburban North,188,15.8,61.24,3.88,08:25,15:17
1454,1,3,2023-09-16,Mall District,185,8.9,33.31,3.74,08:43,15:56
1455,44,9,2024-10-30,Airport Route,87,4.8,19.94,4.15,06:21,15:56
1456,39,12,2024-03-01,Airport Route,89,4.9,29.21,5.96,08:19,15:38
1457,2,15,2023-12-21,Mall District,192,8.3,33.13,3.99,09:17,18:43
1458,58,11,2023-09-19,Airport Route,103,5.9,21.82,3.7,07:01,16:14
1459,4,7,2023-10-18,Waterfront,115,5.3,19.97,3.77,09:30,17:01
1460,25,8,2023-08-12,East Side Delivery,134,6.1,24.7,4.05,07:45,16:15
1461,49,13,2024-02-09,Downtown Loop,98,4.7,19.32,4.11,09:59,15:55
1462,51,11,2024-09-15,East Side Delivery,114,8.9,35.08,3.94,06:24,16:06
1463,35,2,2023-09-27,Airport Route,176,14.8,55.73,3.77,08:34,15:01
1464,56,13,2024-11-25,Suburban North,160,8.8,34.1,3.88,07:51,17:51
1465,6,3,2024-03-29,Industrial Park Route,93,4.1,21.24,5.18,07:44,17:03
1466,32,4,2024-11-07,Suburban South,195,15.8,58.71,3.72,06:09,15:13
1467,4,10,2024-01-08,Industrial Park Route,181,8.4,31.9,3.8,08:18,15:07
1468,36,8,2024-02-22,Waterfront,164,14.5,52.44,3.62,07:47,17:00
1469,29,8,2024-06-22,Downtown Loop,177,7.5,28.5,3.8,06:43,18:59
1470,18,10,2024-03-21,Downtown Loop,101,5.3,28.55,5.39,06:21,17:44
1471,41,4,2024-11-27,Airport Route,148,8.5,33.25,3.91,09:00,14:38
1472,26,2,2024-05-19,Suburban North,36,1.6,6.19,3.87,08:27,15:07
1473,47,11,2024-08-13,Airport Route,175,8.0,30.43,3.8,07:50,17:07
1474,56,13,2023-11-09,Waterfront,95,5.2,20.26,3.9,09:36,17:26
1475,44,1,2024-12-19,Mall District,142,7.9,32.96,4.17,08:52,16:02
1476,43,12,2023-07-12,Suburban North,119,6.5,24.21,3.72,09:15,18:39
1477,41,12,2024-02-03,Suburban South,84,4.8,17.69,3.69,07:32,16:46
1478,7,7,2023-10-11,Industrial Park Route,131,5.6,21.09,3.77,07:48,16:10
1479,30,4,2024-08-19,University Area,45,2.0,7.75,3.87,06:38,16:12
1480,22,4,2024-05-24,Suburban North,139,6.2,21.28,3.43,09:07,15:02
1481,3,10,2024-10-08,Industrial Park Route,71,3.5,13.31,3.8,06:17,18:03
1482,24,4,2023-10-06,Downtown Loop,211,9.5,35.88,3.78,06:43,15:13
1483,51,13,2023-10-16,University Area,89,7.0,27.75,3.96,07:46,17:18
1484,38,1,2024-01-26,Suburban South,123,9.9,39.05,3.94,06:46,14:35
1485,6,15,2024-02-05,East Side Delivery,213,9.3,34.93,3.76,09:41,16:10
1486,50,13,2024-01-28,Suburban North,154,7.3,29.17,4.0,09:41,17:57
1487,2,15,2024-07-25,Mall District,143,6.2,24.69,3.98,06:04,18:30
1488,27,8,2024-12-11,East Side Delivery,227,10.5,40.91,3.9,06:31,15:34
1489,58,13,2024-04-29,Suburban South,158,9.0,35.5,3.94,07:45,15:24
1490,36,4,2024-07-18,Highway Express,157,13.9,58.71,4.22,06:56,17:14
1491,30,8,2023-09-30,Mall District,118,5.1,19.11,3.75,08:03,18:25
1492,6,15,2023-07-01,East Side Delivery,127,5.6,22.43,4.01,09:15,15:42
1493,21,4,2023-10-20,University Area,188,8.3,32.86,3.96,09:16,15:56
1494,41,1,2023-11-08,Highway Express,159,9.1,36.33,3.99,07:35,18:14
1495,33,9,2024-08-14,Downtown Loop,183,14.7,60.24,4.1,09:45,16:00
1496,39,12,2023-07-06,East Side Delivery,129,7.1,27.72,3.9,09:57,17:24
1497,20,15,2024-07-15,Suburban South,193,10.4,36.51,3.51,06:53,16:37
1498,1,14,2024-05-24,East Side Delivery,127,6.1,24.37,4.0,09:50,18:22
1499,34,8,2023-08-29,Suburban North,146,12.5,50.99,4.08,07:27,15:23
1500,7,14,2024-01-10,Waterfront,197,8.5,33.71,3.97,08:35,17:02
1501,6,3,2023-08-24,East Side Delivery,165,7.2,27.09,3.76,06:47,16:30
1502,5,14,2024-08-15,University Area,206,9.8,38.89,3.97,06:52,14:17
1503,17,3,2023-09-11,Suburban North,141,8.2,30.42,3.71,08:54,18:13
1504,24,4,2024-09-04,Airport Route,175,7.9,27.61,3.5,09:01,17:11
1505,34,12,2024-04-27,Waterfront,117,10.0,40.12,4.01,07:37,16:11
1506,13,3,2024-08-12,Industrial Park Route,199,16.9,72.96,4.32,07:46,16:33
1507,1,10,2024-06-05,Downtown Loop,90,4.3,18.99,4.42,09:10,14:31
1508,42,12,2024-10-19,East Side Delivery,101,5.7,22.19,3.89,09:06,16:42
1509,49,11,2024-01-08,Industrial Park Route,149,7.1,27.97,3.94,08:00,15:59
1510,35,12,2024-01-19,University Area,100,8.4,35.19,4.19,08:48,17:20
1511,20,7,2024-05-02,Suburban North,191,10.3,33.3,3.23,07:08,15:21
1512,26,1,2024-12-09,Suburban South,138,6.1,20.39,3.34,07:28,14:43
1513,42,6,2023-10-26,Suburban North,131,7.4,29.26,3.95,07:09,15:23
1514,57,11,2023-11-01,Industrial Park Route,84,5.0,17.42,3.48,06:30,14:02
1515,53,11,2023-09-27,Mall District,156,13.1,50.95,3.89,09:31,17:40
1516,55,11,2023-10-02,Downtown Loop,179,16.3,56.93,3.49,09:00,14:10
1517,11,3,2024-11-20,Suburban North,150,12.9,46.45,3.6,08:18,17:52
1518,53,11,2024-08-02,Suburban South,74,6.2,22.05,3.56,09:42,16:19
1519,12,7,2024-04-20,University Area,89,7.5,29.05,3.87,07:19,16:57
1520,3,14,2024-12-10,University Area,149,7.2,26.17,3.64,06:48,16:48
1521,26,2,2024-10-03,Waterfront,153,6.7,29.9,4.46,07:28,18:47
1522,6,7,2024-10-28,Highway Express,134,5.9,23.71,4.02,06:38,18:05
1523,13,10,2023-09-30,Mall District,152,12.9,51.11,3.96,07:48,16:10
1524,33,2,2024-08-13,University Area,179,14.3,54.52,3.81,08:58,15:39
1525,4,15,2023-09-11,Mall District,137,6.3,24.97,3.96,09:53,18:43
1526,10,7,2023-09-28,Airport Route,168,14.0,54.5,3.89,06:32,17:06
1527,3,15,2024-08-16,East Side Delivery,154,7.5,25.91,3.45,07:58,17:46
1528,48,13,2024-11-26,Airport Route,177,8.7,34.93,4.02,07:29,18:17
1529,18,14,2024-02-26,Suburban South,232,12.2,47.54,3.9,06:26,17:56
1530,26,4,2024-04-23,Mall District,207,9.1,33.67,3.7,06:02,14:22
1531,14,5,2023-09-28,Industrial Park Route,153,12.5,53.03,4.24,09:17,15:54
1532,45,11,2024-10-25,University Area,128,5.7,22.23,3.9,09:15,15:18
1533,26,8,2024-08-07,East Side Delivery,260,11.5,44.14,3.84,06:22,18:41
1534,39,6,2023-12-24,Airport Route,122,6.7,26.39,3.94,06:24,16:43
1535,53,11,2024-09-03,Downtown Loop,223,18.8,79.47,4.23,06:20,15:29
1536,9,3,2023-09-14,Mall District,150,13.1,50.77,3.88,06:06,17:57
1537,53,11,2024-10-02,Waterfront,159,13.4,52.07,3.89,07:30,18:19
1538,52,11,2024-09-29,Suburban North,117,9.4,33.7,3.59,08:43,16:16
1539,39,8,2024-05-21,Waterfront,134,7.4,30.22,4.08,07:02,15:02
1540,6,14,2024-08-13,Mall District,190,8.3,27.35,3.3,08:13,14:56
1541,11,7,2023-09-04,Suburban South,150,12.9,51.35,3.98,09:25,17:59
1542,3,14,2024-06-10,Waterfront,170,8.3,31.39,3.78,09:30,16:38
1543,30,12,2023-07-22,Suburban North,119,5.2,19.89,3.82,07:25,18:00
1544,33,2,2023-07-10,Airport Route,198,15.9,58.13,3.66,08:00,15:03
1545,41,4,2023-07-25,Waterfront,162,9.3,37.15,3.99,09:42,17:44
1546,36,1,2024-08-01,Industrial Park Route,124,11.0,42.21,3.84,07:54,17:25
1547,52,13,2023-12-31,Mall District,185,14.9,56.51,3.79,07:59,15:21
1548,45,11,2023-07-02,Mall District,82,3.6,14.48,4.02,09:50,15:48
1549,37,12,2023-07-21,Industrial Park Route,117,9.5,36.94,3.89,09:53,15:24
1550,52,11,2023-08-24,Highway Express,149,12.0,44.89,3.74,08:50,14:57
1551,4,15,2023-09-02,Suburban South,170,7.9,30.92,3.91,06:17,16:47
1552,14,15,2023-10-31,Suburban North,107,8.8,32.17,3.66,07:18,14:09
1553,8,7,2024-08-12,Waterfront,170,8.1,30.61,3.78,09:13,18:47
1554,41,12,2024-02-26,Suburban South,119,6.8,26.04,3.83,06:11,18:17
1555,11,5,2024-03-30,Mall District,150,12.9,65.02,5.04,09:49,14:25
1556,25,2,2024-10-14,Mall District,61,2.8,11.02,3.93,07:36,18:32
1557,51,11,2024-01-12,University Area,156,12.2,52.72,4.32,06:42,14:07
1558,2,7,2023-08-01,Highway Express,105,4.6,15.4,3.35,06:42,14:50
1559,21,1,2024-01-16,Mall District,87,3.8,14.46,3.81,09:48,17:31
1560,13,14,2024-10-22,Mall District,205,17.4,66.75,3.84,08:14,15:11
1561,22,2,2024-03-12,Waterfront,158,7.1,37.27,5.25,08:33,17:00
1562,31,8,2023-10-12,Downtown Loop,127,10.8,39.36,3.64,07:26,17:28
1563,45,11,2024-12-17,Downtown Loop,73,3.2,11.46,3.58,07:28,16:01
1564,49,11,2023-12-16,Highway Express,115,5.5,20.39,3.71,06:28,16:40
1565,29,4,2024-08-19,University Area,109,4.6,17.37,3.78,09:11,17:40
1566,5,14,2024-04-16,Suburban North,126,6.0,23.92,3.99,06:29,14:59
1567,14,10,2024-06-16,Industrial Park Route,104,8.5,29.59,3.48,09:46,17:33
1568,27,8,2023-11-18,Waterfront,183,8.5,31.97,3.76,06:25,17:03
1569,35,12,2024-10-13,Industrial Park Route,121,10.2,41.35,4.05,08:34,16:34
1570,38,8,2024-07-05,Highway Express,200,16.1,62.9,3.91,08:54,17:48
1571,54,13,2024-05-13,Industrial Park Route,147,12.5,43.77,3.5,06:12,14:12
1572,46,11,2023-08-22,University Area,131,6.0,22.84,3.81,09:30,17:01
1573,8,14,2023-09-28,Mall District,132,6.3,23.28,3.7,09:28,17:05
1574,57,11,2023-07-10,Downtown Loop,91,5.4,20.68,3.83,07:58,17:26
1575,36,9,2024-03-23,East Side Delivery,185,16.3,87.5,5.37,08:49,17:37
1576,18,10,2024-08-20,East Side Delivery,69,3.6,13.31,3.7,08:55,18:25
1577,18,10,2023-07-31,Suburban South,114,6.0,21.73,3.62,09:32,17:02
1578,50,13,2024-07-17,Downtown Loop,117,5.6,21.28,3.8,08:28,17:53
1579,46,11,2023-12-25,Industrial Park Route,84,3.8,14.5,3.82,09:31,16:10
1580,23,9,2024-11-13,University Area,76,3.4,13.4,3.94,06:00,16:42
1581,15,10,2024-08-13,Waterfront,147,12.0,45.41,3.78,07:28,17:15
1582,1,14,2023-11-07,Suburban North,205,9.8,39.32,4.01,07:29,16:26
1583,52,13,2024-02-24,Suburban North,198,15.9,63.59,4.0,06:50,17:48
1584,51,13,2023-11-21,Suburban North,147,11.5,38.88,3.38,06:14,17:58
1585,41,6,2023-11-17,University Area,176,10.1,38.16,3.78,07:46,18:19
1586,14,14,2024-01-05,Mall District,165,13.5,57.37,4.25,09:42,14:54
1587,46,13,2023-10-02,Mall District,172,7.9,28.16,3.56,09:54,14:21
1588,31,9,2023-07-10,Highway Express,167,14.2,56.47,3.98,09:05,16:29
1589,41,1,2024-11-16,Suburban North,138,7.9,33.23,4.21,08:17,18:37
1590,10,3,2024-08-15,Suburban South,191,16.0,58.83,3.68,09:43,18:53
1591,41,6,2024-06-23,East Side Delivery,201,11.5,43.56,3.79,06:23,17:14
1592,56,11,2023-09-25,Suburban North,189,10.4,40.4,3.89,09:24,18:31
1593,15,7,2024-11-20,East Side Delivery,117,9.5,37.83,3.98,09:49,18:17
1594,33,6,2023-09-21,Mall District,128,10.3,38.77,3.76,06:55,14:01
1595,45,13,2023-09-27,East Side Delivery,139,6.2,25.27,4.08,09:48,14:50
1596,14,14,2024-01-01,University Area,166,13.6,51.41,3.78,08:50,14:43
1597,55,11,2023-11-24,Mall District,135,12.3,45.5,3.7,07:24,17:49
1598,40,4,2024-04-30,Airport Route,183,10.3,39.94,3.88,08:05,15:46
1599,25,4,2024-10-22,Mall District,94,4.3,17.28,4.02,07:41,14:36
1600,57,13,2023-09-10,Mall District,110,6.6,24.77,3.75,07:36,18:25
1601,47,11,2024-01-26,Highway Express,81,3.7,13.85,3.74,06:04,15:53
1602,43,4,2023-10-30,Airport Route,191,10.4,43.42,4.17,07:22,18:56
1603,56,13,2024-09-03,Airport Route,101,5.5,23.03,4.19,06:52,14:08
1604,14,5,2024-05-16,Highway Express,119,9.7,36.16,3.73,09:54,16:41
1605,35,12,2024-02-27,East Side Delivery,110,9.3,33.28,3.58,07:41,15:43
1606,19,15,2023-08-04,University Area,225,13.0,48.3,3.72,06:47,18:14
1607,3,10,2024-06-13,University Area,181,8.8,33.53,3.81,09:50,16:54
1608,49,13,2024-05-14,Airport Route,165,7.9,30.52,3.86,06:19,18:29
1609,48,11,2024-04-06,Suburban North,133,6.5,34.35,5.29,06:48,16:08
1610,20,15,2024-05-30,Suburban North,128,6.9,26.75,3.88,08:27,14:28
1611,8,7,2024-05-30,Airport Route,81,3.8,14.38,3.78,07:13,18:37
1612,18,15,2024-04-19,Downtown Loop,105,5.5,22.31,4.06,09:11,17:47
1613,17,3,2024-10-25,Airport Route,174,10.1,41.29,4.09,06:29,14:45
1614,6,7,2024-05-28,Highway Express,77,3.4,12.63,3.72,08:48,18:50
1615,41,6,2024-12-06,Mall District,174,10.0,41.93,4.19,08:28,15:59
1616,51,13,2024-08-06,Mall District,118,9.2,36.83,4.0,06:46,17:06
1617,24,12,2024-03-14,Downtown Loop,117,5.3,28.22,5.32,09:16,14:20
1618,43,2,2024-07-02,Mall District,159,8.6,35.41,4.12,09:35,17:27
1619,26,6,2024-10-16,Highway Express,162,7.1,28.33,3.99,08:17,14:30
1620,45,11,2024-06-15,Mall District,196,8.7,34.03,3.91,08:02,18:10
1621,58,13,2024-02-27,East Side Delivery,128,7.3,29.52,4.04,07:46,14:53
1622,31,6,2024-03-20,Downtown Loop,111,9.4,55.22,5.87,08:15,16:27
1623,2,14,2024-01-15,University Area,151,6.6,25.17,3.81,09:35,14:30
1624,30,1,2024-12-23,Highway Express,76,3.3,13.04,3.95,07:09,14:18
1625,16,15,2023-11-10,University Area,178,10.1,39.26,3.89,08:27,16:50
1626,29,8,2024-07-30,East Side Delivery,169,7.1,28.04,3.95,09:41,15:12
1627,48,11,2024-11-14,University Area,161,7.9,28.55,3.61,08:25,16:48
1628,47,11,2023-09-24,Suburban South,168,7.7,30.68,3.98,08:08,14:20
1629,52,11,2024-08-29,Highway Express,194,15.6,58.79,3.77,09:27,17:37
1630,16,15,2024-05-23,Suburban North,196,11.1,45.91,4.14,08:44,14:08
1631,2,15,2023-08-08,Industrial Park Route,159,6.9,24.78,3.59,09:31,18:58
1632,9,7,2023-09-18,Mall District,191,16.7,66.73,4.0,07:56,15:52
1633,6,14,2023-07-31,Suburban North,96,4.2,16.63,3.96,07:33,16:35
1634,17,7,2023-07-13,Suburban North,186,10.8,40.38,3.74,08:23,16:35
1635,18,3,2024-08-01,Airport Route,121,6.4,25.68,4.01,08:44,14:43
1636,16,14,2023-09-05,Suburban South,103,5.8,23.11,3.98,06:10,16:25
1637,17,5,2024-08-13,University Area,90,5.2,19.55,3.76,09:36,18:26
1638,45,11,2023-07-25,Downtown Loop,173,7.7,30.83,4.0,08:19,14:04
1639,55,13,2024-01-06,Highway Express,136,12.4,43.35,3.5,08:46,18:00
1640,36,12,2023-10-26,Suburban South,122,10.8,42.23,3.91,06:26,16:14
1641,15,7,2024-03-05,Suburban North,193,15.7,85.6,5.45,08:13,15:14
1642,7,14,2024-06-11,Industrial Park Route,188,8.1,31.87,3.94,07:27,17:50
1643,20,5,2023-12-12,Airport Route,203,10.9,43.07,3.95,07:05,14:12
1644,45,13,2024-07-16,Waterfront,211,9.4,35.1,3.73,06:30,15:37
1645,14,14,2023-07-28,Highway Express,188,15.4,58.82,3.82,09:06,15:51
1646,45,13,2024-10-25,Waterfront,169,7.5,26.69,3.56,06:31,17:50
1647,22,9,2023-09-17,Suburban North,220,9.9,39.79,4.02,06:27,15:41
1648,56,11,2024-09-01,Airport Route,161,8.8,36.31,4.13,09:09,16:18
1649,24,4,2024-07-12,Highway Express,57,2.6,10.44,4.02,08:40,17:01
1650,16,14,2024-09-17,Suburban South,227,12.9,50.44,3.91,08:55,18:07
1651,48,11,2024-12-11,Airport Route,52,2.5,9.64,3.85,09:14,16:50
1652,22,9,2024-03-14,Suburban North,131,5.9,29.69,5.03,08:55,15:53
1653,21,8,2024-09-21,Airport Route,188,8.3,31.83,3.84,09:23,18:07
1654,46,13,2024-12-19,University Area,150,6.9,27.56,3.99,06:39,15:55
1655,28,6,2024-12-16,Highway Express,101,4.7,17.53,3.73,08:57,17:49
1656,27,2,2024-03-25,Suburban North,148,6.8,38.54,5.67,08:21,16:45
1657,6,15,2024-11-18,Industrial Park Route,111,4.9,19.84,4.05,07:20,15:56
1658,53,13,2023-10-11,Airport Route,123,10.4,39.9,3.84,08:30,16:33
1659,24,1,2024-02-07,Mall District,156,7.0,27.68,3.95,09:24,16:36
1660,17,14,2024-02-22,Highway Express,196,11.4,44.84,3.93,09:34,14:20
1661,16,7,2024-10-29,Industrial Park Route,145,8.2,29.73,3.63,09:13,15:07
1662,58,11,2024-02-26,Suburban North,144,8.2,35.38,4.31,09:42,16:33
1663,11,7,2024-04-18,Waterfront,97,8.4,30.33,3.61,06:45,14:32
1664,53,11,2023-09-28,Waterfront,136,11.5,44.36,3.86,06:58,17:44
1665,7,7,2024-01-01,Waterfront,136,5.9,20.51,3.48,06:53,17:33
1666,50,13,2024-05-10,University Area,177,8.4,34.17,4.07,06:34,17:31
1667,24,2,2024-12-13,Industrial Park Route,164,7.4,26.52,3.58,07:56,17:57
1668,45,13,2024-09-13,Suburban North,176,7.8,30.57,3.92,09:49,15:29
1669,55,11,2023-09-06,Suburban South,156,14.2,57.32,4.04,09:31,14:51
1670,26,6,2024-11-12,Highway Express,170,7.5,26.43,3.52,09:17,15:02
1671,5,5,2024-08-09,Mall District,223,10.6,41.0,3.87,09:39,16:07
1672,41,2,2024-01-19,Downtown Loop,152,8.7,31.34,3.6,07:22,16:24
1673,54,13,2023-12-22,Downtown Loop,195,16.5,61.69,3.74,07:28,14:02
1674,16,10,2024-02-13,Mall District,99,5.6,21.16,3.78,07:03,15:19
1675,52,11,2024-11-05,University Area,127,10.2,43.67,4.28,07:24,14:07
1676,25,4,2024-10-21,Highway Express,107,4.8,18.1,3.77,07:50,16:01
1677,40,9,2023-11-03,East Side Delivery,178,10.0,37.32,3.73,08:38,17:06
1678,52,13,2023-12-18,Mall District,126,10.1,36.69,3.63,08:26,16:40
1679,52,11,2024-04-29,East Side Delivery,140,11.3,44.99,3.98,07:55,18:17
1680,10,15,2024-04-15,Highway Express,209,17.5,64.5,3.69,09:40,18:36
1681,51,11,2024-11-10,Airport Route,201,15.7,63.72,4.06,06:21,14:23
1682,31,8,2024-08-08,Industrial Park Route,177,15.0,58.11,3.87,06:29,16:09
1683,22,1,2024-12-04,Highway Express,158,7.1,27.53,3.88,06:33,15:40
1684,5,3,2024-10-11,East Side Delivery,178,8.5,27.83,3.27,06:13,14:05
1685,46,13,2024-12-13,Suburban North,141,6.4,25.71,4.02,06:58,15:46
1686,54,13,2023-11-03,Waterfront,167,14.2,51.33,3.61,06:10,17:19
1687,6,3,2023-12-08,Highway Express,140,6.1,21.4,3.51,08:43,14:13
1688,30,8,2023-08-29,Suburban South,145,6.3,27.05,4.29,06:44,17:49
1689,1,3,2023-10-18,Suburban North,139,6.7,24.76,3.7,09:18,15:45
1690,11,14,2023-10-12,Waterfront,150,12.9,47.54,3.69,09:50,16:49
1691,3,15,2023-07-05,Highway Express,69,3.4,13.34,3.92,09:20,17:55
1692,47,11,2024-05-14,Suburban North,114,5.2,20.78,4.0,09:11,15:50
1693,29,8,2023-07-10,Mall District,221,9.3,36.44,3.92,06:13,18:21
1694,32,2,2024-04-01,Downtown Loop,205,16.6,92.89,5.6,07:46,17:18
1695,18,10,2024-05-21,Downtown Loop,80,4.2,15.74,3.75,06:29,14:14
1696,52,13,2023-08-23,Waterfront,240,19.3,75.65,3.92,08:21,14:25
1697,1,10,2023-09-28,Airport Route,147,7.0,27.05,3.86,09:15,17:49
1698,43,4,2024-08-28,Suburban South,195,10.6,44.19,4.17,06:21,18:57
1699,27,6,2024-01-23,Mall District,152,7.0,26.69,3.81,07:50,14:46
1700,9,3,2024-03-21,Industrial Park Route,184,16.1,82.23,5.11,07:12,17:27
1701,15,3,2024-08-14,Mall District,55,4.5,18.68,4.15,06:32,17:11
1702,53,11,2024-05-20,Airport Route,152,12.8,49.35,3.86,08:06,17:51
1703,38,12,2024-01-09,Waterfront,109,8.8,37.12,4.22,09:29,16:15
1704,6,14,2024-04-16,Airport Route,220,9.6,37.85,3.94,06:47,14:46
1705,51,11,2023-11-03,Downtown Loop,231,18.1,72.12,3.98,07:42,18:28
1706,4,5,2024-04-24,Suburban South,176,8.1,29.76,3.67,06:38,17:13
1707,24,2,2023-07-28,Airport Route,162,7.3,29.54,4.05,07:02,15:20
1708,53,11,2023-08-04,Mall District,143,12.0,45.78,3.81,06:51,15:45
1709,30,8,2024-03-14,Downtown Loop,227,9.8,55.17,5.63,07:57,17:55
1710,26,1,2024-11-13,Suburban North,209,9.2,33.72,3.67,09:09,17:33
1711,58,13,2024-03-25,East Side Delivery,150,8.6,46.07,5.36,08:14,16:26
1712,33,12,2024-12-24,Industrial Park Route,188,15.1,56.5,3.74,09:29,15:59
1713,34,1,2024-10-23,East Side Delivery,194,16.5,58.9,3.57,07:57,16:26
1714,51,11,2023-10-05,Industrial Park Route,201,15.7,60.86,3.88,07:11,17:48
1715,38,4,2023-11-14,Waterfront,106,8.5,37.88,4.46,08:39,14:11
1716,6,14,2024-01-04,Highway Express,129,5.6,23.92,4.27,09:55,17:55
1717,25,2,2024-12-12,Industrial Park Route,162,7.3,23.6,3.23,08:28,16:30
1718,13,7,2024-12-27,University Area,168,14.3,57.19,4.0,07:11,15:41
1719,30,1,2024-09-27,Airport Route,124,5.4,20.0,3.7,07:58,14:03
1720,25,4,2024-05-18,Industrial Park Route,87,3.9,14.59,3.74,09:31,16:55
1721,12,14,2023-12-28,Industrial Park Route,210,17.6,70.98,4.03,08:52,14:18
1722,12,14,2024-06-09,Mall District,145,12.2,50.05,4.1,09:44,16:48
1723,4,3,2024-10-06,Waterfront,170,7.9,28.18,3.57,06:17,15:38
1724,12,7,2024-03-29,Highway Express,137,11.5,59.66,5.19,09:15,15:08
1725,41,8,2024-07-18,Industrial Park Route,168,9.7,35.87,3.7,07:27,17:42
1726,25,9,2024-09-23,Waterfront,136,6.2,25.93,4.18,07:42,16:08
1727,58,13,2024-12-18,Suburban North,143,8.2,34.35,4.19,06:55,16:24
1728,30,1,2023-12-22,Industrial Park Route,131,5.7,20.91,3.67,06:49,14:33
1729,55,11,2023-08-24,Airport Route,152,13.9,53.88,3.88,09:48,15:56
1730,42,12,2024-12-24,Industrial Park Route,144,8.2,36.82,4.49,09:04,15:41
1731,49,13,2023-12-07,Industrial Park Route,96,4.6,17.95,3.9,08:07,14:02
1732,42,2,2024-03-26,Waterfront,163,9.2,51.7,5.62,07:20,16:14
1733,16,10,2023-08-02,Suburban North,115,6.5,25.45,3.92,07:01,16:47
1734,49,13,2024-01-04,East Side Delivery,28,1.3,4.85,3.73,08:44,15:01
1735,13,10,2024-09-26,Downtown Loop,127,10.8,41.47,3.84,06:29,17:25
1736,38,8,2024-10-22,Suburban North,132,10.6,38.67,3.65,06:48,15:45
1737,24,8,2023-12-21,Suburban South,180,8.1,32.42,4.0,07:03,15:01
1738,9,15,2024-08-19,Waterfront,137,12.0,43.69,3.64,08:37,16:37
1739,8,15,2024-01-26,University Area,120,5.7,21.58,3.79,06:57,18:52
1740,52,11,2023-11-06,Airport Route,168,13.5,53.23,3.94,06:24,17:50
1741,57,11,2024-01-16,Suburban North,59,3.5,13.22,3.78,08:46,16:42
1742,58,11,2024-04-11,Waterfront,77,4.4,23.35,5.31,09:18,16:29
1743,52,13,2023-07-03,Waterfront,171,13.7,46.84,3.42,07:55,16:10
1744,56,11,2023-09-06,Highway Express,117,6.4,26.11,4.08,09:24,15:33
1745,6,7,2024-05-08,East Side Delivery,165,7.2,27.26,3.79,09:31,18:01
1746,14,14,2024-09-07,Mall District,159,13.0,49.7,3.82,08:12,14:47
1747,16,5,2024-08-03,University Area,181,10.3,41.5,4.03,09:54,18:39
1748,20,7,2023-07-28,University Area,207,11.1,44.5,4.01,07:47,16:38
1749,15,10,2024-01-07,Downtown Loop,144,11.7,44.64,3.81,09:54,14:56
1750,12,5,2024-07-22,East Side Delivery,226,19.0,67.17,3.54,07:50,18:32
1751,26,4,2023-09-02,Industrial Park Route,118,5.2,18.59,3.57,08:43,14:26
1752,35,2,2024-08-15,Waterfront,44,3.7,13.32,3.6,06:54,16:48
1753,53,11,2023-08-07,Mall District,168,14.1,52.5,3.72,08:57,17:59
1754,51,11,2024-11-25,East Side Delivery,137,10.7,46.28,4.33,09:06,18:12
1755,25,2,2024-09-04,Suburban North,158,7.2,28.73,3.99,08:25,18:16
1756,23,4,2024-11-29,Highway Express,178,8.0,28.23,3.53,06:50,18:07
1757,16,15,2024-11-08,East Side Delivery,110,6.2,25.36,4.09,07:38,14:23
1758,6,7,2024-09-10,Downtown Loop,95,4.2,16.25,3.87,06:13,18:46
1759,50,11,2023-08-14,Industrial Park Route,171,8.1,30.84,3.81,09:17,16:14
1760,38,6,2024-09-04,Downtown Loop,176,14.2,53.22,3.75,09:26,15:56
1761,10,5,2024-12-19,Mall District,171,14.3,55.33,3.87,08:12,15:46
1762,30,2,2024-08-07,Airport Route,102,4.4,16.36,3.72,07:58,15:43
1763,5,3,2024-04-01,Highway Express,61,2.9,15.12,5.22,06:10,15:34
1764,21,4,2024-02-05,Suburban South,170,7.5,30.43,4.06,08:31,18:33
1765,33,9,2023-10-27,Suburban North,117,9.4,38.02,4.05,08:39,17:08
1766,58,13,2024-02-02,Airport Route,114,6.5,25.32,3.9,09:23,14:43
1767,39,9,2024-08-20,Airport Route,157,8.7,31.7,3.64,08:40,16:26
1768,38,1,2023-09-29,Highway Express,168,13.5,51.77,3.83,08:12,15:17
1769,24,12,2024-11-26,Highway Express,115,5.2,18.83,3.62,06:50,15:50
1770,12,7,2024-12-10,Suburban North,213,17.9,70.9,3.96,08:12,14:44
1771,12,5,2023-10-08,Suburban South,114,9.6,38.3,3.99,09:31,16:49
1772,48,13,2023-12-14,Suburban South,133,6.5,26.52,4.08,09:30,14:07
1773,35,1,2024-02-20,Airport Route,181,15.2,51.55,3.39,08:54,14:59
1774,37,4,2023-08-22,Waterfront,185,15.0,55.57,3.7,09:27,17:10
1775,6,3,2023-07-28,Mall District,110,4.8,19.65,4.09,07:02,17:03
1776,27,12,2024-07-01,University Area,113,5.2,18.75,3.61,07:51,18:22
1777,56,11,2023-12-03,Waterfront,162,8.9,32.28,3.63,06:48,18:21
1778,20,7,2024-07-26,Highway Express,217,11.7,44.65,3.82,07:11,18:59
1779,10,3,2023-12-06,University Area,161,13.5,59.44,4.4,09:01,14:43
1780,57,13,2024-06-06,Airport Route,118,7.1,25.38,3.57,08:18,15:16
1781,13,10,2023-12-12,East Side Delivery,170,14.4,56.52,3.92,07:54,14:09
1782,31,1,2024-11-25,Downtown Loop,190,16.1,61.61,3.83,09:37,15:44
1783,12,10,2024-01-24,Waterfront,169,14.2,52.34,3.69,08:34,14:53
1784,21,1,2024-07-29,East Side Delivery,179,7.9,30.9,3.91,09:34,14:41
1785,38,4,2024-02-20,Downtown Loop,152,12.2,44.81,3.67,06:46,14:11
1786,42,12,2024-03-05,University Area,133,7.5,42.08,5.61,06:40,18:44
1787,29,1,2024-01-05,Suburban South,165,7.0,26.27,3.75,07:45,18:24
1788,41,12,2024-09-27,Airport Route,173,9.9,36.35,3.67,08:36,14:31
1789,12,14,2024-07-25,Waterfront,209,17.6,74.18,4.21,09:55,14:59
1790,29,12,2023-07-03,Airport Route,163,6.9,27.31,3.96,09:02,18:27
1791,14,14,2024-09-05,Downtown Loop,137,11.2,41.66,3.72,08:52,16:40
1792,37,1,2023-10-08,East Side Delivery,150,12.2,50.09,4.11,06:05,16:28
1793,36,12,2023-11-24,Waterfront,136,12.0,46.65,3.89,09:46,14:36
1794,16,15,2024-11-13,University Area,148,8.4,30.68,3.65,08:31,16:49
1795,21,6,2024-08-26,Suburban South,172,7.6,29.27,3.85,06:19,15:12
1796,42,12,2024-01-18,Highway Express,84,4.8,19.24,4.01,07:24,16:22
1797,47,13,2024-06-03,East Side Delivery,205,9.4,37.59,4.0,09:53,18:44
1798,43,8,2024-01-17,Airport Route,170,9.2,37.25,4.05,09:51,15:56
1799,40,4,2024-04-24,Downtown Loop,154,8.7,33.47,3.85,09:47,14:02
1800,27,8,2023-07-27,Highway Express,106,4.9,19.51,3.98,08:45,15:53
1801,7,5,2024-09-17,Airport Route,154,6.6,26.85,4.07,06:09,15:35
1802,47,13,2024-04-24,Downtown Loop,152,6.9,26.68,3.87,09:22,18:57
1803,20,7,2023-08-25,East Side Delivery,137,7.4,26.78,3.62,07:13,17:53
1804,2,7,2024-09-19,Suburban South,92,4.0,16.33,4.08,09:20,18:11
1805,48,13,2024-08-06,Airport Route,166,8.1,34.32,4.24,08:26,17:44
1806,41,12,2024-12-23,Airport Route,151,8.7,31.38,3.61,09:20,17:23
1807,44,6,2024-03-08,Airport Route,133,7.4,38.59,5.21,07:35,16:08
1808,23,8,2024-06-13,Waterfront,147,6.6,23.68,3.59,09:45,17:12
1809,38,6,2024-04-22,Highway Express,232,18.7,70.43,3.77,06:22,17:22
1810,31,6,2024-05-16,Highway Express,182,15.4,64.87,4.21,07:04,16:59
1811,50,13,2023-11-20,University Area,148,7.0,27.02,3.86,06:45,16:12
1812,29,4,2023-07-25,Industrial Park Route,148,6.3,22.65,3.6,07:15,16:06
1813,42,12,2024-12-01,Mall District,225,12.7,50.35,3.96,08:13,17:56
1814,19,3,2023-07-27,Industrial Park Route,120,7.0,25.83,3.69,09:28,17:15
1815,13,5,2024-10-29,Downtown Loop,214,18.2,72.57,3.99,06:33,15:17
1816,30,2,2023-08-29,East Side Delivery,123,5.3,20.02,3.78,08:40,15:30
1817,33,1,2023-09-18,Suburban South,123,9.9,34.32,3.47,09:55,16:36
1818,52,11,2024-01-11,Highway Express,124,10.0,38.57,3.86,06:31,15:23
1819,15,3,2024-03-08,Mall District,140,11.4,61.19,5.37,06:27,14:19
1820,3,15,2024-12-30,East Side Delivery,193,9.4,36.66,3.9,06:20,16:36
1821,47,11,2023-12-25,Mall District,164,7.5,29.31,3.91,08:13,16:33
1822,12,7,2024-05-21,University Area,155,13.0,50.53,3.89,07:19,18:52
1823,41,9,2024-04-03,Suburban South,142,8.2,46.43,5.66,06:33,18:19
1824,5,14,2023-07-30,Airport Route,94,4.5,17.89,3.98,07:34,17:22
1825,35,1,2024-04-02,Industrial Park Route,192,16.2,84.71,5.23,07:45,16:12
1826,23,6,2024-12-10,Mall District,200,9.0,37.05,4.12,06:42,15:47
1827,33,2,2023-12-26,Downtown Loop,80,6.4,25.3,3.95,06:55,17:43
1828,30,4,2023-09-25,Downtown Loop,137,5.9,21.15,3.58,08:35,16:16
1829,11,3,2024-12-25,Highway Express,137,11.8,45.38,3.85,09:12,15:00
1830,7,3,2024-08-25,Industrial Park Route,176,7.6,33.14,4.36,08:36,15:15
1831,21,6,2024-02-01,University Area,157,6.9,25.2,3.65,07:08,18:27
1832,43,2,2024-05-30,Waterfront,131,7.1,25.31,3.57,07:11,17:58
1833,5,14,2024-06-19,Suburban North,200,9.5,37.21,3.92,07:47,16:11
1834,41,9,2024-02-21,East Side Delivery,177,10.2,38.6,3.78,08:06,15:19
1835,42,1,2024-07-29,University Area,95,5.4,20.96,3.88,07:42,18:26
1836,18,3,2024-12-24,University Area,105,5.5,19.59,3.56,06:30,14:10
1837,12,15,2023-12-27,Airport Route,159,13.4,51.61,3.85,07:00,18:41
1838,25,4,2024-08-23,East Side Delivery,158,7.2,28.28,3.93,09:56,15:34
1839,7,7,2023-08-01,Waterfront,141,6.1,23.13,3.79,06:32,14:26
1840,10,14,2024-11-04,University Area,134,11.2,47.64,4.25,08:17,18:02
1841,8,15,2024-07-27,Downtown Loop,137,6.5,24.77,3.81,08:47,17:13
1842,29,1,2023-08-08,Waterfront,201,8.5,33.11,3.9,09:19,17:10
1843,45,13,2024-04-10,Suburban North,135,6.0,34.2,5.7,08:55,15:24
1844,3,15,2024-02-27,Mall District,129,6.3,25.65,4.07,07:06,18:39
1845,1,10,2024-11-22,East Side Delivery,243,11.7,44.82,3.83,07:29,14:08
1846,17,3,2023-09-19,Suburban North,140,8.1,28.61,3.53,06:44,15:24
1847,17,3,2023-11-14,University Area,159,9.2,34.66,3.77,07:38,17:33
1848,16,14,2024-10-11,Highway Express,152,8.6,33.57,3.9,09:09,17:02
1849,20,7,2024-03-22,Industrial Park Route,138,7.4,39.01,5.27,06:40,18:51
1850,29,2,2024-02-08,Downtown Loop,128,5.4,19.73,3.65,07:59,18:41
1851,42,4,2024-01-30,Mall District,212,12.0,48.0,4.0,08:03,16:13
1852,1,14,2024-03-18,Mall District,149,7.1,41.34,5.82,06:30,17:55
1853,10,14,2024-05-27,Downtown Loop,171,14.3,56.24,3.93,07:40,17:14
1854,57,11,2024-11-29,Airport Route,131,7.8,34.5,4.42,06:30,18:49
1855,50,11,2023-11-28,Mall District,135,6.4,23.63,3.69,07:31,17:25
1856,5,15,2024-04-13,Airport Route,159,7.5,29.38,3.92,07:54,17:42
1857,1,14,2024-10-08,Suburban South,144,6.9,27.61,4.0,08:28,17:27
1858,12,7,2024-02-02,Airport Route,99,8.3,32.12,3.87,08:10,15:02
1859,54,11,2023-09-17,Suburban South,144,12.2,48.9,4.01,08:20,18:41
1860,39,9,2024-10-28,Downtown Loop,112,6.2,22.14,3.57,08:16,17:37
1861,12,5,2023-09-18,Mall District,157,13.2,48.82,3.7,08:20,15:41
1862,42,6,2023-08-18,Suburban North,151,8.6,33.62,3.91,07:45,16:59
1863,3,7,2024-11-21,Suburban North,144,7.0,27.46,3.92,08:27,18:52
1864,19,3,2024-12-26,Waterfront,168,9.7,39.01,4.02,07:54,18:29
1865,11,3,2023-12-19,Highway Express,128,11.0,44.33,4.03,06:50,17:31
1866,30,6,2024-03-13,Downtown Loop,141,6.1,29.41,4.82,06:51,15:59
1867,9,10,2024-09-13,Suburban North,107,9.4,36.08,3.84,07:38,15:41
1868,18,5,2023-09-23,Highway Express,98,5.2,20.13,3.87,08:43,14:37
1869,26,12,2024-10-15,East Side Delivery,31,1.4,5.41,3.86,08:48,16:25
1870,9,10,2024-12-01,East Side Delivery,104,9.1,37.2,4.09,09:30,14:27
1871,36,4,2024-08-30,Suburban North,127,11.2,41.84,3.74,06:14,18:55
1872,58,11,2023-12-14,Downtown Loop,168,9.6,38.47,4.01,09:37,17:59
1873,53,11,2023-11-03,East Side Delivery,214,18.0,67.97,3.78,08:14,15:53
1874,12,7,2024-08-17,Downtown Loop,179,15.0,56.59,3.77,06:04,16:52
1875,46,13,2023-12-13,Suburban North,127,5.8,21.79,3.76,06:46,18:19
1876,33,6,2023-12-20,Suburban South,188,15.1,55.79,3.69,08:45,16:45
1877,21,4,2024-05-21,Mall District,151,6.7,26.54,3.96,07:04,14:22
1878,13,10,2023-07-03,Suburban South,164,13.9,57.07,4.11,08:40,14:47
1879,38,4,2023-12-29,Suburban South,119,9.6,33.67,3.51,08:31,18:12
1880,38,8,2024-12-05,Mall District,158,12.7,49.92,3.93,08:54,18:56
1881,37,12,2023-07-24,East Side Delivery,155,12.6,48.62,3.86,09:38,16:10
1882,18,15,2024-11-16,Highway Express,144,7.6,28.06,3.69,09:01,18:39
1883,52,11,2023-11-01,East Side Delivery,173,13.9,53.85,3.87,06:51,14:06
1884,57,13,2023-09-07,Airport Route,147,8.8,29.89,3.4,09:01,18:32
1885,25,9,2024-10-30,Waterfront,144,6.5,24.39,3.75,09:13,14:28
1886,10,7,2024-09-24,University Area,104,8.7,34.84,4.0,09:26,16:16
1887,49,13,2024-02-29,University Area,105,5.0,18.63,3.73,09:52,14:13
1888,24,4,2024-12-06,Airport Route,146,6.6,26.58,4.03,09:21,18:07
1889,17,5,2024-01-05,Industrial Park Route,202,11.7,47.2,4.03,06:43,16:12
1890,13,14,2024-07-22,Downtown Loop,210,17.8,70.72,3.97,07:39,15:34
1891,57,11,2024-08-19,Highway Express,202,12.1,47.61,3.93,09:05,17:48
1892,50,11,2024-05-16,Waterfront,132,6.3,22.36,3.55,09:29,14:58
1893,48,13,2024-11-08,University Area,201,9.8,37.26,3.8,07:23,18:13
1894,13,15,2024-05-14,Airport Route,124,10.5,38.35,3.65,07:53,14:34
1895,56,13,2023-07-26,Suburban North,128,7.0,27.07,3.87,08:55,15:28
1896,30,6,2024-03-21,Airport Route,144,6.2,32.72,5.28,07:06,15:12
1897,24,12,2024-12-16,Mall District,193,8.7,31.88,3.66,07:39,14:09
1898,42,6,2023-08-10,Downtown Loop,153,8.7,34.43,3.96,09:10,16:33
1899,40,4,2024-01-23,Suburban North,199,11.2,45.25,4.04,07:12,18:17
1900,33,1,2023-10-02,Downtown Loop,164,13.1,48.15,3.68,07:45,16:50
1901,12,14,2023-10-28,Suburban South,171,14.4,55.51,3.85,09:37,16:30
1902,55,13,2024-03-14,Highway Express,138,12.6,64.72,5.14,08:36,16:15
1903,16,7,2024-04-04,Suburban South,76,4.3,24.71,5.75,08:21,16:11
1904,25,9,2023-07-26,Suburban South,202,9.2,38.84,4.22,06:40,17:54
1905,37,1,2024-12-02,Suburban North,65,5.3,20.8,3.93,08:25,14:58
1906,17,3,2024-01-08,Highway Express,123,7.1,28.46,4.01,06:36,15:45
1907,37,1,2024-02-05,Suburban South,121,9.8,39.51,4.03,07:30,17:46
1908,22,12,2024-09-12,University Area,217,9.8,35.33,3.61,09:25,16:38
1909,56,13,2024-02-01,Airport Route,198,10.9,40.17,3.69,06:55,17:34
1910,24,12,2024-06-11,Suburban North,111,5.0,18.89,3.78,09:55,14:57
1911,44,8,2023-09-08,East Side Delivery,172,9.5,37.27,3.92,09:49,16:22
1912,30,12,2023-11-29,Airport Route,177,7.7,29.93,3.89,09:19,16:18
1913,43,8,2024-11-27,Airport Route,159,8.6,32.44,3.77,07:08,17:42
1914,56,13,2024-09-05,Highway Express,72,4.0,16.13,4.03,08:00,17:47
1915,31,1,2024-07-31,Highway Express,102,8.6,32.64,3.8,08:19,17:16
1916,25,8,2024-03-26,Waterfront,156,7.1,39.04,5.5,06:11,18:25
1917,8,10,2023-10-19,Airport Route,52,2.5,9.95,3.98,06:16,14:28
1918,12,3,2023-10-02,Airport Route,106,8.9,35.59,4.0,06:57,16:19
1919,33,1,2024-06-24,Airport Route,112,9.0,36.28,4.03,06:04,16:41
1920,25,4,2023-10-20,Waterfront,141,6.4,23.81,3.72,07:08,15:36
1921,18,3,2024-12-26,Industrial Park Route,197,10.4,40.87,3.93,09:13,16:34
1922,57,13,2024-07-01,Suburban South,119,7.1,26.95,3.8,06:07,14:27
1923,44,1,2024-06-16,Industrial Park Route,153,8.5,34.83,4.1,09:34,15:56
1924,17,14,2023-10-18,Mall District,146,8.5,32.69,3.85,09:46,18:32
1925,39,4,2024-02-28,Suburban South,104,5.7,19.98,3.51,07:09,18:20
1926,28,2,2023-11-17,Highway Express,167,7.8,28.99,3.72,08:48,15:01
1927,51,13,2024-04-12,Mall District,163,12.8,68.18,5.33,06:13,14:41
1928,47,13,2023-07-14,East Side Delivery,100,4.6,19.37,4.21,06:08,17:22
1929,55,11,2023-12-23,Suburban North,93,8.5,33.55,3.95,09:59,17:18
1930,55,11,2023-09-18,Suburban South,119,10.9,42.31,3.88,09:10,14:12
1931,48,11,2024-05-14,East Side Delivery,229,11.2,40.93,3.65,07:09,15:15
1932,11,3,2024-11-12,Mall District,114,9.8,36.18,3.69,06:05,17:07
1933,53,11,2023-11-06,University Area,146,12.3,44.05,3.58,07:33,16:48
1934,48,13,2024-02-20,Mall District,198,9.7,38.85,4.0,06:37,15:17
1935,33,6,2024-05-26,Suburban North,144,11.5,43.11,3.75,08:16,16:46
1936,1,5,2024-01-05,Highway Express,141,6.8,27.45,4.04,07:44,17:35
1937,30,12,2024-04-05,Mall District,123,5.3,29.3,5.53,09:46,17:46
1938,16,5,2023-07-19,University Area,135,7.7,27.09,3.52,09:00,18:11
1939,1,3,2024-06-11,Suburban North,173,8.3,30.91,3.72,08:10,17:31
1940,32,8,2023-08-26,Suburban North,218,17.6,64.72,3.68,09:32,18:49
1941,33,9,2023-12-08,Highway Express,141,11.3,43.1,3.81,06:52,15:32
1942,50,13,2024-08-26,Suburban North,139,6.6,25.26,3.83,08:03,17:38
1943,26,12,2024-06-25,Suburban South,163,7.2,27.85,3.87,08:28,15:44
1944,9,3,2024-04-09,Waterfront,157,13.7,73.72,5.38,07:26,18:38
1945,44,6,2023-12-06,East Side Delivery,32,1.8,6.82,3.79,08:30,18:43
1946,30,2,2023-10-31,Mall District,127,5.5,20.42,3.71,07:30,14:44
1947,41,8,2024-06-04,East Side Delivery,194,11.1,42.97,3.87,06:14,14:13
1948,33,2,2023-10-10,Mall District,152,12.2,44.05,3.61,06:09,14:36
1949,52,11,2024-06-26,Suburban North,139,11.2,43.66,3.9,07:10,16:54
1950,7,14,2023-10-16,Downtown Loop,166,7.1,29.58,4.17,07:23,18:47
1951,7,7,2024-03-21,University Area,168,7.2,43.57,6.05,08:55,14:50
1952,19,7,2023-07-25,Suburban North,137,7.9,31.75,4.02,09:42,16:49
1953,17,5,2023-10-14,University Area,189,10.9,41.58,3.81,06:35,14:47
1954,21,1,2024-02-10,Airport Route,172,7.6,30.47,4.01,09:08,14:53
1955,2,5,2024-04-30,Mall District,121,5.3,19.56,3.69,09:55,17:09
1956,54,13,2023-09-05,Industrial Park Route,227,19.2,67.43,3.51,07:05,18:38
1957,4,15,2024-05-09,Downtown Loop,184,8.5,31.48,3.7,07:34,15:28
1958,21,4,2024-08-11,Highway Express,114,5.0,17.29,3.46,09:15,17:03
1959,13,10,2024-03-01,Suburban North,179,15.2,79.22,5.21,08:26,15:46
1960,13,5,2024-04-09,East Side Delivery,121,10.3,55.37,5.38,07:32,15:49
1961,13,15,2024-04-19,Industrial Park Route,172,14.6,58.19,3.99,07:49,18:44
1962,8,3,2024-10-07,Suburban North,209,9.9,37.57,3.79,09:52,16:39
1963,52,13,2024-08-05,Suburban South,239,19.2,70.03,3.65,06:42,14:19
1964,6,14,2024-02-02,Waterfront,254,11.1,43.77,3.94,06:52,17:49
1965,7,14,2024-03-31,Industrial Park Route,191,8.2,41.57,5.07,06:59,15:19
1966,8,15,2024-07-15,Industrial Park Route,166,7.9,32.46,4.11,08:44,16:40
1967,12,5,2023-09-25,Waterfront,150,12.6,48.25,3.83,06:21,16:50
1968,32,2,2024-07-03,Suburban South,119,9.6,36.33,3.78,07:28,18:25
1969,34,6,2024-10-03,Mall District,146,12.5,48.73,3.9,09:27,18:36
1970,58,11,2024-10-29,Suburban North,253,14.4,53.48,3.71,09:41,16:26
1971,23,4,2024-06-14,Suburban North,138,6.2,22.8,3.68,09:36,16:06
1972,7,10,2024-04-21,Suburban South,104,4.5,18.87,4.19,09:20,16:00
1973,21,9,2023-12-12,Industrial Park Route,148,6.5,25.0,3.85,09:41,18:55
1974,37,9,2024-09-30,Downtown Loop,81,6.6,26.84,4.07,08:28,15:06
1975,42,4,2024-10-24,East Side Delivery,135,7.6,26.88,3.54,06:36,17:58
1976,5,5,2024-01-07,Waterfront,145,6.9,26.71,3.87,08:16,16:14
1977,2,5,2024-09-12,Mall District,141,6.1,23.09,3.78,07:18,18:56
1978,35,6,2023-11-20,East Side Delivery,178,15.0,57.89,3.86,06:46,17:49
1979,4,5,2023-09-15,University Area,129,6.0,23.5,3.92,08:33,18:14
1980,1,14,2023-11-02,Waterfront,196,9.4,35.81,3.81,09:43,18:59
1981,26,4,2024-11-21,Highway Express,126,5.6,21.56,3.85,06:29,14:43
1982,21,9,2024-03-02,Waterfront,135,6.0,29.64,4.94,07:41,18:29
1983,27,6,2024-08-21,University Area,131,6.1,24.06,3.94,06:12,15:58
1984,44,2,2023-07-20,Downtown Loop,132,7.3,25.85,3.54,08:30,17:25
1985,28,4,2024-10-14,University Area,123,5.8,21.38,3.69,06:20,14:59
1986,30,1,2023-07-29,Mall District,111,4.8,19.2,4.0,08:22,16:53
1987,43,2,2024-06-10,Industrial Park Route,165,8.9,33.1,3.72,07:49,18:59
1988,50,13,2023-10-17,Industrial Park Route,145,6.9,24.66,3.57,08:30,17:27
1989,8,7,2024-09-11,Industrial Park Route,139,6.6,26.14,3.96,06:02,14:22
1990,8,5,2023-10-23,Suburban South,177,8.4,32.25,3.84,08:51,14:41
1991,50,11,2024-08-15,Highway Express,141,6.7,26.45,3.95,09:42,16:27
1992,10,14,2023-11-14,Highway Express,142,11.9,47.63,4.0,07:17,18:24
1993,28,4,2024-09-20,Highway Express,191,9.0,35.56,3.95,09:03,14:41
1994,9,3,2023-09-11,Suburban North,148,13.0,48.07,3.7,08:18,14:28
1995,14,14,2024-07-17,East Side Delivery,123,10.1,42.73,4.23,06:28,16:07
1996,7,3,2023-07-24,Mall District,225,9.7,40.37,4.16,09:57,17:27
1997,54,11,2023-09-26,Industrial Park Route,201,17.0,71.0,4.18,06:16,17:11
1998,6,10,2024-08-20,Downtown Loop,152,6.7,26.42,3.94,06:58,17:10
1999,21,8,2023-07-17,Suburban South,150,6.6,27.28,4.13,07:50,16:00
2000,31,6,2024-02-10,Waterfront,146,12.4,46.73,3.77,07:56,15:33
